date,year,month,dow,weekend,feriado,nonworking_general,religious_only_day,holiday_any,long_weekend_day,days_from_policy,post,n_trips,n_users,n_trips_female,n_trips_male,n_trips_other,n_trips_gender_missing,n_trips_night,n_trips_2006,n_short_same_station,n_stations_departure,share_gt30min,n_stations_any,n_new_users,total_minutes,mean_dur_min,median_dur_min,trips_per_active_station,prcp_mm,prcp_source,tmax_c,tmax_source,tmin_c,tavg_c,prcp_missing,rain_day,heavy_rain_day,temp_missing,subte_pax,subte_records,subte_date_certain,mob_retail_rec,mob_grocery,mob_parks,mob_transit,mob_workplaces,mob_residential,log_trips,log_minutes,log_users,log1p_trips,female_share,log_female,log_male,log_subte,data_available,prelaunch_2019,system_suspended_covid,low_count_day
2019-01-01,2019,1,2,0,1,0,0,1,0,-802,0,,,,,,,,,,,,,,,,,,0,,31,tmax_gsod_aero,23.4,26.6,1,0,0,0,,,0,,,,,,,,,,,,,,,0,1,0,0
2019-01-02,2019,1,3,0,0,0,0,0,0,-801,0,,,,,,,,,,,,,,,,,,2,prcp_obs,32.7,tmax_obs,24.72222222222223,27.4,0,1,0,0,,,0,,,,,,,,,,,,,,,0,1,0,0
2019-01-03,2019,1,4,0,0,0,0,0,0,-800,0,,,,,,,,,,,,,,,,,,8.9,prcp_obs,32.1,tmax_obs,17,22.1,0,1,0,0,,,0,,,,,,,,,,,,,,,0,1,0,0
2019-01-04,2019,1,5,0,0,0,0,0,0,-799,0,,,,,,,,,,,,,,,,,,0,prcp_obs,27.22222222222223,tmax_gsod_aero,17.8,23.1,0,0,0,0,,,0,,,,,,,,,,,,,,,0,1,0,0
2019-01-05,2019,1,6,1,0,0,0,0,0,-798,0,,,,,,,,,,,,,,,,,,0,prcp_gsod_aero,29,tmax_gsod_aero,21.2,25.9,0,0,0,0,,,0,,,,,,,,,,,,,,,0,1,0,0
2019-01-06,2019,1,7,1,0,0,0,0,0,-797,0,,,,,,,,,,,,,,,,,,1,prcp_obs,30.1,tmax_obs,22.2,25.4,0,1,0,0,,,0,,,,,,,,,,,,,,,0,1,0,0
2019-01-07,2019,1,1,0,0,0,0,0,0,-796,0,,,,,,,,,,,,,,,,,,4.1,prcp_obs,28.2,tmax_obs,20.8,24.3,0,1,0,0,,,0,,,,,,,,,,,,,,,0,1,0,0
2019-01-08,2019,1,2,0,0,0,0,0,0,-795,0,,,,,,,,,,,,,,,,,,0,prcp_obs,31,tmax_gsod_aero,22.1,26.8,0,0,0,0,,,0,,,,,,,,,,,,,,,0,1,0,0
2019-01-09,2019,1,3,0,0,0,0,0,0,-794,0,,,,,,,,,,,,,,,,,,0,prcp_obs,31,tmax_obs,21.5,27.5,0,0,0,0,,,0,,,,,,,,,,,,,,,0,1,0,0
2019-01-10,2019,1,4,0,0,0,0,0,0,-793,0,,,,,,,,,,,,,,,,,,0,prcp_obs,29.9,tmax_obs,19.6,22.2,0,0,0,0,,,0,,,,,,,,,,,,,,,0,1,0,0
2019-01-11,2019,1,5,0,0,0,0,0,0,-792,0,,,,,,,,,,,,,,,,,,.5,prcp_obs,24,tmax_aero,12.5,19.4,0,0,0,0,,,0,,,,,,,,,,,,,,,0,1,0,0
2019-01-12,2019,1,6,1,0,0,0,0,0,-791,0,,,,,,,,,,,,,,,,,,0,prcp_obs,26.5,tmax_gsod_aero,20.2,23.9,0,0,0,0,,,0,,,,,,,,,,,,,,,0,1,0,0
2019-01-13,2019,1,7,1,0,0,0,0,0,-790,0,,,,,,,,,,,,,,,,,,0,prcp_obs,28.3,tmax_obs,22.9,24.2,0,0,0,0,,,0,,,,,,,,,,,,,,,0,1,0,0
2019-01-14,2019,1,1,0,0,0,0,0,0,-789,0,,,,,,,,,,,,,,,,,,4.1,prcp_obs,27,tmax_gsod_aero,20.3,24.2,0,1,0,0,,,0,,,,,,,,,,,,,,,0,1,0,0
2019-01-15,2019,1,2,0,0,0,0,0,0,-788,0,,,,,,,,,,,,,,,,,,5.1,prcp_obs,27.8,tmax_obs,20,22.9,0,1,0,0,,,0,,,,,,,,,,,,,,,0,1,0,0
2019-01-16,2019,1,3,0,0,0,0,0,0,-787,0,,,,,,,,,,,,,,,,,,39.1,prcp_obs,27,tmax_gsod_aero,18.9,23.2,0,1,1,0,,,0,,,,,,,,,,,,,,,0,1,0,0
2019-01-17,2019,1,4,0,0,0,0,0,0,-786,0,,,,,,,,,,,,,,,,,,0,prcp_obs,29.6,tmax_obs,18.2,22.6,0,0,0,0,,,0,,,,,,,,,,,,,,,0,1,0,0
2019-01-18,2019,1,5,0,0,0,0,0,0,-785,0,,,,,,,,,,,,,,,,,,4.1,prcp_obs,24.1,tmax_obs,13.7,18.7,0,1,0,0,,,0,,,,,,,,,,,,,,,0,1,0,0
2019-01-19,2019,1,6,1,0,0,0,0,0,-784,0,,,,,,,,,,,,,,,,,,.5,prcp_obs,24,tmax_gsod_aero,14.6,20.8,0,0,0,0,,,0,,,,,,,,,,,,,,,0,1,0,0
2019-01-20,2019,1,7,1,0,0,0,0,0,-783,0,,,,,,,,,,,,,,,,,,0,prcp_obs,25,tmax_gsod_aero,19.4,22.7,0,0,0,0,,,0,,,,,,,,,,,,,,,0,1,0,0
2019-01-21,2019,1,1,0,0,0,0,0,0,-782,0,,,,,,,,,,,,,,,,,,0,prcp_gsod_aero,28.22222222222222,tmax_gsod_aero,20.6,25.4,0,0,0,0,,,0,,,,,,,,,,,,,,,0,1,0,0
2019-01-22,2019,1,2,0,0,0,0,0,0,-781,0,,,,,,,,,,,,,,,,,,0,prcp_gsod_aero,31,tmax_gsod_aero,23.6,28.4,0,0,0,0,,,0,,,,,,,,,,,,,,,0,1,0,0
2019-01-23,2019,1,3,0,0,0,0,0,0,-780,0,,,,,,,,,,,,,,,,,,0,prcp_gsod_aero,33.4,tmax_obs,23,27.4,0,0,0,0,,,0,,,,,,,,,,,,,,,0,1,0,0
2019-01-24,2019,1,4,0,0,0,0,0,0,-779,0,,,,,,,,,,,,,,,,,,0,prcp_gsod_aero,29,tmax_gsod_aero,23.2,26.2,0,0,0,0,,,0,,,,,,,,,,,,,,,0,1,0,0
2019-01-25,2019,1,5,0,0,0,0,0,0,-778,0,,,,,,,,,,,,,,,,,,0,prcp_obs,31,tmax_obs,22.5,24.3,0,0,0,0,,,0,,,,,,,,,,,,,,,0,1,0,0
2019-01-26,2019,1,6,1,0,0,0,0,0,-777,0,,,,,,,,,,,,,,,,,,26.9,prcp_obs,29,tmax_gsod_aero,22,26.5,0,1,1,0,,,0,,,,,,,,,,,,,,,0,1,0,0
2019-01-27,2019,1,7,1,0,0,0,0,0,-776,0,,,,,,,,,,,,,,,,,,0,prcp_obs,32.5,tmax_obs,24.8,27.8,0,0,0,0,,,0,,,,,,,,,,,,,,,0,1,0,0
2019-01-28,2019,1,1,0,0,0,0,0,0,-775,0,,,,,,,,,,,,,,,,,,0,prcp_gsod_aero,34,tmax_gsod_aero,26.6,30.3,0,0,0,0,,,0,,,,,,,,,,,,,,,0,1,0,0
2019-01-29,2019,1,2,0,0,0,0,0,0,-774,0,,,,,,,,,,,,,,,,,,0,prcp_gsod_aero,34.5,tmax_aero,26.8,31.9,0,0,0,0,,,0,,,,,,,,,,,,,,,0,1,0,0
2019-01-30,2019,1,3,0,0,0,0,0,0,-773,0,,,,,,,,,,,,,,,,,,39.1,prcp_obs,37.1,tmax_obs,23.2,26.9,0,1,1,0,,,0,,,,,,,,,,,,,,,0,1,0,0
2019-01-31,2019,1,4,0,0,0,0,0,0,-772,0,,,,,,,,,,,,,,,,,,0,prcp_obs,31.4,tmax_obs,18.2,25.3,0,0,0,0,,,0,,,,,,,,,,,,,,,0,1,0,0
2019-02-01,2019,2,5,0,0,0,0,0,0,-771,0,,,,,,,,,,,,,,,,,,0,prcp_gsod_aero,32,tmax_gsod_aero,22.2,28.3,0,0,0,0,,,0,,,,,,,,,,,,,,,0,1,0,0
2019-02-02,2019,2,6,1,0,0,0,0,0,-770,0,,,,,,,,,,,,,,,,,,0,prcp_gsod_aero,32.2,tmax_obs,20.8,25.3,0,0,0,0,,,0,,,,,,,,,,,,,,,0,1,0,0
2019-02-03,2019,2,7,1,0,0,0,0,0,-769,0,,,,,,,,,,,,,,,,,,0,prcp_gsod_aero,26.6,tmax_obs,14.3,20.1,0,0,0,0,,,0,,,,,,,,,,,,,,,0,1,0,0
2019-02-04,2019,2,1,0,0,0,0,0,0,-768,0,,,,,,,,,,,,,,,,,,0,prcp_gsod_aero,24.2,tmax_aero,18.2,21.9,0,0,0,0,,,0,,,,,,,,,,,,,,,0,1,0,0
2019-02-05,2019,2,2,0,0,0,0,0,0,-767,0,,,,,,,,,,,,,,,,,,0,prcp_gsod_aero,25.27777777777778,tmax_gsod_aero,17.9,23.4,0,0,0,0,,,0,,,,,,,,,,,,,,,0,1,0,0
2019-02-06,2019,2,3,0,0,0,0,0,0,-766,0,,,,,,,,,,,,,,,,,,0,prcp_gsod_aero,27.11111111111111,tmax_gsod_aero,19.2,25.1,0,0,0,0,,,0,,,,,,,,,,,,,,,0,1,0,0
2019-02-07,2019,2,4,0,0,0,0,0,0,-765,0,,,,,,,,,,,,,,,,,,0,prcp_gsod_aero,29.22222222222222,tmax_gsod_aero,22.1,26.7,0,0,0,0,,,0,,,,,,,,,,,,,,,0,1,0,0
2019-02-08,2019,2,5,0,0,0,0,0,0,-764,0,,,,,,,,,,,,,,,,,,0,prcp_gsod_aero,30.22222222222223,tmax_gsod_aero,23.5,28.3,0,0,0,0,,,0,,,,,,,,,,,,,,,0,1,0,0
2019-02-09,2019,2,6,1,0,0,0,0,0,-763,0,1,1,0,1,0,0,0,0,0,1,1,1,1,14557.13333333333,14557.13333333333,14557.13333333333,1,0,prcp_gsod_aero,34.5,tmax_gsod_aero,24,28.6,0,0,0,0,,,0,,,,,,,0,9.585836415919109,0,.6931471805599453,0,,0,,1,1,0,1
2019-02-10,2019,2,7,1,0,0,0,0,0,-762,0,,,,,,,,,,,,,,,,,,0,prcp_gsod_aero,35.5,tmax_obs,21.8,28.4,0,0,0,0,,,0,,,,,,,,,,,,,,,0,1,0,0
2019-02-11,2019,2,1,0,0,0,0,0,0,-761,0,,,,,,,,,,,,,,,,,,12.954,prcp_gsod_obs,35.3,tmax_obs,19.5,25.1,0,1,1,0,,,0,,,,,,,,,,,,,,,0,1,0,0
2019-02-12,2019,2,2,0,0,0,0,0,0,-760,0,,,,,,,,,,,,,,,,,,0,prcp_gsod_aero,25.5,tmax_obs,12.2,18.1,0,0,0,0,,,0,,,,,,,,,,,,,,,0,1,0,0
2019-02-13,2019,2,3,0,0,0,0,0,0,-759,0,,,,,,,,,,,,,,,,,,0,prcp_gsod_obs,22.8,tmax_aero,15.6,20.1,0,0,0,0,,,0,,,,,,,,,,,,,,,0,1,0,0
2019-02-14,2019,2,4,0,0,0,0,0,0,-758,0,,,,,,,,,,,,,,,,,,9.906000000000001,prcp_gsod_aero,24.1,tmax_obs,16.6,20.5,0,1,0,0,,,0,,,,,,,,,,,,,,,0,1,0,0
2019-02-15,2019,2,5,0,0,0,0,0,0,-757,0,,,,,,,,,,,,,,,,,,0,prcp_gsod_aero,26,tmax_gsod_aero,15.2,21.3,0,0,0,0,,,0,,,,,,,,,,,,,,,0,1,0,0
2019-02-16,2019,2,6,1,0,0,0,0,0,-756,0,,,,,,,,,,,,,,,,,,0,prcp_gsod_aero,27,tmax_gsod_aero,16.9,23.7,0,0,0,0,,,0,,,,,,,,,,,,,,,0,1,0,0
2019-02-17,2019,2,7,1,0,0,0,0,0,-755,0,1,1,0,1,0,0,0,0,0,1,0,1,1,3.75,3.75,3.75,1,0,prcp_gsod_aero,28.22222222222222,tmax_gsod_aero,22.2,26.2,0,0,0,0,,,0,,,,,,,0,1.32175583998232,0,.6931471805599453,0,,0,,1,1,0,1
2019-02-18,2019,2,1,0,0,0,0,0,0,-754,0,34,10,7,23,4,0,0,0,0,2,.0588235294117647,3,10,289.2666666666667,8.507843137254902,3.75,17,0,prcp_gsod_aero,30,tmax_gsod_aero,23,26.9,0,0,0,0,,,0,,,,,,,3.526360524616162,5.66734898469614,2.302585092994046,3.555348061489414,.2058823529411765,1.945910149055313,3.13549421592915,,1,1,0,1
2019-02-19,2019,2,2,0,0,0,0,0,0,-753,0,4,4,0,4,0,0,0,0,0,1,.25,2,3,47.6,11.9,6.05,4,0,prcp_gsod_aero,34.5,tmax_gsod_aero,23.5,29.5,0,0,0,0,,,0,,,,,,,1.386294361119891,3.862832761237375,1.386294361119891,1.6094379124341,0,,1.386294361119891,,1,1,0,1
2019-02-20,2019,2,3,0,0,0,0,0,0,-752,0,15,12,1,14,0,0,0,0,0,1,.0666666666666667,1,7,162.35,10.82333333333333,8.916666666666666,15,0,prcp_gsod_aero,35.5,tmax_aero,26.6,31.3,0,0,0,0,,,0,,,,,,,2.70805020110221,5.089754498548855,2.484906649788,2.772588722239781,.0666666666666667,0,2.639057329615258,,1,1,0,1
2019-02-21,2019,2,4,0,0,0,0,0,0,-751,0,2,2,0,2,0,0,0,0,0,1,.5,1,1,89.68333333333334,44.84166666666667,44.84166666666667,2,0,prcp_gsod_aero,36.6,tmax_obs,24.5,30.7,0,0,0,0,,,0,,,,,,,.6931471805599453,4.496284947267319,.6931471805599453,1.09861228866811,0,,.6931471805599453,,1,1,0,1
2019-02-22,2019,2,5,0,0,0,0,0,0,-750,0,2,1,0,2,0,0,0,2,0,1,1,2,0,1655.5,827.75,827.75,2,.508,prcp_gsod_obs,34,tmax_obs,26.2,28.8,0,0,0,0,,,0,,,,,,,.6931471805599453,7.411858356987301,0,1.09861228866811,0,,.6931471805599453,,1,1,0,1
2019-02-23,2019,2,6,1,0,0,0,0,0,-749,0,,,,,,,,,,,,,,,,,,22.4,prcp_obs,27.8,tmax_obs,22.5,24.6,0,1,1,0,,,0,,,,,,,,,,,,,,,0,1,0,0
2019-02-24,2019,2,7,1,0,0,0,0,0,-748,0,,,,,,,,,,,,,,,,,,5.08,prcp_gsod_aero,26.7,tmax_obs,17.7,21.8,0,1,0,0,,,0,,,,,,,,,,,,,,,0,1,0,0
2019-02-25,2019,2,1,0,0,0,0,0,0,-747,0,1453,1046,182,1228,43,0,1,321,0,47,.3640743289745355,49,1039,47460.06666666667,32.66350080293645,23.36666666666667,30.91489361702128,0,prcp_gsod_aero,24.5,tmax_obs,13.3,19.1,0,0,0,0,,,0,,,,,,,7.281385663570283,10.76764393468044,6.952728644624869,7.282073658093465,.125258086717137,5.204006687076795,7.113142108707088,,1,0,0,0
2019-02-26,2019,2,2,0,0,0,0,0,0,-746,0,2516,1718,378,2065,73,0,99,572,0,50,.3386327503974563,51,1228,392531.2666666667,156.0140169581346,22.65833333333334,50.32,0,prcp_gsod_aero,23.6,tmax_obs,11,17.8,0,0,0,0,,,0,,,,,,,7.830425617820331,12.88037147332913,7.4489161025442,7.830822995135316,.1502384737678855,5.934894195619588,7.632885505395133,,1,0,0,0
2019-02-27,2019,2,3,0,0,0,0,0,0,-745,0,3346,2337,494,2734,118,0,101,555,0,49,.3299462044231919,50,1389,97160.01666666666,29.03766188483762,22.2,68.28571428571429,0,prcp_gsod_aero,26.72222222222222,tmax_gsod_aero,14.7,19.8,0,0,0,0,,,0,,,,,,,8.11552088154677,11.48411455465445,7.756623334538858,8.115819701211327,.1476389719067544,6.202535517187923,7.913521017283895,,1,0,0,0
2019-02-28,2019,2,4,0,0,0,0,0,0,-744,0,4012,2748,562,3318,132,0,128,789,0,48,.3305084745762712,50,1400,240376.6833333333,59.91442755068129,22.10833333333333,83.58333333333333,.508,prcp_gsod_obs,27.5,tmax_obs,14.3,20.3,0,0,0,0,,,0,,,,,,,8.297045149081827,12.38996248581335,7.91862865334224,8.297294370266917,.1400797607178465,6.331501849893691,8.10711747075039,,1,0,0,0
2019-03-01,2019,3,5,0,0,0,0,0,0,-743,0,4324,3063,609,3388,128,199,231,912,0,50,.3591581868640148,50,1377,137177.8833333333,31.7247648781992,23.23333333333333,86.48,0,prcp_gsod_aero,29.5,tmax_gsod_aero,17.6,24.1,0,0,0,0,,,0,,,,,,,8.371936178759098,11.82903378108541,8.027150106832774,8.372167419365979,.1408418131359852,6.411818267709897,8.127995055771946,,1,0,0,0
2019-03-02,2019,3,6,1,0,0,0,0,1,-742,0,3939,2733,474,2146,136,1183,256,904,0,50,.5432850977405432,50,1533,189728.65,48.16670474739782,32.88333333333333,78.78,0,prcp_gsod_aero,31.3,tmax_obs,16.6,23.3,0,0,0,0,,,0,,,,,,,8.278682162970906,12.15335017245839,7.913155185928068,8.27893600229198,.1203351104341203,6.161207321695077,7.671360923190644,,1,0,0,0
2019-03-03,2019,3,7,1,0,0,0,0,1,-741,0,4071,2934,389,1715,146,1821,341,1174,0,50,.6121346106607714,50,1590,535921.2833333333,131.6436461147957,40.55,81.42,0,prcp_gsod_aero,26.8,tmax_obs,18.6,22.4,0,0,0,0,,,0,,,,,,,8.311643948502979,13.1917425698153,7.984121958702927,8.311889558230359,.0955539179562761,5.963579343618446,7.44716835960004,,1,0,0,0
2019-03-04,2019,3,1,0,1,0,0,1,0,-740,0,3387,2579,335,1971,114,967,255,1092,0,49,.5580159433126661,50,1257,164125.2166666667,48.45740084637339,35.15,69.12244897959184,38.608,prcp_gsod_aero,26.4,tmax_obs,19.7,22.5,0,1,1,0,,,0,,,,,,,8.127699852817772,12.00838493173624,7.855157005881345,8.127995055771946,.0989075878358429,5.814130531825066,7.58629630715272,,1,0,0,0
2019-03-05,2019,3,2,0,1,0,0,1,0,-739,0,4463,3506,402,2948,135,978,369,1251,0,50,.6179699753529017,50,1656,247795.8333333333,55.52225707670475,40.13333333333333,89.26000000000001,0,prcp_gsod_aero,25.6,tmax_aero,17.4,22.3,0,0,0,0,,,0,,,,,,,8.403576464629269,12.42036043340035,8.16223106548118,8.403800504061147,.090073941295093,5.996452088619021,7.988882253309227,,1,0,0,0
2019-03-06,2019,3,3,0,0,0,0,0,0,-738,0,5348,3826,627,3837,187,697,306,1275,0,50,.3541510845175767,50,1399,177759.0666666667,33.23841934679631,22.825,106.96,0,prcp_gsod_aero,30,tmax_gsod_aero,20,26.1,0,0,0,0,,,0,,,,,,,8.584477938221834,12.08818435433462,8.249575150000199,8.58466490653125,.1172400897531788,6.440946540632921,8.252446090246952,,1,0,0,0
2019-03-07,2019,3,4,0,0,0,0,0,0,-737,0,4160,3108,508,3091,143,418,346,468,0,50,.3122596153846154,50,969,123463.9166666667,29.67882612179487,20.825,83.2,0,,32.7,tmax_obs,20,28.1,1,0,0,0,,,0,,,,,,,8.333270353255308,11.72370421961986,8.041734711487537,8.333510708982942,.1221153846153846,6.230481447578482,8.036249942132116,,1,0,0,0
2019-03-08,2019,3,5,0,0,0,0,0,0,-736,0,6070,4443,695,4539,207,629,241,1164,0,50,.342504118616145,50,1537,197642.75,32.56058484349259,22.38333333333333,121.4,30.988,prcp_gsod_aero,32.5,tmax_obs,16.7,20.3,0,1,1,0,,,0,,,,,,,8.711113884053544,12.1942163870503,8.399085102935908,8.711278615130434,.114497528830313,6.543911845564792,8.420462002456466,,1,0,0,0
2019-03-09,2019,3,6,1,0,0,0,0,0,-735,0,5375,3970,516,3924,233,702,397,1310,0,50,.5261395348837209,50,1633,254219.4166666667,47.29663565891473,32.3,107.5,0,prcp_gsod_aero,23.2,tmax_obs,10.7,17,0,0,0,0,,,0,,,,,,,8.589513852995864,12.44595301824555,8.286521373681236,8.589699882202986,.096,6.246106765481563,8.274866820685254,,1,0,0,0
2019-03-10,2019,3,7,1,0,0,0,0,0,-734,0,5063,3814,438,3812,203,610,536,1484,0,50,.5872012640726841,50,1497,570522.4,112.6846533675686,38.13333333333333,101.26,0,prcp_gsod_aero,22.5,tmax_gsod_aero,13.9,19.7,0,0,0,0,,,0,,,,,,,8.529714471969909,13.25430771131715,8.246433786160365,8.529911963824013,.0865099743235236,6.082218910376446,8.245909264774094,,1,0,0,0
2019-03-11,2019,3,1,0,0,0,0,0,0,-733,0,6934,5077,718,5381,227,608,335,1534,0,50,.3257859821171041,50,1596,193857.3,27.95749927891549,21.35,138.68,0,prcp_gsod_aero,23.22222222222222,tmax_gsod_aero,18,21.1,0,0,0,0,,,0,,,,,,,8.844192126244968,12.17487760037301,8.532475814947395,8.844336332748933,.1035477357946351,6.576469569048224,8.590629509489419,,1,0,0,0
2019-03-12,2019,3,2,0,0,0,0,0,0,-732,0,5058,3894,546,3938,179,395,260,1203,0,50,.3113879003558719,50,1133,445420.45,88.06256425464611,21.225,101.16,24.892,prcp_gsod_aero,24.5,tmax_obs,18.9,20.5,0,1,1,0,,,0,,,,,,,8.528726427229911,13.00677394653676,8.267192185932146,8.528924114291936,.1079478054567023,6.302618975744905,8.278428259199071,,1,0,0,0
2019-03-13,2019,3,3,0,0,0,0,0,0,-731,0,7663,5637,800,6024,301,538,318,1479,0,50,.32389403627822,50,1657,322775.3,42.12127104267258,21.28333333333334,153.26,0,prcp_gsod_aero,24,tmax_gsod_aero,17.61111111111111,19.1,0,0,0,0,,,0,,,,,,,8.944158830970403,12.6847116944825,8.637107288081575,8.944289319650697,.1043977554482579,6.684611727667927,8.703506769479729,,1,0,0,0
2019-03-14,2019,3,4,0,0,0,0,0,0,-730,0,8061,5969,845,6393,289,534,420,1672,0,50,.3119960302691974,51,1660,268776.5333333333,33.34282760616962,21.23333333333333,161.22,0,prcp_gsod_aero,26.61111111111111,tmax_gsod_aero,15.8,20.7,0,0,0,0,,,0,,,,,,,8.994792897283601,12.50163558223282,8.694334688168651,8.994916943677112,.104825704006947,6.739336627357174,8.762958920766726,,1,0,0,0
2019-03-15,2019,3,5,0,0,0,0,0,0,-729,0,7626,5729,828,6045,289,464,522,1799,0,50,.3017309205350118,50,1498,508662.3,66.70106215578285,20.65833333333334,152.52,0,prcp_obs,26.7,tmax_obs,17.2,22,0,0,0,0,,,0,,,,,,,8.939318740417509,13.13953961758685,8.653296274408579,8.939449862164238,.1085759244689221,6.71901315438526,8.706986763048892,,1,0,0,0
2019-03-16,2019,3,6,1,0,0,0,0,0,-728,0,6334,4814,623,5022,235,454,772,1748,0,50,.4878433849068519,51,1596,356397.1833333334,56.26731659825282,29.04166666666667,126.68,0,,25,tmax_gsod_aero,21.6,23.5,1,0,0,0,,,0,,,,,,,8.753687227098585,12.78380107144244,8.479283618343017,8.75384509275524,.0983580675718345,6.434546518787453,8.521583539717531,,1,0,0,0
2019-03-17,2019,3,7,1,0,0,0,0,0,-727,0,5242,4204,493,4192,202,355,645,1799,0,50,.5764975200305227,50,1507,283300.9333333334,54.04443596591632,37.875,104.84,.508,prcp_gsod_aero,26,tmax_gsod_aero,21.5,24.2,0,0,0,0,,,0,,,,,,,8.564458383883352,12.55426498031842,8.343791731996841,8.564649132572534,.094048073254483,6.20050917404269,8.340933226000878,,1,0,0,0
2019-03-18,2019,3,1,0,0,0,0,0,0,-726,0,8143,6072,844,6562,290,447,450,1920,0,50,.3421343485202014,50,1509,527575.2,64.78880019648778,22.06666666666667,162.86,0,prcp_gsod_aero,29.5,tmax_gsod_aero,20,24.7,0,0,0,0,,,0,,,,,,,9.004913941467132,13.17604669341346,8.711443319075466,9.005036738790304,.1036473044332556,6.738152494595957,8.789050713521046,,1,0,0,0
2019-03-19,2019,3,2,0,0,0,0,0,0,-725,0,7799,5828,862,6227,282,428,426,1698,0,50,.2867034235158354,50,1230,204789.3166666667,26.25840706073428,20.31666666666667,155.98,0,prcp_gsod_obs,30.3,tmax_obs,16,18.6,0,0,0,0,,,0,,,,,,,8.961750799330497,12.22973700607332,8.670429167315096,8.961879012677683,.1105269906398256,6.759255270663693,8.736649954872451,,1,0,0,0
2019-03-20,2019,3,3,0,0,0,0,0,0,-724,0,8412,6276,908,6754,282,468,384,1656,0,49,.3146695197337138,50,1333,244086.7666666667,29.01649627516247,21.39166666666667,171.6734693877551,.254,prcp_gsod_aero,21,tmax_gsod_aero,11.8,16.6,0,0,0,0,,,0,,,,,,,9.03741453682259,12.40527904215715,8.744488113852924,9.037533407550814,.1079410366143604,6.811244378601294,8.817890200945513,,1,0,0,0
2019-03-21,2019,3,4,0,0,0,0,0,0,-723,0,8317,6276,877,6735,273,432,416,1749,0,49,.3023926896717566,50,1194,802972,96.54586990501383,21.15,169.734693877551,0,prcp_gsod_aero,21.5,tmax_obs,10.9,15.4,0,0,0,0,,,0,,,,,,,9.026056891868688,13.5960751230806,8.744488113852924,9.026177120302856,.1054466754839485,6.776506992372183,8.815073088844464,,1,0,0,0
2019-03-22,2019,3,5,0,0,0,0,0,0,-722,0,8268,6198,839,6699,337,393,514,1938,0,50,.320270924044509,50,1098,239283.2166666667,28.94088251894856,21.60833333333333,165.36,0,prcp_gsod_aero,22,tmax_gsod_aero,13.8,18.4,0,0,0,0,,,0,,,,,,,9.020147920801659,12.38540313632057,8.731981938347694,9.020268861722167,.1014755684567005,6.732210706467206,8.809713540508268,,1,0,0,0
2019-03-23,2019,3,6,1,0,0,0,0,1,-721,0,6271,4799,537,5133,226,375,883,2076,0,50,.5086907989156434,50,1273,298786.8833333334,47.6458114070058,30.68333333333333,125.42,0,prcp_gsod_aero,24.5,tmax_gsod_aero,13.7,19.4,0,0,0,0,,,0,,,,,,,8.74369111054302,12.60748583346379,8.476162841858246,8.743850562030243,.0856322755541381,6.285998094508865,8.543445562560303,,1,0,0,0
2019-03-24,2019,3,7,1,1,0,0,1,0,-720,0,5446,4360,488,4446,200,312,844,1913,0,50,.5538009548292324,51,1252,499974.1333333334,91.80575345819561,34.89166666666667,108.92,0,prcp_gsod_aero,25.6,tmax_obs,15.9,20.1,0,0,0,0,,,0,,,,,,,8.602636673233706,13.12231164273278,8.380227336343079,8.602820277383675,.0896070510466397,6.190315405853148,8.399760094524142,,1,0,0,0
2019-03-25,2019,3,1,0,0,0,0,0,0,-719,0,8104,6182,839,6551,324,390,375,1707,0,50,.2933119447186575,51,1022,261799.6833333333,32.30499547548536,20.38333333333333,162.08,0,prcp_gsod_aero,23.2,tmax_obs,10.5,16.3,0,0,0,0,,,0,,,,,,,9.000113045928519,12.47533492288247,8.729397122692062,9.000236434169777,.1035291214215202,6.732210706467206,8.787372988731876,,1,0,0,0
2019-03-26,2019,3,2,0,0,0,0,0,0,-718,0,8807,6686,928,7150,344,385,398,1861,0,50,.2911320540479164,51,1095,521001.2833333333,59.15763407895235,20.26666666666667,176.14,0,prcp_gsod_aero,21.9,tmax_obs,12,17.3,0,0,0,0,,,0,,,,,,,9.083302138805459,13.16350778394424,8.807771066980044,9.083415678402515,.1053707278301351,6.833031732786201,8.874867635688053,,1,0,0,0
2019-03-27,2019,3,3,0,0,0,0,0,0,-717,0,8401,6462,868,6851,308,374,413,1891,0,50,.3072253303178193,50,1051,790267.25,94.06823592429473,20.9,168.02,0,prcp_gsod_aero,21.5,tmax_aero,12.2,17.8,0,0,0,0,,,0,,,,,,,9.036106025364846,13.5801264583749,8.773694146384443,9.036225051729327,.1033210332103321,6.766191714660351,8.832149906002899,,1,0,0,0
2019-03-28,2019,3,4,0,0,0,0,0,0,-716,0,8042,6253,906,6508,288,340,513,1922,0,50,.2901019646854016,50,896,223729.5666666667,27.82014009781978,20.575,160.84,0,prcp_gsod_aero,24,tmax_gsod_aero,16.9,20.6,0,0,0,0,,,0,,,,,,,8.992433087457219,12.31819330980683,8.740816627567298,8.992557426904069,.1126585426510818,6.80903930604298,8.780787468338929,,1,0,0,0
2019-03-29,2019,3,5,0,0,0,0,0,0,-715,0,8635,6532,917,7043,274,401,492,1975,0,51,.3023740590619571,51,1030,513545.0166666667,59.47249758733835,20.95,169.3137254901961,0,,24.22222222222222,tmax_gsod_aero,19.8,22.2,1,0,0,0,,,0,,,,,,,9.06357899058078,13.14909297085038,8.784468454090355,9.063694791634697,.1061957151129126,6.821107472256465,8.85978949474541,,1,0,0,0
2019-03-30,2019,3,6,1,0,0,0,0,0,-714,0,6642,5144,586,5460,240,356,894,2211,0,50,.4969888587774767,50,1284,855058.6666666666,128.735119943792,29.81666666666667,132.84,0,prcp_gsod_aero,28,tmax_gsod_aero,19.6,24.5,0,0,0,0,,,0,,,,,,,8.801168401936693,13.65892536154933,8.545586265917455,8.801318947665241,.0882264378199338,6.373319789577012,8.605204068738951,,1,0,0,0
2019-03-31,2019,3,7,1,0,0,0,0,1,-713,0,5695,4531,487,4706,220,282,910,2119,0,50,.5868305531167691,51,1200,657679.1333333333,115.4836055019023,38.33333333333334,113.9,0,prcp_gsod_aero,29.9,tmax_obs,19.7,24.4,0,0,0,0,,,0,,,,,,,8.647343875881283,13.3964724520617,8.418697944667139,8.647519453091812,.085513608428446,6.18826412308259,8.456593569287309,,1,0,0,0
2019-04-01,2019,4,1,0,0,0,0,0,0,-712,0,9304,7008,988,7627,313,376,542,2222,0,50,.3116938950988822,50,1076,798309.6333333333,85.80284107194038,21.425,186.08,0,prcp_gsod_aero,29.2,tmax_obs,21.3,23.6,0,0,0,0,,,0,,,,,,,9.1381996941985,13.59025181287078,8.854807632616227,9.13830716907635,.1061908856405847,6.895682697747868,8.939449862164238,,1,0,0,0
2019-04-02,2019,4,2,0,1,0,0,1,0,-711,0,6394,5218,546,5260,254,334,928,2201,0,50,.5581795433218643,50,1380,337998.65,52.86184704410385,35.70833333333334,127.88,0,prcp_gsod_aero,32,tmax_gsod_aero,22,26,0,0,0,0,,,0,,,,,,,8.763115329619787,12.73079718037434,8.559869465696673,8.763271714012943,.0853925555208007,6.302618975744905,8.567886305731756,,1,0,0,0
2019-04-03,2019,4,3,0,0,0,0,0,0,-710,0,9043,6856,883,7484,310,366,445,1929,0,50,.291717350436802,50,1001,509158.4,56.30414685392016,20.41666666666667,180.86,0,prcp_gsod_obs,32.7,tmax_obs,17,21.5,0,0,0,0,,,0,,,,,,,9.109746256740481,13.14051444554876,8.832879460277615,9.10985683339786,.0976445869733495,6.78332520060396,8.92052268739398,,1,0,0,0
2019-04-04,2019,4,4,0,0,0,0,0,0,-709,0,8075,6176,874,6582,290,329,549,1928,0,50,.26328173374613,50,820,243497.5333333333,30.15449329205366,19.71666666666667,161.5,3.048,prcp_gsod_aero,29,tmax_gsod_aero,19,21.6,0,1,0,0,,,0,,,,,,,8.996528148090857,12.40286209140556,8.728426091704613,8.996651979432729,.1082352941176471,6.773080375655535,8.792093929503285,,1,0,0,0
2019-04-05,2019,4,5,0,0,0,0,0,0,-708,0,9031,6867,945,7418,316,352,483,1977,0,50,.3062783744878751,52,955,1116594.45,123.6401782748311,21,180.62,0,prcp_gsod_aero,29.4,tmax_obs,13,17.5,0,0,0,0,,,0,,,,,,,9.108418382250799,13.92579394140005,8.834482608620677,9.108529105829499,.1046395747979183,6.851184927493743,8.911664758049536,,1,0,0,0
2019-04-06,2019,4,6,1,0,0,0,0,0,-707,0,6367,5042,595,5219,236,317,935,2139,0,50,.4922255379299513,50,1096,820815.9833333333,128.917226846762,29.23333333333333,127.34,0,prcp_gsod_aero,22.4,tmax_obs,11.5,17,0,0,0,0,,,0,,,,,,,8.758883680017025,13.61805422608104,8.525558107747866,8.759040727524219,.0934506046803832,6.38856140554563,8.560061091643414,,1,0,0,0
2019-04-07,2019,4,7,1,0,0,0,0,0,-706,0,5847,4673,493,4843,253,258,815,2087,0,50,.5737985291602531,50,1133,316877.6666666667,54.19491477110769,38,116.94,0,prcp_gsod_aero,23.5,tmax_gsod_aero,11.9,18.8,0,0,0,0,,,0,,,,,,,8.67368398817567,12.66627106880828,8.449556542700426,8.673855001429615,.0843167436292116,6.20050917404269,8.485289642403229,,1,0,0,0
2019-04-08,2019,4,1,0,0,0,0,0,0,-705,0,8997,6807,854,7448,345,350,528,2178,0,50,.2960986995665222,51,877,575910.4,64.01138157163499,20.31666666666667,179.94,0,prcp_gsod_aero,24.5,tmax_gsod_aero,14.1,20.7,0,0,0,0,,,0,,,,,,,9.104646467417119,13.26370737202245,8.825706773447951,9.104757609401117,.094920529065244,6.74993119378857,8.915700818956903,,1,0,0,0
2019-04-09,2019,4,2,0,0,0,0,0,0,-704,0,8875,6769,921,7307,336,311,514,1856,0,51,.3063661971830986,52,836,296243.0166666667,33.37949483568075,21.08333333333333,174.0196078431373,0,prcp_gsod_aero,27.8,tmax_obs,15.5,22,0,0,0,0,,,0,,,,,,,9.090993614343617,12.59893539872045,8.820108644508608,9.091106284052485,.103774647887324,6.825460036255307,8.896588071791218,,1,0,0,0
2019-04-10,2019,4,3,0,0,0,0,0,0,-703,0,8959,6852,901,7404,311,343,530,1646,0,50,.2730215425828775,50,798,486173.7666666667,54.26652156118614,19.95,179.18,0,prcp_gsod_aero,27.7,tmax_obs,18.8,23.1,0,0,0,0,,,0,,,,,,,9.100413892597578,13.09432138356042,8.832295859444011,9.100525505968976,.1005692599620493,6.803505257608338,8.909775673693389,,1,0,0,0
2019-04-11,2019,4,4,0,0,0,0,0,0,-702,0,7824,6083,808,6475,270,271,412,1859,0,50,.2822085889570552,52,695,1157554.7,147.9492203476483,20.1,156.48,8.382,prcp_gsod_aero,27.3,tmax_obs,14,17.9,0,1,0,0,,,0,,,,,,,8.964951211714654,13.96182032084539,8.713253274320705,8.965079015408355,.1032719836400818,6.694562058521095,8.775703886567738,,1,0,0,0
2019-04-12,2019,4,5,0,0,0,0,0,0,-701,0,9199,7061,898,7619,348,334,612,2072,0,50,.2943798238939015,51,866,306092.3166666667,33.27452078124433,20.48333333333333,183.98,0,prcp_gsod_aero,20.7,tmax_obs,9.6,15.4,0,0,0,0,,,0,,,,,,,9.126850061477157,12.63164202388887,8.862341963516347,9.126958763037132,.0976193064463529,6.8001700683022,8.93840040647301,,1,0,0,0
2019-04-13,2019,4,6,1,0,0,0,0,0,-700,0,6483,5099,618,5333,255,277,800,2134,0,50,.4863489125404905,51,1005,812490.0500000001,125.3262455653247,29.1,129.66,0,prcp_gsod_aero,24,tmax_gsod_aero,14.1,19.8,0,0,0,0,,,0,,,,,,,8.776938645174996,13.6078589469572,8.536799721055155,8.777092882855566,.0953262378528459,6.42648845745769,8.581669210600602,,1,0,0,0
2019-04-14,2019,4,7,1,0,0,0,0,0,-699,0,5455,4333,466,4522,218,249,959,2102,0,50,.5374885426214482,51,907,630493.6666666666,115.5808738160709,33.31666666666667,109.1,0,prcp_gsod_aero,25.5,tmax_gsod_aero,17,22,0,0,0,0,,,0,,,,,,,8.604287898267172,13.35425838939878,8.374015421739909,8.604471199523298,.0854262144821265,6.144185634125646,8.416709652837914,,1,0,0,0
2019-04-15,2019,4,1,0,0,0,0,0,0,-698,0,8541,6506,898,7053,283,307,427,1857,0,50,.2646060180306756,51,646,231660.45,27.12334035827187,19.23333333333333,170.82,0,prcp_gsod_aero,28.8,tmax_obs,16.7,19,0,0,0,0,,,0,,,,,,,9.052633375946147,12.35302800098639,8.780480107033297,9.052750451401412,.1051399133590914,6.8001700683022,8.861208337208179,,1,0,0,0
2019-04-16,2019,4,2,0,0,0,0,0,0,-697,0,8649,6564,843,7217,323,266,433,1895,0,50,.2992253439704012,51,669,494961.4833333333,57.22759663930319,20.58333333333333,172.98,0,prcp_gsod_aero,20.61111111111111,tmax_gsod_aero,11.3,17.1,0,0,0,0,,,0,,,,,,,9.065198986306513,13.11223522707555,8.789355452209982,9.065314599925925,.0974679153659383,6.736966958001855,8.884194633072273,,1,0,0,0
2019-04-17,2019,4,3,0,0,0,0,0,0,-696,0,9057,6837,929,7486,314,328,526,2155,0,50,.3026388428839572,52,754,326443.7666666667,36.04325567700857,20.36666666666667,181.14,0,prcp_gsod_aero,24,tmax_gsod_aero,14.4,20.1,0,0,0,0,,,0,,,,,,,9.111293218374948,12.69601298213524,8.830104317913794,9.111403624116159,.1025725957822679,6.834108738813838,8.920789888464375,,1,0,0,0
2019-04-18,2019,4,4,0,0,1,0,1,0,-695,0,7195,5624,722,5926,284,263,902,2254,0,50,.4607366226546213,51,1185,580366.65,80.66249478804726,27.58333333333333,143.9,0,prcp_gsod_aero,24,tmax_gsod_aero,16.5,20.7,0,0,0,0,,,0,,,,,,,8.881141619321468,13.2714153379691,8.6347984334905,8.881280595070423,.1003474635163308,6.582025138892826,8.687104728133511,,1,0,0,0
2019-04-19,2019,4,5,0,1,0,0,1,0,-694,0,5389,4488,444,4514,214,217,833,2018,0,50,.5641120801632956,52,1192,2221524.616666667,412.2331817900662,36.11666666666667,107.78,0,prcp_gsod_aero,28,tmax_gsod_aero,17.3,22.6,0,0,0,0,,,0,,,,,,,8.592115117933497,14.61370428239806,8.409162447202533,8.592300663903043,.0823900538133234,6.095824562432225,8.414938957377482,,1,0,0,0
2019-04-20,2019,4,6,1,0,0,1,0,1,-693,0,5731,4498,479,4841,213,198,915,2082,0,51,.5229453847496074,53,1141,806619.6666666666,140.746757401268,32.03333333333333,112.3725490196079,0,prcp_gsod_aero,29.5,tmax_obs,14.6,20.4,0,0,0,0,,,0,,,,,,,8.653645314551737,13.60060754330451,8.411388132519262,8.653819788948063,.083580526958646,6.171700597410915,8.484876589939695,,1,0,0,0
2019-04-21,2019,4,7,1,0,0,1,0,1,-692,0,4839,3878,430,4033,172,204,830,1753,0,50,.5490803885100227,52,812,598445.4833333333,123.6713129434456,34.6,96.78,0,prcp_gsod_aero,23.6,tmax_obs,11.3,16.5,0,0,0,0,,,0,,,,,,,8.484463366793319,13.30209071099813,8.263074835802597,8.484669999710677,.0888613349865675,6.063785208687608,8.302265794873367,,1,0,0,0
2019-04-22,2019,4,1,0,0,0,0,0,0,-691,0,7887,6127,774,6561,296,256,421,1834,0,51,.2869278559655129,53,644,1538559.466666667,195.0753729766282,19.96666666666667,154.6470588235294,0,prcp_gsod_aero,19.5,tmax_gsod_aero,12,15.9,0,0,0,0,,,0,,,,,,,8.972971113397991,14.24635712536427,8.720460512725655,8.973097896282472,.098136173449981,6.651571873589727,8.788898309344878,,1,0,0,0
2019-04-23,2019,4,2,0,0,0,0,0,0,-690,0,7961,6159,824,6590,287,260,408,1679,0,51,.275719130762467,51,587,942809,118.4284637608341,19.96666666666667,156.0980392156863,0,prcp_gsod_aero,21.9,tmax_obs,14,16.7,0,0,0,0,,,0,,,,,,,8.982309899088579,13.75661899603164,8.725669705687043,8.982435503560263,.1035045848511494,6.714170529909472,8.793308627496552,,1,0,0,0
2019-04-24,2019,4,3,0,0,0,1,0,0,-689,0,7450,5768,732,6221,248,249,451,1656,0,50,.2808053691275168,52,499,1338530.8,179.6685637583893,19.46666666666667,149,0,prcp_gsod_aero,19.22222222222222,tmax_gsod_aero,12.7,16.7,0,0,0,0,,,0,,,,,,,8.915969311373605,14.10708315251082,8.660080678964786,8.916103530553727,.098255033557047,6.595780513961311,8.735685944515019,,1,0,0,0
2019-04-25,2019,4,4,0,0,0,1,0,0,-688,0,8083,6227,807,6754,266,256,545,1821,0,50,.2558456018804899,52,579,968819.6666666666,119.8589220174028,18.98333333333333,161.66,0,prcp_gsod_obs,20.5,tmax_gsod_aero,16,18.7,0,0,0,0,,,0,,,,,,,8.997518369733845,13.7838337710425,8.736649954872451,8.997642078523512,.0998391686255103,6.693323668269949,8.817890200945513,,1,0,0,0
2019-04-26,2019,4,5,0,0,0,1,0,0,-687,0,3371,2750,341,2809,100,121,493,934,0,50,.2239691486205874,52,209,615881.45,182.6999258380303,17.18333333333333,67.42,10.922,prcp_gsod_aero,20.6,tmax_obs,16,17.8,0,1,1,0,,,0,,,,,,,8.12296471523406,13.33080977269583,7.919356190660617,8.123261319121745,.1011569267279739,5.831882477283517,7.940583827104244,,1,0,0,0
2019-04-27,2019,4,6,1,0,0,1,0,0,-686,0,4429,3447,433,3666,160,170,373,1291,0,51,.3953488372093023,54,505,1581315.783333333,357.0367539700459,23.75,86.84313725490196,11.9,prcp_obs,20,tmax_gsod_aero,15.7,18.2,0,1,1,0,,,0,,,,,,,8.395929103923198,14.27376783270066,8.145259566516865,8.396154863039181,.0977647324452472,6.07073772800249,8.20685642839965,,1,0,0,0
2019-04-28,2019,4,7,1,0,0,0,0,0,-685,0,4713,3831,402,3957,180,174,886,1807,0,50,.5187778485041374,53,655,2536543.55,538.2014746446,31.8,94.26000000000001,0,prcp_gsod_aero,23,tmax_gsod_aero,16.4,19.2,0,0,0,0,,,0,,,,,,,8.45807992692373,14.7463129051693,8.250881144700649,8.458292083496076,.0852959898154042,5.996452088619021,8.283241441385425,,1,0,0,0
2019-04-29,2019,4,1,0,0,0,0,0,0,-684,0,6951,5480,687,5781,273,210,422,1608,0,50,.2895986189037549,53,464,1496432.166666667,215.2830048434278,20.33333333333333,139.02,0,prcp_gsod_aero,24,tmax_gsod_aero,14.4,19,0,0,0,0,,,0,,,,,,,8.846640813100485,14.21859427726002,8.608860379942062,8.846784666945228,.0988347000431593,6.532334292222349,8.662331957082476,,1,0,0,0
2019-04-30,2019,4,2,0,0,0,0,0,0,-683,0,5981,4800,604,4976,200,201,704,1410,0,50,.3619796020732319,52,749,1376826.65,230.2000752382545,23.53333333333334,119.62,0,prcp_gsod_aero,24.8,tmax_obs,10.6,15.1,0,0,0,0,,,0,,,,,,,8.696343057044556,14.13529188017092,8.476371196895983,8.696510239189893,.100986457114195,6.403574197934815,8.512381634419015,,1,0,0,0
2019-05-01,2019,5,3,0,1,0,0,1,0,-682,0,3749,3145,366,3011,215,157,564,1429,0,50,.5340090690850894,51,543,550500.4333333334,146.8392726949409,32.33333333333334,74.98,0,prcp_gsod_aero,20,tmax_gsod_aero,8.699999999999999,14.8,0,0,0,0,,,0,,,,,,,8.229244416735913,13.21858302230775,8.053569169134541,8.229511118964457,.0976260336089624,5.902633333401366,8.010027528481734,,1,0,0,0
2019-05-02,2019,5,4,0,0,0,0,0,0,-681,0,6375,5075,706,5162,280,227,352,1468,0,50,.2865882352941176,53,373,497531.3833333334,78.0441385620915,20.2,127.5,0,prcp_gsod_aero,24.11111111111111,tmax_gsod_aero,13.8,19.1,0,0,0,0,,,0,,,,,,,8.760139370026627,13.11741391566825,8.532081803909987,8.760296220470051,.1107450980392157,6.559615237493242,8.54907938027856,,1,0,0,0
2019-05-03,2019,5,5,0,0,0,0,0,0,-680,0,6445,5142,667,5269,282,227,500,1458,0,67,.3132660977501939,69,372,650539.5166666667,100.9370855960693,20.8,96.19402985074628,0,prcp_gsod_aero,26.22222222222223,tmax_gsod_aero,16.5,20.6,0,0,0,0,,,0,,,,,,,8.771059915373288,13.38555732323206,8.545197387825835,8.771215062375383,.1034910783553142,6.502790045915623,8.569595870209286,,1,0,0,0
2019-05-04,2019,5,6,1,0,0,0,0,0,-679,0,5124,3983,538,4132,254,200,534,1538,0,72,.4420374707259953,74,497,357507.5833333333,69.77119112672391,25.86666666666667,71.16666666666667,0,prcp_gsod_aero,27.2,tmax_obs,17.2,19.1,0,0,0,0,,,0,,,,,,,8.541690663016626,12.78691185301244,8.289790583181643,8.54188580400661,.1049960967993755,6.287858560161785,8.326516830239529,,1,0,0,0
2019-05-05,2019,5,7,1,0,0,0,0,0,-678,0,3314,2554,378,2671,143,122,565,1058,0,69,.3409776704888353,71,334,794223.8000000001,239.6571514785757,20.18333333333333,48.02898550724638,14.986,prcp_gsod_aero,21,tmax_obs,18.1,19.1,0,1,1,0,,,0,,,,,,,8.105911197986508,13.58512056449293,7.845416036592485,8.106212902619962,.1140615570307785,5.934894195619588,7.890208213109961,,1,0,0,0
2019-05-06,2019,5,1,0,0,0,0,0,0,-677,0,7118,5575,815,5746,309,248,377,1520,0,85,.2600449564484406,93,420,799375.8333333334,112.303432612157,19.25833333333333,83.74117647058823,7.112,prcp_gsod_aero,20.2,tmax_aero,13.2,16.9,0,1,0,0,,,0,,,,,,,8.870382066070137,13.59158649379581,8.62604759632832,8.870522545103873,.1144984546220849,6.703188113240863,8.656259239539235,,1,0,0,0
2019-05-07,2019,5,2,0,0,0,0,0,0,-676,0,7648,5941,936,6100,367,245,346,1604,0,100,.2702667364016737,105,482,310592.45,40.6109375,19.38333333333333,76.48,0,prcp_gsod_aero,21.3,tmax_obs,11,15,0,0,0,0,,,0,,,,,,,8.942199454731238,12.64623688160991,8.689632748355741,8.942330199321866,.1223849372384937,6.841615476477592,8.716044050161402,,1,0,0,0
2019-05-08,2019,5,3,0,0,0,0,0,0,-675,0,11227,8315,1308,8966,569,384,341,2168,0,115,.2664113298298744,121,960,1289042.716666667,114.8163103827084,19.03333333333334,97.62608695652175,1.016,prcp_gsod_aero,18.61111111111111,tmax_gsod_aero,13.6,17.1,0,1,0,0,,,0,,,,,,,9.326076870458779,14.06941042075676,9.025816391627028,9.326165937481774,.116504854368932,7.176254532017144,9.101194924715385,,1,0,0,0
2019-05-09,2019,5,4,0,0,0,0,0,0,-674,0,9150,6846,1090,7316,473,271,638,1730,0,133,.2240437158469945,136,741,1078330.566666667,117.850335154827,17.28333333333334,68.79699248120301,.7619999999999999,prcp_gsod_obs,20.2,tmax_obs,15.2,17.4,0,0,0,0,,,0,,,,,,,9.121509158269568,13.89092463155795,8.831419819090131,9.121618441915379,.1191256830601093,6.993932975223189,8.897819009510757,,1,0,0,0
2019-05-10,2019,5,5,0,0,0,0,0,0,-673,0,14035,10108,1672,11022,849,492,558,2052,0,160,.2565016031350196,167,1364,1830105.4,130.3958247239045,18.4,87.71875,17.272,prcp_gsod_aero,19.9,tmax_obs,15,16.6,0,1,1,0,,,0,,,,,,,9.549309488795982,14.41988411878745,9.221082468508085,9.549380736703105,.1191307445671535,7.421775793644647,9.307648554443182,,1,0,0,0
2019-05-11,2019,5,6,1,0,0,0,0,0,-672,0,14822,10339,1916,11166,1218,522,1133,3539,0,191,.3822021319659965,197,2320,2489563.616666667,167.9640815454505,22.81666666666667,77.6020942408377,0,prcp_gsod_aero,20,tmax_gsod_aero,10.4,14.9,0,0,0,0,,,0,,,,,,,9.603867842511304,14.72761799873132,9.243678431586693,9.60393530751386,.1292673053569019,7.557994958530806,9.320628725870305,,1,0,0,0
2019-05-12,2019,5,7,1,0,0,0,0,0,-671,0,13861,9990,1928,10238,1186,509,1632,3860,0,194,.4459274222639059,197,2369,2735622.333333334,197.361109107087,26.16666666666667,71.44845360824742,0,prcp_gsod_aero,21.5,tmax_gsod_aero,11,16,0,0,0,0,,,0,,,,,,,9.536834420213353,14.82186951213435,9.2093398716426,9.536906562477929,.1390953033691653,7.564238475170491,9.233861567017529,,1,0,0,0
2019-05-13,2019,5,1,0,0,0,0,0,0,-670,0,18017,12540,2320,13900,1247,550,730,3363,0,195,.2247321973691514,201,1578,1500516.716666667,83.28338328615567,17.33333333333333,92.39487179487179,0,prcp_gsod_aero,24,tmax_gsod_aero,12,18,0,0,0,0,,,0,,,,,,,9.7990710356157,14.22132008453137,9.436678814186912,9.799126537211386,.1287672753510573,7.749322464660356,9.539644119118783,,1,0,0,0
2019-05-14,2019,5,2,0,0,0,0,0,0,-669,0,18138,12780,2271,14112,1246,509,628,3421,0,197,.2074649906274121,200,1531,1528031.816666667,84.2447798360716,16.71666666666667,92.07106598984771,0,prcp_gsod_aero,24.6,tmax_obs,8.4,13.4,0,0,0,0,,,0,,,,,,,9.805764464007513,14.23949107091765,9.455636727931525,9.805819595357969,.1252067482633146,7.727975542105559,9.554780778246572,,1,0,0,0
2019-05-15,2019,5,3,0,0,0,0,0,0,-668,0,21068,14626,2792,16180,1541,555,847,3909,0,199,.215207898234289,200,1944,1610753.166666667,76.45496329346244,16.96666666666667,105.8693467336683,0,prcp_gsod_aero,18.11111111111111,tmax_gsod_aero,11,16.1,0,0,0,0,,,0,,,,,,,9.95551058060328,14.29221243295684,9.590556045830896,9.95555804482713,.1325232580216442,7.934513463882263,9.691531190612484,,1,0,0,0
2019-05-16,2019,5,4,0,0,0,0,0,0,-667,0,20908,14697,2766,15954,1571,617,967,3898,0,215,.2368949684331357,222,1930,3160037.65,151.1401210063134,17.85,97.24651162790698,0,prcp_gsod_aero,21.22222222222223,tmax_gsod_aero,11.2,15.9,0,0,0,0,,,0,,,,,,,9.947887139832812,14.96609450004908,9.595398670306684,9.947934967271424,.1322938588100249,7.925157512224703,9.677464860471075,,1,0,0,0
2019-05-17,2019,5,5,0,0,0,0,0,0,-666,0,17315,13175,2414,13058,1366,477,850,4288,0,220,.2754836846664742,225,1864,1465113.766666667,84.61529117335643,19.46666666666667,78.70454545454545,0,prcp_gsod_aero,23.3,tmax_obs,13.2,19.6,0,0,0,0,,,0,,,,,,,9.759328456836522,14.19744345384596,9.486076373409563,9.759386208561871,.1394166907305804,7.789040401657477,9.477156251746578,,1,0,0,0
2019-05-18,2019,5,6,1,0,0,0,0,0,-665,0,18773,13506,2929,13470,1816,558,2029,4545,0,245,.3948223512491344,251,3063,1166881.033333333,62.15740868978498,23.43333333333333,76.62448979591837,0,prcp_gsod_obs,23,tmax_gsod_aero,17,20.6,0,0,0,0,,,0,,,,,,,9.840174946324362,13.96984496377002,9.510889310134788,9.840228212896937,.1560219464124008,7.982416346827733,9.50822026940441,,1,0,0,0
2019-05-19,2019,5,7,1,0,0,0,0,0,-664,0,15887,11569,2579,11246,1560,502,1300,4260,0,246,.4188330081198464,250,2723,1096478.35,69.0173317807012,24.46666666666667,64.58130081300813,7.874,prcp_gsod_aero,25.2,tmax_obs,13.2,15.8,0,1,0,0,,,0,,,,,,,9.673256443720023,13.90761410200311,9.356084386028888,9.673319386284954,.1623339837603072,7.855157005881345,9.327767788852148,,1,0,0,0
2019-05-20,2019,5,1,0,0,0,0,0,0,-663,0,17677,13051,2561,13253,1421,442,937,2865,0,251,.2185325564292584,257,1784,812345.1833333334,45.95492353529068,16.91666666666667,70.42629482071713,0,,17.22222222222222,tmax_gsod_aero,10.2,13.9,1,0,0,0,,,0,,,,,,,9.780019638535883,13.60768063144055,9.476620038167528,9.780076207620894,.1448775244668213,7.848153086199526,9.491979220880678,,1,0,0,0
2019-05-21,2019,5,2,0,0,0,0,0,0,-662,0,23139,16491,3468,17177,1966,528,487,3894,0,266,.2519123557629975,271,2689,2429521.133333333,104.9968076984024,17.96666666666667,86.98872180451127,32.004,prcp_gsod_aero,17.7,tmax_obs,12.4,14.6,0,1,1,0,,,0,,,,,,,10.04927478460211,14.7032047314251,9.71057005652877,10.04931800074767,.1498768313237391,8.151333337900432,9.751326558637025,,1,0,0,0
2019-05-22,2019,5,3,0,0,0,0,0,0,-661,0,27088,19055,4234,19900,2320,634,809,4714,0,273,.2603366804489073,273,3195,2517439.3,92.93559140578854,18.43333333333333,99.22344322344323,0,prcp_gsod_aero,17,tmax_gsod_aero,9.4,13.4,0,0,0,0,,,0,,,,,,,10.20684610437292,14.73875279206273,9.855084813307961,10.2068830204074,.1563053750738334,8.350902451694811,9.898475010712584,,1,0,0,0
2019-05-23,2019,5,4,0,0,0,0,0,0,-660,0,27056,19205,4334,19666,2486,570,1111,4851,0,278,.2624186871673566,279,3157,1574632.366666667,58.19900822984427,18.75833333333333,97.32374100719424,0,prcp_gsod_aero,18.2,tmax_obs,6.3,12.3,0,0,0,0,,,0,,,,,,,10.20566407113836,14.26953238500623,9.862925940780006,10.20570103083382,.1601862803075103,8.374246182096304,9.886646535340102,,1,0,0,0
2019-05-24,2019,5,5,0,0,0,0,0,0,-659,0,26975,19252,4463,19439,2482,591,1071,5038,0,273,.2871918443002781,277,3163,815050.6666666666,30.21503861600247,19.55,98.80952380952381,0,prcp_gsod_aero,20.11111111111111,tmax_gsod_aero,7.2,13.3,0,0,0,0,,,0,,,,,,,10.20266579012634,13.61100555797983,9.865370230423,10.20270286080158,.1654494902687674,8.403576464629269,9.875036636362113,,1,0,0,0
2019-05-25,2019,5,6,1,1,0,0,1,0,-658,0,27426,19350,5388,18272,3097,669,2250,7016,0,286,.4351710056151097,290,5572,2703818.233333333,98.58594885631639,25.7,95.89510489510489,0,prcp_gsod_aero,21.1,tmax_obs,10.8,14.8,0,0,0,0,,,0,,,,,,,10.2192467475598,14.81017549248514,9.870447698457928,10.21928320864671,.1964559177422884,8.591929537530255,9.813125112455737,,1,0,0,0
2019-05-26,2019,5,7,1,0,0,0,0,1,-657,0,27443,19453,5519,18087,3230,607,2734,7259,0,291,.4490033888423277,295,5400,2534105.883333333,92.34070193977821,26.41666666666667,94.30584192439862,0,prcp_gsod_aero,18.4,tmax_aero,12.9,16,0,0,0,0,,,0,,,,,,,10.21986640530986,14.74535142404682,9.875756578797818,10.21990284381078,.201107750610356,8.615951963439501,9.802948727157515,,1,0,0,0
2019-05-27,2019,5,1,0,0,0,0,0,0,-656,0,32756,23344,5627,23319,3214,596,1354,5944,0,289,.2737819025522042,293,3848,3527751.566666667,107.6978741808117,19,113.3425605536332,0,prcp_gsod_aero,19.4,tmax_obs,13.5,15.6,0,0,0,0,,,0,,,,,,,10.39684143039008,15.07617127601789,10.05809527076257,10.39687195868218,.1717853217731103,8.635331719433278,10.05702375789833,,1,0,0,0
2019-05-28,2019,5,2,0,0,0,0,0,0,-655,0,35372,25087,6342,24784,3634,612,1066,6802,0,299,.2848580798371593,304,4455,2959334,83.663179916318,19.56666666666667,118.3010033444816,0,prcp_gsod_aero,18.8,tmax_obs,10.4,14.7,0,0,0,0,,,0,,,,,,,10.47367582569563,14.90047480098395,10.13010506266184,10.47370409624478,.1792943571186249,8.754949455098293,10.11795356265665,,1,0,0,0
2019-05-29,2019,5,3,0,0,0,0,0,0,-654,0,31917,22605,6478,21186,3665,588,2056,7347,0,299,.3977817464047373,307,6395,1817507.6,56.94481310900147,24.93333333333333,106.7458193979933,0,prcp_gsod_aero,18.2,tmax_obs,7.7,11.4,0,0,0,0,,,0,,,,,,,10.37089406218448,14.41297666994916,10.02592639972871,10.37092539295913,.2029639377134443,8.776167099731275,9.961095865156441,,1,0,0,0
2019-05-30,2019,5,4,0,0,0,0,0,0,-653,0,26549,19660,4791,18614,2702,442,1356,5326,0,294,.2449433123658142,299,2815,1970074.05,74.20520735244264,18,90.30272108843538,0,,13.7,tmax_obs,8.5,11.8,1,0,0,0,,,0,,,,,,,10.18674736117732,14.49358168884022,9.886341393701157,10.18678502667009,.1804587743417831,8.474494436883122,9.831669264745656,,1,0,0,0
2019-05-31,2019,5,5,0,0,0,0,0,0,-652,0,27242,21219,5104,18813,2882,443,1468,5912,0,311,.2930034505542912,316,3103,2714887.866666667,99.65816998262487,19.35,87.59485530546624,0,prcp_gsod_aero,16,tmax_gsod_aero,10.4,13.1,0,0,0,0,,,0,,,,,,,10.21251517900729,14.81426120908534,9.962652285704099,10.21255188635794,.1873577564055503,8.537779825024625,9.842303399211131,,1,0,0,0
2019-06-01,2019,6,6,1,0,0,0,0,0,-651,0,25857,19426,5619,16705,3104,429,2461,7394,0,314,.4182619793479522,317,4427,1773585.683333333,68.59209047195472,24.9,82.34713375796179,0,prcp_gsod_aero,17.5,tmax_gsod_aero,10.8,15,0,0,0,0,,,0,,,,,,,10.16033663631551,14.38851386515724,9.874367653962276,10.1603753098145,.2173105928762038,8.633908991112198,9.723463354790857,,1,0,0,0
2019-06-02,2019,6,7,1,0,0,0,0,0,-650,0,25751,19831,5988,16160,3138,465,3192,7587,0,315,.4937672323404916,320,5268,3693321.05,143.4243738107258,29.63333333333333,81.74920634920635,0,prcp_gsod_aero,20,tmax_gsod_aero,8.699999999999999,15.1,0,0,0,0,,,0,,,,,,,10.15622874028928,15.1220366247975,9.895001648885829,10.15626757297864,.2325346588482001,8.69751274553952,9.690294332075087,,1,0,0,0
2019-06-03,2019,6,1,0,0,0,0,0,0,-649,0,29630,22425,5994,19990,3212,434,1253,5589,0,312,.3012149848126898,320,3667,3539458.333333334,119.4552255596805,20.13333333333333,94.96794871794872,0,prcp_gsod_aero,20,tmax_aero,10,15.8,0,0,0,0,,,0,,,,,,,10.29654264056761,15.07948426021957,10.017931686927,10.29657638957624,.2022949713128586,8.698514247876609,9.902987427494447,,1,0,0,0
2019-06-04,2019,6,2,0,0,0,1,0,0,-648,0,29913,22609,6193,20006,3275,439,1007,5496,0,325,.3139772005482566,332,3677,3123352.466666667,104.4145510870413,20.71666666666667,92.04000000000001,0,prcp_gsod_aero,21.4,tmax_obs,11.2,15.1,0,0,0,0,,,0,,,,,,,10.3060484474969,14.95441749146156,10.02610333607632,10.30608187721927,.207033731153679,8.731174900938061,9.903787507545125,,1,0,0,0
2019-06-05,2019,6,3,0,0,0,0,0,0,-647,0,26868,20734,5451,18213,2803,401,1096,6022,0,341,.2915364001786512,347,2956,3470151.083333334,129.1555412882736,19.66666666666667,78.79178885630499,0,prcp_gsod_aero,19.6,tmax_obs,12.9,16,0,0,0,0,,,0,,,,,,,10.19869126638676,15.05970869084072,9.939530143883058,10.19872848469072,.202880750334971,8.603554357064281,9.809890903798543,,1,0,0,0
2019-06-06,2019,6,4,0,0,0,0,0,0,-646,0,27710,21228,5765,18634,2956,355,1325,5182,0,350,.2993865030674847,356,3113,3392919.933333333,122.443880668832,19.73333333333333,79.17142857142858,0,prcp_gsod_aero,19.5,tmax_gsod_aero,13.8,17,0,0,0,0,,,0,,,,,,,10.22954863785702,15.03720144588503,9.963076343947785,10.22958472526072,.2080476362324071,8.659560432703159,9.832743148010371,,1,0,0,0
2019-06-07,2019,6,5,0,0,0,0,0,0,-645,0,28665,21755,6085,18973,3186,421,978,5798,0,359,.3127856270713413,365,3304,2051209.083333333,71.55796557939416,20.31666666666667,79.84679665738162,4.064,prcp_gsod_aero,20.4,tmax_obs,11.6,15.9,0,1,0,0,,,0,,,,,,,10.26343214534248,14.53393997400081,9.987598895154781,10.26346703048316,.2122797837083551,8.713582005421628,9.850772194864133,,1,0,0,0
2019-06-08,2019,6,6,1,0,0,0,0,0,-644,0,27524,20823,6640,17072,3426,386,2720,7862,0,379,.4334035750617643,381,4591,2823199.266666667,102.5722738942983,25.55,72.62269129287598,0,prcp_gsod_aero,19.61111111111111,tmax_gsod_aero,8.199999999999999,13.4,0,0,0,0,,,0,,,,,,,10.22281363032237,14.85338129159064,9.943813424007693,10.22284996159088,.2412440052317977,8.80086724247048,9.745194973541535,,1,0,0,0
2019-06-09,2019,6,7,1,0,0,0,0,0,-643,0,25075,19471,6301,15444,2989,341,3345,7988,0,384,.4983848454636092,385,4740,2090583.883333333,83.37323562645398,29.88333333333333,65.29947916666667,0,prcp_gsod_aero,20.6,tmax_obs,9.199999999999999,14.8,0,0,0,0,,,0,,,,,,,10.12962661283014,14.55295395494041,9.876681458115622,10.12966649239386,.2512861415752742,8.748463629942055,9.644975857384127,,1,0,0,0
2019-06-10,2019,6,1,0,0,0,0,0,0,-642,0,31538,23458,6736,20941,3463,398,1516,6670,0,375,.2754137865432177,380,3200,3351241.783333333,106.2604408438497,18.81666666666667,84.10133333333333,0,prcp_gsod_aero,19.9,tmax_obs,12.8,17.3,0,0,0,0,,,0,,,,,,,10.35894844696553,15.02484151670784,10.06296686708145,10.35898015424394,.213583613418733,8.815221555922163,9.949464238776152,,1,0,0,0
2019-06-11,2019,6,2,0,0,0,0,0,0,-641,0,30030,22563,6317,20130,3210,373,1287,5447,0,374,.2451215451215451,378,2898,1961312.05,65.31175657675658,17.65,80.29411764705883,0,prcp_gsod_obs,17.9,tmax_obs,12.6,15.2,0,0,0,0,,,0,,,,,,,10.30995216097738,14.48912422051489,10.02406667549451,10.30998546045624,.2103563103563104,8.7509996908987,9.909966518633837,,1,0,0,0
2019-06-12,2019,6,3,0,0,0,0,0,0,-640,0,32178,23927,7068,21343,3383,384,1107,6605,0,372,.2836099198209957,376,2890,2182055.483333333,67.81202944040442,19.16666666666667,86.5,3.048,prcp_gsod_aero,22.22222222222222,tmax_gsod_aero,14.8,19,0,1,0,0,,,0,,,,,,,10.37903826821098,14.59577787279401,10.08276280739368,10.37906934486154,.2196531791907515,8.863332833439587,9.968479096043568,,1,0,0,0
2019-06-13,2019,6,4,0,0,0,0,0,0,-639,0,22942,17429,4744,15605,2301,292,1623,5101,0,376,.2283148810042716,378,1713,869373.45,37.89440545723999,16.73333333333333,61.01595744680851,22.098,prcp_gsod_aero,21.9,tmax_obs,15.5,17.7,0,1,1,0,,,0,,,,,,,10.04072457084121,13.67552805876825,9.765890764521682,10.04076815807016,.2067823206346439,8.464635940677562,9.65534665470488,,1,0,0,0
2019-06-14,2019,6,5,0,0,0,0,0,0,-638,0,34020,24515,7474,22336,3766,444,1482,6713,0,384,.2698412698412698,385,2817,2186981.65,64.28517489711935,18.24166666666667,88.59375,.508,prcp_gsod_aero,19.6,tmax_obs,13,16.1,0,0,0,0,,,0,,,,,,,10.43470386594985,14.59803290913445,10.10704045408533,10.43473325999168,.2196942974720753,8.91918561004543,10.0139550055621,,1,0,0,0
2019-06-15,2019,6,6,1,0,0,0,0,1,-637,0,11854,8970,2709,7788,1194,163,2892,4994,0,378,.2905348405601485,380,965,1368052.116666667,115.4084795568303,17.9,31.35978835978836,23.114,prcp_gsod_aero,15.8,tmax_obs,11,12.8,0,1,1,0,,,0,,,,,,,9.380420642347783,14.12889847341752,9.101640955052842,9.380504998499506,.2285304538552387,7.904334842085095,8.960339366492091,,1,0,0,0
2019-06-16,2019,6,7,1,0,0,0,0,1,-636,0,6528,5197,1499,4308,622,99,1121,3553,0,350,.3221507352941176,362,579,1516238.75,232.266965379902,19.63333333333333,18.65142857142857,44.2,prcp_obs,17,tmax_gsod_aero,11.5,15.7,0,1,1,0,,,0,,,,,,,8.783855896643942,14.2317433195921,8.555836815008442,8.784009071186633,.2296262254901961,7.312553498102598,8.368229038276279,,1,0,0,0
2019-06-17,2019,6,1,0,1,0,0,1,0,-635,0,6105,4825,1346,4065,603,91,1681,3154,0,352,.2709254709254709,356,452,858650.0833333334,140.6470242970243,17.43333333333333,17.34375,22.1,prcp_obs,17,tmax_aero,14,16.2,0,1,1,0,,,0,,,,,,,8.716863386544805,13.66311676446358,8.481566013773087,8.717027173294824,.2204750204750205,7.204892510204673,8.310169021981912,,1,0,0,0
2019-06-18,2019,6,2,0,0,0,0,0,0,-634,0,20760,16021,4678,13728,2120,234,294,3927,0,361,.2775529865125241,369,1646,2047040.3,98.60502408477842,18.58333333333333,57.50692520775623,51.054,prcp_gsod_aero,17.4,tmax_obs,10.5,12.5,0,1,1,0,,,0,,,,,,,9.940783337279825,14.53190555179697,9.681655640646714,9.940831505676549,.2253371868978805,8.450625947144124,9.527192821727743,,1,0,0,0
2019-06-19,2019,6,3,0,0,0,0,0,0,-633,0,29021,21740,6291,19273,3091,366,954,5796,0,367,.2933048482133627,380,2251,2553985.85,88.00475000861447,19.28333333333334,79.07629427792915,0,prcp_gsod_aero,17.22222222222222,tmax_gsod_aero,11.1,13.7,0,0,0,0,,,0,,,,,,,10.27577498483828,14.75316577523038,9.9869091606752,10.27580944205104,.21677406016333,8.74687531957003,9.866460431699052,,1,0,0,0
2019-06-20,2019,6,4,0,1,0,0,1,0,-632,0,24570,18765,6208,15218,2851,293,2833,7783,0,384,.4217745217745218,387,3357,2175894.1,88.55897842897844,24.98333333333333,63.984375,0,prcp_gsod_aero,18.1,tmax_obs,5.5,11.7,0,0,0,0,,,0,,,,,,,10.10928146551523,14.59295021849427,9.839748711569122,10.1093221647277,.2526658526658527,8.733594061863055,9.630234216736469,,1,0,0,0
2019-06-21,2019,6,5,0,0,0,0,0,0,-631,0,34266,24903,7549,22433,3831,453,1714,7188,0,378,.2718438101908597,380,2491,2876477.566666667,83.94553104145994,18.33333333333333,90.65079365079365,0,prcp_gsod_aero,16.4,tmax_obs,7.2,13.7,0,0,0,0,,,0,,,,,,,10.44190888789292,14.87207703642548,10.12274355712315,10.44193807091424,.2203058425261192,8.929170383139624,10.01828836801331,,1,0,0,0
2019-06-22,2019,6,6,1,0,0,0,0,1,-630,0,30595,22609,7385,18782,3951,477,3073,8775,0,387,.3809445987906521,392,3262,2189963.05,71.57911586860597,22.7,79.05684754521964,0,prcp_gsod_aero,18.22222222222222,tmax_gsod_aero,13.4,16.7,0,0,0,0,,,0,,,,,,,10.32859187589664,14.59939522950423,10.02610333607632,10.32862456044176,.2413793103448276,8.907206194965481,9.840654243364559,,1,0,0,0
2019-06-23,2019,6,7,1,0,0,0,0,0,-629,0,26550,19500,6254,16529,3347,420,3936,8501,0,392,.3527683615819209,392,2707,1481476,55.79947269303202,20.9,67.7295918367347,0,prcp_gsod_obs,21.22222222222223,tmax_gsod_aero,14.7,17.9,0,0,0,0,,,0,,,,,,,10.18678502667009,14.20854944606704,9.878169744551839,10.18682269074421,.2355555555555556,8.740976538017787,9.712871692917354,,1,0,0,0
2019-06-24,2019,6,1,0,0,0,0,0,0,-628,0,33401,24591,7282,22106,3621,392,1336,5794,0,391,.2354121134097782,392,2165,1600435.516666667,47.91579643324052,16.95,85.42455242966751,0,,21.5,tmax_obs,10.2,13.9,1,0,0,0,,,0,,,,,,,10.41634111863636,14.28578634808754,10.11013580132114,10.41637105741156,.2180174246280052,8.893160828735379,10.0036043438709,,1,0,0,0
2019-06-25,2019,6,2,0,0,0,0,0,0,-627,0,30935,22842,6922,20330,3339,344,659,5465,0,394,.2435105867140779,396,2073,1861649.15,60.17938096007758,17.13333333333333,78.51522842639594,22.098,prcp_gsod_aero,16,tmax_gsod_aero,7.9,11.7,0,1,1,0,,,0,,,,,,,10.33964350796509,14.43697329264146,10.03635622561055,10.33967583328713,.2237594957168256,8.84246002419529,9.919852906622392,,1,0,0,0
2019-06-26,2019,6,3,0,0,0,0,0,0,-626,0,29935,22016,6658,19690,3246,341,1397,6108,0,391,.2538834140638049,392,1868,1073839.45,35.87237180557875,17.66666666666667,76.56010230179028,0,prcp_gsod_aero,14,tmax_gsod_aero,4.4,9,0,0,0,0,,,0,,,,,,,10.30678364335945,13.8867510549808,9.999524740733071,10.30681704851387,.2224152330048438,8.80357441813497,9.887866171633171,,1,0,0,0
2019-06-27,2019,6,4,0,0,0,0,0,0,-625,0,33006,24190,7391,21570,3670,375,1374,6104,0,390,.259861843301218,391,2228,1848260.216666667,55.99770395281666,17.81666666666667,84.63076923076923,0,prcp_gsod_aero,14.1,tmax_aero,6.7,11.3,0,0,0,0,,,0,,,,,,,10.40444464210351,14.42975533115555,10.09369460360407,10.40447493916622,.2239289826092226,8.908018322784887,9.979058739383202,,1,0,0,0
2019-06-28,2019,6,5,0,0,0,0,0,0,-624,0,29702,21858,6482,19662,3208,350,1674,5720,0,394,.2252373577536866,394,1739,1580399.066666667,53.20850672233071,16.31666666666667,75.38578680203045,0,prcp_gsod_aero,15.3,tmax_obs,8.300000000000001,13.4,0,0,0,0,,,0,,,,,,,10.29896966259089,14.27318794695141,9.992322266236618,10.29900332979062,.2182344623257693,8.776784383701493,9.88644311792687,,1,0,0,0
2019-06-29,2019,6,6,1,0,0,0,0,0,-623,0,18987,14114,4457,12114,2193,223,2696,5398,0,386,.2911465739716648,391,1391,1307307.866666667,68.85278699461036,18.15,49.18911917098446,.7619999999999999,prcp_gsod_aero,14.7,tmax_obs,12.8,13.2,0,0,0,0,,,0,,,,,,,9.851509813443416,14.08348051702337,9.554922491560776,9.851562479671209,.234739558645389,8.402231172946555,9.402117087540892,,1,0,0,0
2019-06-30,2019,6,7,1,0,0,0,0,0,-622,0,19613,14682,4752,12255,2331,275,2465,5642,0,382,.3594044766226482,385,1950,1115872.116666667,56.89451469263584,21.36666666666667,51.34293193717277,.254,prcp_gsod_aero,14,tmax_obs,8.800000000000001,10.4,0,0,0,0,,,0,,,,,,,9.883947890661512,13.92514682455689,9.594377532670727,9.883998875952266,.2422882781828379,8.466320861042481,9.413689295962213,,1,0,0,0
2019-07-01,2019,7,1,0,0,0,0,0,0,-621,0,28021,21061,6291,18216,3170,344,1114,5319,0,386,.2448163877092181,387,1631,1274997,45.50148103208309,17.23333333333333,72.59326424870466,0,prcp_gsod_aero,12.5,tmax_gsod_aero,2.2,8.199999999999999,0,0,0,0,,,0,,,,,,,10.24070950804789,14.05845438363072,9.955178267941482,10.24074519493118,.2245101887869812,8.74687531957003,9.810055607743575,,1,0,0,0
2019-07-02,2019,7,2,0,0,0,0,0,0,-620,0,30518,22517,6881,19965,3305,367,977,5317,0,386,.2401533521200603,388,1664,1552360.1,50.86703257094174,17.16666666666667,79.06217616580311,0,prcp_gsod_aero,15,tmax_gsod_aero,4.8,10.8,0,0,0,0,,,0,,,,,,,10.32607195245168,14.25528697600796,10.02202585845966,10.32610471946186,.2254734910544597,8.83651926920248,9.901736019497323,,1,0,0,0
2019-07-03,2019,7,3,0,0,0,0,0,0,-619,0,27808,20592,6395,18112,3016,285,1623,5255,0,390,.2362989067894131,392,1385,1023554.666666667,36.80792098197161,16.85833333333333,71.30256410256411,0,prcp_gsod_aero,15.6,tmax_obs,4.1,8.4,0,0,0,0,,,0,,,,,,,10.23307902806512,13.83879209415364,9.932657929835909,10.23311498829311,.2299697928653625,8.763271714012943,9.80432998100291,,1,0,0,0
2019-07-04,2019,7,4,0,0,0,0,0,0,-618,0,25058,18679,5748,16357,2701,252,1084,4282,0,387,.2358129140394285,388,1066,998091.3833333333,39.83124684066299,16.55,64.74935400516796,0,prcp_gsod_aero,11.9,tmax_obs,3.9,7.3,0,0,0,0,,,0,,,,,,,10.1289484168055,13.81360011756791,9.835155177159303,10.12898832342402,.2293878202570037,8.656607247198915,9.702411219258526,,1,0,0,0
2019-07-05,2019,7,5,0,0,0,0,0,0,-617,0,23467,17541,5396,15208,2617,246,877,4198,0,386,.2445135722503942,389,1037,1315739.3,56.06763966420932,17.1,60.79533678756476,0,prcp_gsod_aero,10,tmax_aero,1.2,5.9,0,0,0,0,,,0,,,,,,,10.0633504579226,14.08990927093899,9.772296276843781,10.06339307004575,.2299399156261985,8.593413217327646,9.629576884168266,,1,0,0,0
2019-07-06,2019,7,6,1,0,0,0,0,1,-616,0,20472,15167,5041,12669,2508,254,1543,4857,0,387,.3442751074638531,391,1686,1873160.416666667,91.49865263123616,20.69166666666667,52.89922480620155,0,prcp_gsod_aero,12,tmax_gsod_aero,.2,6.2,0,0,0,0,,,0,,,,,,,9.926813377839626,14.443137624671,9.626877294051397,9.926862223852579,.2462387651426339,8.525359754082631,9.446913343602054,,1,0,0,0
2019-07-07,2019,7,7,1,0,0,0,0,1,-615,0,18436,13981,4773,11173,2261,229,2035,5290,0,381,.4064330657409416,385,2069,1278808.966666667,69.36477363130108,23.58333333333333,48.38845144356955,0,prcp_gsod_aero,12,tmax_gsod_aero,1.2,7.9,0,0,0,0,,,0,,,,,,,9.8220605538404,14.06143970792512,9.545454543987825,9.822114794070391,.258895638967238,8.470730317005897,9.321255432547337,,1,0,0,0
2019-07-08,2019,7,1,0,1,0,0,1,0,-614,0,24943,18161,6262,15210,3148,323,1861,6324,0,394,.3801066431463737,395,2434,1426895.433333333,57.20624757781074,22.33333333333333,63.30710659898477,0,prcp_gsod_aero,12,tmax_aero,5.3,10.4,0,0,0,0,,,0,,,,,,,10.12434850069279,14.1710116165024,9.807031716718498,10.12438859129756,.2510523994707934,8.742254901886351,9.629708385253339,,1,0,0,0
2019-07-09,2019,7,2,0,1,0,0,1,0,-613,0,25796,19101,6566,15513,3360,357,2592,6970,0,390,.4167312761668476,394,2820,1397111.433333333,54.16000284281801,24.15,66.14358974358974,0,prcp_gsod_aero,14,tmax_gsod_aero,7,12.8,0,0,0,0,,,0,,,,,,,10.15797472013027,14.14991740122354,9.857495968685136,10.15801348507901,.2545355869126996,8.789660098061537,9.649433661064331,,1,0,0,0
2019-07-10,2019,7,3,0,0,0,0,0,0,-612,0,33722,24329,7669,21839,3840,374,1359,6468,0,393,.2473459462665322,393,1648,1323027.95,39.23337732044363,17.3,85.80661577608143,0,prcp_gsod_aero,16.9,tmax_obs,10.2,13.4,0,0,0,0,,,0,,,,,,,10.42590572233793,14.09543356910221,10.09942433341212,10.42593537612991,.2274183025917798,8.94494150776486,9.991452641264772,,1,0,0,0
2019-07-11,2019,7,4,0,0,0,0,0,0,-611,0,30121,22189,6839,19641,3287,354,1404,3497,0,395,.2263537067162445,395,1296,2202721.7,73.12910261943495,16.28333333333334,76.25569620253165,0,,16,tmax_gsod_aero,8.4,12.9,1,0,0,0,,,0,,,,,,,10.31297788189391,14.60520429006955,10.00735194956642,10.31301108077179,.2270508947246107,8.830396801098097,9.885374497109201,,1,0,0,0
2019-07-12,2019,7,5,0,0,0,0,0,0,-610,0,29498,21531,7016,18895,3276,311,629,6014,0,397,.2572038782290325,397,1079,1237991.733333333,41.96866680226908,17.46666666666667,74.30226700251889,44.2,prcp_obs,19.4,tmax_obs,10.6,14.6,0,1,1,0,,,0,,,,,,,10.29207774341945,14.02900105476766,9.977249036098181,10.29211164344827,.2378466336700793,8.855948534052018,9.84665261578359,,1,0,0,0
2019-07-13,2019,7,6,1,0,0,0,0,0,-609,0,26918,19690,6722,16484,3359,353,2865,7326,0,397,.3508061520172375,397,1534,1461540.566666667,54.29603115635139,21.05833333333333,67.80352644836272,0,prcp_gsod_aero,17.4,tmax_obs,6.1,10.2,0,0,0,0,,,0,,,,,,,10.20055048679366,14.19500162001902,9.887866171633171,10.20058763596617,.2497213760309087,8.813141008285051,9.710145492458707,,1,0,0,0
2019-07-14,2019,7,7,1,0,0,0,0,0,-608,0,24083,18081,6171,14455,3110,347,2955,7102,0,395,.4016941410953785,395,1730,1109391.65,46.06534277291035,23.33333333333333,60.96962025316456,0,prcp_gsod_aero,12.5,tmax_aero,4.4,9.1,0,0,0,0,,,0,,,,,,,10.08926147638034,13.919322359984,9.802616942151154,10.08930299858434,.2562388406759955,8.727616178321068,9.578795654450447,,1,0,0,0
2019-07-15,2019,7,1,0,0,0,0,0,0,-607,0,35066,25219,8123,22561,4004,378,1429,6584,0,397,.2454514344379171,398,1392,2049250.183333333,58.4398044639632,17.15,88.32745591939546,0,,17.11111111111111,tmax_gsod_aero,5.5,12.1,1,0,0,0,,,0,,,,,,,10.46498727903007,14.5329845199789,10.13535295766221,10.46501579627588,.2316488906633206,9.002454823050954,10.02397803087075,,1,0,0,0
2019-07-16,2019,7,2,0,0,0,0,0,0,-606,0,33291,24194,7752,21349,3832,358,1230,5964,0,398,.2585383436964945,398,1392,1369782.966666667,41.14574409500065,17.53333333333334,83.64572864321607,0,prcp_gsod_aero,17.6,tmax_obs,4.6,10.3,0,0,0,0,,,0,,,,,,,10.41304236916867,14.13016286676329,10.09385994751979,10.41307240686599,.2328557267730017,8.955706153570603,9.968760179152325,,1,0,0,0
2019-07-17,2019,7,3,0,0,0,0,0,0,-605,0,32747,23933,7576,21063,3751,357,1369,6476,0,395,.2625584022963935,397,1447,1266872.6,38.68667664213515,17.56666666666667,82.90379746835443,0,prcp_gsod_aero,16,tmax_gsod_aero,5.8,13,0,0,0,0,,,0,,,,,,,10.39656663381415,14.05206190176135,10.08301353869462,10.39659717049634,.2313494365896113,8.932740634865914,9.955273225685358,,1,0,0,0
2019-07-18,2019,7,4,0,0,0,0,0,0,-604,0,32557,23522,7575,20973,3639,370,1754,5699,0,397,.2482108302362011,399,1409,1832397.266666667,56.28274308648422,17.1,82.00755667506297,0,,15.6,tmax_aero,10.7,14,1,0,0,0,,,0,,,,,,,10.39074767827941,14.42113564932513,10.06569143241098,10.39077839316846,.2326688576957336,8.932608630377571,9.950991175180095,,1,0,0,0
2019-07-19,2019,7,5,0,0,0,0,0,0,-603,0,33369,24351,7908,21203,3833,425,1710,6998,0,397,.2810093200275705,398,1556,2193232.066666667,65.72663450108384,18.21666666666667,84.0528967254408,.254,prcp_gsod_obs,17,tmax_gsod_aero,9.9,14.6,0,0,0,0,,,0,,,,,,,10.41538260426014,14.60088684335475,10.10032819542929,10.41541257174542,.2369864245257574,8.975630184290507,9.961897960082551,,1,0,0,0
2019-07-20,2019,7,6,1,0,0,0,0,0,-602,0,27192,19977,6958,16515,3402,317,3277,8486,0,396,.3530082377169756,396,1849,1798159.65,66.12826015004413,21.23333333333333,68.66666666666667,0,prcp_gsod_aero,19.8,tmax_obs,11.1,16.1,0,0,0,0,,,0,,,,,,,10.21067809137595,14.40227428317528,9.902336890778733,10.21071486622196,.2558840835539865,8.847647355711887,9.712024337824889,,1,0,0,0
2019-07-21,2019,7,7,1,0,0,0,0,0,-601,0,19428,15326,5100,11719,2339,270,4756,6650,0,396,.4100782375952234,397,1805,1347753.3,69.37169549104387,23.83333333333333,49.06060606060606,.254,prcp_gsod_obs,26,tmax_gsod_aero,13.6,21.4,0,0,0,0,,,0,,,,,,,9.874470603465635,14.11394954183624,9.637306011530349,9.874522074243114,.2625077208153181,8.536995818712418,9.368966735258603,,1,0,0,0
2019-07-22,2019,7,1,0,0,0,0,0,0,-600,0,31253,22451,7408,19773,3703,369,1595,6748,0,397,.2693501423863309,398,1558,1455393.866666667,46.56813319254685,17.8,78.72292191435768,25.908,prcp_gsod_aero,27.6,tmax_obs,9.4,12.8,0,1,1,0,,,0,,,,,,,10.34987065055684,14.19078712069541,10.01909043560822,10.34990264697325,.2370332448084984,8.910315776326016,9.892072649720829,,1,0,0,0
2019-07-23,2019,7,2,0,0,0,0,0,0,-599,0,31259,22404,7420,19860,3617,362,1772,6298,0,396,.2507437857896926,396,1493,1427310.65,45.6607904923382,16.93333333333333,78.93686868686869,0,prcp_gsod_aero,16.3,tmax_obs,8,10.3,0,0,0,0,,,0,,,,,,,10.35006261370051,14.17130256723088,10.01699479332972,10.35009460397547,.2373716369685531,8.911934336161426,9.896462937599164,,1,0,0,0
2019-07-24,2019,7,3,0,0,0,0,0,0,-598,0,31490,22749,7663,19808,3679,340,1763,6588,0,397,.2751667195935217,399,1606,1317602.016666667,41.84191859849688,17.975,79.31989924433249,0,prcp_gsod_aero,14,tmax_gsod_aero,4.4,10.3,0,0,0,0,,,0,,,,,,,10.35742531409507,14.09132398840501,10.03227646736905,10.35745706970391,.2433470943156558,8.944158830970403,9.893841175484322,,1,0,0,0
2019-07-25,2019,7,4,0,0,0,0,0,0,-597,0,18180,13999,4076,11926,1984,194,1870,2937,0,397,.207975797579758,398,688,960768.65,52.84756050605061,14.88333333333333,45.79345088161209,0,,15,tmax_obs,7,10.4,1,0,0,0,,,0,,,,,,,9.808077367731469,13.77548892015645,9.546741177474825,9.808132371719273,.2242024202420242,8.312871394342615,9.386476169683052,,1,0,0,0
2019-07-26,2019,7,5,0,0,0,0,0,0,-596,0,22184,15837,5017,14541,2379,247,859,4969,0,397,.2301658853227551,398,835,799293.1333333333,36.03016288015387,15.95,55.87909319899244,19.8,prcp_obs,14.11111111111111,tmax_gsod_aero,9.5,12.3,0,1,1,0,,,0,,,,,,,10.00712658729561,13.59148303272688,9.670104253491726,10.00717166381301,.2261539848539488,8.520587424484253,9.584727524513486,,1,0,0,0
2019-07-27,2019,7,6,1,0,0,0,0,0,-595,0,26073,19427,6755,15615,3387,316,2923,7599,0,396,.4052468070417674,397,2169,1475028.916666667,56.57304171620706,23.53333333333334,65.84090909090909,.508,prcp_gsod_aero,15,tmax_gsod_aero,6.2,12.7,0,0,0,0,,,0,,,,,,,10.16865557510557,14.20418815208367,9.874419130038781,10.16869392822273,.259080274613585,8.818038250394299,9.65598726971718,,1,0,0,0
2019-07-28,2019,7,7,1,0,0,0,0,0,-594,0,22816,17312,6106,13472,2933,305,3276,7427,0,394,.438288920056101,396,2153,1016767,44.56377103786817,25.4,57.90862944162436,0,prcp_gsod_aero,18,tmax_obs,8,12.2,0,0,0,0,,,0,,,,,,,10.03521732321402,13.83213854357068,9.759155181646207,10.03526115114557,.2676192145862553,8.717027173294824,9.508368736482108,,1,0,0,0
2019-07-29,2019,7,1,0,0,0,0,0,0,-593,0,30212,21901,7341,19081,3470,320,1962,6898,0,395,.2783662121011519,396,1427,1405767.616666667,46.53010779381261,18.11666666666667,76.48607594936709,0,prcp_gsod_aero,15.6,tmax_obs,9.5,13.1,0,0,0,0,,,0,,,,,,,10.31599447543334,14.15609405793911,9.994287576862567,10.31602757431626,.2429829206937641,8.901230352110781,9.856448354530341,,1,0,0,0
2019-07-30,2019,7,2,0,0,0,0,0,0,-592,0,31003,22602,7682,19245,3738,338,1853,6590,0,395,.2931974325065316,396,1605,1121818.233333333,36.18418325108323,18.56666666666667,78.48860759493671,0,prcp_gsod_aero,15,tmax_gsod_aero,7.5,12.4,0,0,0,0,,,0,,,,,,,10.34183925297851,13.93046134956427,10.0257936769201,10.3418715074014,.2477824726639357,8.94663520890585,9.865006565717847,,1,0,0,0
2019-07-31,2019,7,3,0,0,0,0,0,0,-591,0,30297,22251,7673,18682,3595,347,1793,7192,0,395,.3130342938244711,397,1600,1310133.45,43.24300920883255,19.41666666666667,76.70126582278481,0,prcp_gsod_aero,20,tmax_gsod_aero,8.699999999999999,15.1,0,0,0,0,,,0,,,,,,,10.31880397669467,14.08563956021792,10.01014223040467,10.31883698271827,.2532593986203254,8.945462952177666,9.835315772432795,,1,0,0,0
2019-08-01,2019,8,4,0,0,0,0,0,0,-590,0,31652,23002,7778,19877,3676,321,2317,7421,0,398,.277012511057753,399,1478,1465015.65,46.28508940983193,18,79.52763819095478,0,prcp_gsod_aero,20.5,tmax_obs,12,14.1,0,0,0,0,,,0,,,,,,,10.36255661672908,14.1973764829701,10.04333644765253,10.3625882098102,.2457348666750916,8.959054514715692,9.897318563390599,,1,0,0,0
2019-08-02,2019,8,5,0,0,0,0,0,0,-589,0,31453,22812,7774,19605,3730,344,2103,7225,0,398,.2906241058086669,399,1492,1397534.816666667,44.43248073845632,18.56666666666667,79.02763819095478,0,prcp_gsod_aero,16.8,tmax_obs,6.5,11.3,0,0,0,0,,,0,,,,,,,10.35624964708645,14.15022039723713,10.03504199227643,10.35628144005067,.2471624328362954,8.958540111412168,9.883539914726432,,1,0,0,0
2019-08-03,2019,8,6,1,0,0,0,0,0,-588,0,26237,19833,6938,15515,3476,308,2935,7748,0,398,.4026374966650151,399,2121,1601740.683333333,61.04892645246535,23.33333333333333,65.92211055276383,0,prcp_gsod_aero,17,tmax_gsod_aero,5.6,11.1,0,0,0,0,,,0,,,,,,,10.17492590725364,14.28660152292954,9.895102496001687,10.17496402064098,.2644357205473187,8.844768827529695,9.649562576882481,,1,0,0,0
2019-08-04,2019,8,7,1,0,0,0,0,0,-587,0,22219,17303,6108,12935,2926,250,3477,7372,0,396,.4411089607993159,398,2042,1344744.583333333,60.52228198088723,25.48333333333333,56.10858585858586,0,prcp_gsod_aero,16.3,tmax_aero,7.6,12.3,0,0,0,0,,,0,,,,,,,10.00870305768044,14.11171465211721,9.758635175856648,10.00874806319362,.2748998604797696,8.717354666338522,9.46769209462013,,1,0,0,0
2019-08-05,2019,8,1,0,0,0,0,0,0,-586,0,32671,24158,7995,20535,3774,367,1418,6725,0,398,.2636282942058706,398,1413,1505446.116666667,46.07897268729658,17.7,82.08793969849246,0,prcp_gsod_aero,16.5,tmax_aero,9.699999999999999,13.9,0,0,0,0,,,0,,,,,,,10.39424311324818,14.22459983527482,10.09237086716522,10.39427372096439,.2447124361054146,8.986571625268054,9.929886026390658,,1,0,0,0
2019-08-06,2019,8,2,0,0,0,0,0,0,-585,0,35503,26130,8762,22159,4185,397,1353,6868,0,398,.2809903388446047,399,1597,1196414.85,33.69897895952455,18.38333333333333,89.2035175879397,0,prcp_gsod_aero,20,tmax_gsod_aero,10.3,16.3,0,0,0,0,,,0,,,,,,,10.47737247893524,13.99484001789761,10.17083935851466,10.47740064517238,.2467960454046137,9.078179468373843,10.00599901348921,,1,0,0,0
2019-08-07,2019,8,3,0,0,0,0,0,0,-584,0,34660,25335,8566,21800,3954,340,1610,6576,0,398,.2561454125793422,399,1462,1384895,39.9565781881131,17.45833333333333,87.08542713567839,0,prcp_gsod_aero,22.8,tmax_obs,10.9,13.7,0,0,0,0,,,0,,,,,,,10.4533415632696,14.14113488245531,10.13994211791001,10.45337041455565,.2471436814772072,9.055556158175316,9.989665248777181,,1,0,0,0
2019-08-08,2019,8,4,0,0,0,0,0,0,-583,0,33695,24644,8194,21393,3799,309,1534,6449,0,398,.2433001929069595,399,1314,1858225.1,55.14839293663749,16.93333333333333,84.6608040201005,0,prcp_gsod_aero,16.8,tmax_obs,10.9,11.8,0,0,0,0,,,0,,,,,,,10.42510473738032,14.43513234279374,10.11228874213446,10.4251344149337,.243181480931889,9.011157458106817,9.970819044696412,,1,0,0,0
2019-08-09,2019,8,5,0,0,0,0,0,0,-582,0,15306,11699,3602,9838,1696,170,1161,4923,0,397,.2176270743499282,398,457,752732.2833333333,49.17890260899865,15.55,38.55415617128463,11.938,prcp_gsod_aero,15,tmax_obs,7.3,9.4,0,1,1,0,,,0,,,,,,,9.636000187369866,13.53146491014317,9.367258647047601,9.636065519091707,.2353325493270613,8.189244525735901,9.194007717355285,,1,0,0,0
2019-08-10,2019,8,6,1,0,0,0,0,0,-581,0,25601,19349,7055,14912,3333,301,2472,7262,0,398,.3980313269012929,399,2128,1791163.533333333,69.96459252893767,22.95,64.32412060301508,.508,prcp_gsod_aero,16.22222222222223,tmax_gsod_aero,3.4,10.3,0,0,0,0,,,0,,,,,,,10.15038669220473,14.39837598526831,9.87039601753593,10.15042575241606,.2755751728448108,8.861491864286915,9.609921536925372,,1,0,0,0
2019-08-11,2019,8,7,1,0,0,1,0,0,-580,0,23889,18213,6538,13980,3092,279,3122,7079,0,398,.4252584871698271,399,2142,1419931.716666667,59.43872563383426,24.4,60.02261306532663,0,prcp_gsod_aero,16.5,tmax_aero,7.3,12.7,0,0,0,0,,,0,,,,,,,10.08117338092555,14.16611934156677,9.809890903798543,10.08121524031986,.273682447988614,8.785386587284156,9.545383015787801,,1,0,0,0
2019-08-12,2019,8,1,0,0,0,0,0,0,-579,0,30223,22343,7435,19092,3402,294,1471,5866,0,398,.2347880753068855,399,1115,1473462.016666667,48.75300323153449,16.36666666666667,75.93718592964824,0,prcp_gsod_aero,18.1,tmax_obs,9,11.9,0,0,0,0,,,0,,,,,,,10.31635850290489,14.20312530320067,10.01426835187949,10.31639158974129,.2460046984084968,8.913953858894255,9.857024678125788,,1,0,0,0
2019-08-13,2019,8,2,0,0,0,0,0,0,-578,0,28797,21220,7172,18010,3296,319,991,5208,0,398,.2330103830260097,399,1068,1330532.7,46.20386498593603,16.4,72.35427135678393,0,prcp_gsod_aero,13.7,tmax_obs,2,7.2,0,0,0,0,,,0,,,,,,,10.26802649403165,14.10108994632447,9.962699412167973,10.26806121926822,.2490537208737021,8.877939834725023,9.798682438170001,,1,0,0,0
2019-08-14,2019,8,3,0,0,0,0,0,0,-577,0,27622,20758,6652,17460,3255,255,1064,5326,0,397,.2421258417203678,399,1041,1565379.25,56.67146658460648,16.61666666666667,69.57682619647355,0,prcp_gsod_aero,11.3,tmax_obs,1,6.6,0,0,0,0,,,0,,,,,,,10.22636783563787,14.26363868486704,9.940686993525235,10.22640403800913,.2408225327637391,8.802672840312818,9.767667829393593,,1,0,0,0
2019-08-15,2019,8,4,0,0,0,0,0,0,-576,0,30119,22415,7355,18910,3546,308,1287,6047,0,398,.257644676118065,399,1187,1117310.033333333,37.09651825536483,17.43333333333333,75.67587939698493,0,prcp_gsod_aero,13,tmax_gsod_aero,5.3,11.3,0,0,0,0,,,0,,,,,,,10.31291148083147,13.92643459847661,10.01748565658954,10.31294468191383,.2441980145423155,8.903135633035538,9.847446161652503,,1,0,0,0
2019-08-16,2019,8,5,0,0,0,0,0,0,-575,0,30320,22725,7621,18902,3523,274,1533,6787,0,398,.2948218997361478,399,1180,1775521.633333333,58.55942062445031,18.61666666666667,76.18090452261306,0,prcp_gsod_aero,17,tmax_gsod_aero,10,15,0,0,0,0,,,0,,,,,,,10.31956283975631,14.38960481565226,10.03122091904568,10.31959582074277,.2513522427440633,8.938662873666118,9.847023015555001,,1,0,0,0
2019-08-17,2019,8,6,1,1,0,0,1,1,-574,0,18455,14254,4890,11014,2378,173,3085,7482,0,397,.3991330262801409,399,1269,1599483.816666667,86.66940214937236,23.35,46.48614609571789,35.05199999999999,prcp_gsod_aero,21,tmax_obs,12,14.7,0,1,1,0,,,0,,,,,,,9.8230906154641,14.2851915205754,9.564792848061815,9.823144799853589,.2649688431319426,8.494947582468917,9.306922469822426,,1,0,0,0
2019-08-18,2019,8,7,1,0,0,0,0,1,-573,0,17688,13836,4922,10346,2234,186,3066,6275,0,397,.4174581637268204,398,1521,985340.3333333334,55.70671264887683,23.84166666666667,44.55415617128463,0,prcp_gsod_aero,17.2,tmax_obs,7,10.4,0,0,0,0,,,0,,,,,,,9.780641722537283,13.80074237655174,9.53502917005706,9.780698256443507,.2782677521483492,8.501470230951002,9.24435525056346,,1,0,0,0
2019-08-19,2019,8,1,0,1,0,0,1,0,-572,0,18517,14514,4937,11032,2342,206,1984,5122,0,398,.3390938056920668,398,1324,1020324.516666667,55.10204226746593,20.33333333333333,46.52512562814071,0,prcp_gsod_aero,13,tmax_obs,2.2,6.4,0,0,0,0,,,0,,,,,,,9.826444508037817,13.8356312882551,9.582868979838082,9.826498511007992,.2666198628287519,8.504513138258863,9.308555419473137,,1,0,0,0
2019-08-20,2019,8,2,0,0,0,0,0,0,-571,0,26068,19646,6392,16365,3060,251,1050,5111,0,398,.2426730090532454,398,979,977150.4,37.48467086082553,16.66666666666667,65.49748743718592,0,prcp_gsod_aero,10,tmax_gsod_aero,4,8.199999999999999,0,0,0,0,,,0,,,,,,,10.16846378745227,13.79239585981187,9.885629034234816,10.16850214792564,.245204848856836,8.762802487446111,9.702900186935281,,1,0,0,0
2019-08-21,2019,8,3,0,0,0,0,0,0,-570,0,27228,20589,6880,16999,3120,229,1070,5132,0,398,.2443440575877773,399,1071,1016093.5,37.31796312619363,17,68.41206030150754,0,prcp_gsod_aero,11.22222222222223,tmax_gsod_aero,7.1,9.6,0,0,0,0,,,0,,,,,,,10.21200113456784,13.83147593044534,9.932512231576745,10.21203786079221,.2526810636109887,8.836373930927389,9.74090979777877,,1,0,0,0
2019-08-22,2019,8,4,0,0,0,0,0,0,-569,0,28410,21509,6962,17907,3287,254,1158,5723,0,398,.25969728968673,400,1084,1086510.583333333,38.24394872697407,17.51666666666667,71.38190954773869,0,prcp_gsod_aero,12.5,tmax_gsod_aero,8.6,11.3,0,0,0,0,,,0,,,,,,,10.25449647484823,13.89848181938897,9.976226731176434,10.2545316731024,.2450545582541359,8.848222068371385,9.79294697683676,,1,0,0,0
2019-08-23,2019,8,5,0,0,0,0,0,0,-568,0,30737,22989,7907,18910,3639,281,1472,6580,0,398,.2808992419559488,399,1174,1428597.55,46.47810619123531,18.25,77.2286432160804,0,prcp_gsod_aero,15.5,tmax_gsod_aero,6.2,11.6,0,0,0,0,,,0,,,,,,,10.33322241961703,14.17220378673584,10.04277111963851,10.33325495316726,.2572469661970915,8.975503722070927,9.847446161652503,,1,0,0,0
2019-08-24,2019,8,6,1,0,0,0,0,0,-567,0,24724,18903,6645,14654,3176,249,3069,7873,0,400,.3886507037696166,400,1817,1431111.216666667,57.88348231138435,22.56666666666667,61.81,0,prcp_gsod_aero,17.8,tmax_obs,9.9,13.8,0,0,0,0,,,0,,,,,,,10.11552971077916,14.17396177506202,9.847075918610166,10.11557015649091,.2687671897751173,8.801619971147346,9.592468614719909,,1,0,0,0
2019-08-25,2019,8,7,1,0,0,0,0,0,-566,0,21034,16537,5967,12153,2663,251,3695,7468,0,399,.4523152990396501,400,1954,1058054.516666667,50.30210690627872,26.18333333333333,52.71679197994988,0,prcp_gsod_aero,16.5,tmax_aero,11.5,15.1,0,0,0,0,,,0,,,,,,,9.953895455079973,13.87194241811319,9.713355573650196,9.953942996024621,.2836835599505562,8.693999567522083,9.4053313318708,,1,0,0,0
2019-08-26,2019,8,1,0,0,0,0,0,0,-565,0,31305,23706,7933,19372,3719,281,1551,6722,0,400,.2778789330777831,400,1336,1174274.383333333,37.51076132673162,18.13333333333333,78.2625,0,prcp_gsod_aero,18.5,tmax_gsod_aero,13.2,17.6,0,0,0,0,,,0,,,,,,,10.35153310817941,13.97616096870097,10.07348345963945,10.35156505144817,.253409998402811,8.978786553302003,9.87158400352312,,1,0,0,0
2019-08-27,2019,8,2,0,0,0,0,0,0,-564,0,31572,23953,8058,19489,3757,268,1536,6890,0,400,.2913974407703028,400,1413,1070334.85,33.90139522361586,18.98333333333333,78.93000000000001,0,prcp_gsod_aero,20.11111111111111,tmax_gsod_aero,12.6,18.3,0,0,0,0,,,0,,,,,,,10.36002593082829,13.88348210140659,10.0838488559549,10.36005760396156,.2552261497529457,8.994420665751292,9.877605482822025,,1,0,0,0
2019-08-28,2019,8,3,0,0,0,0,0,0,-563,0,32520,24629,8350,20000,3824,346,1428,6847,0,400,.286039360393604,400,1115,1528289.7,46.99537822878229,18.75,81.3,0,prcp_gsod_aero,22,tmax_gsod_aero,16.5,20.6,0,0,0,0,,,0,,,,,,,10.38961056366175,14.23965982497872,10.11167988939713,10.38964131349647,.2567650676506765,9.030016817844901,9.903487552536127,,1,0,0,0
2019-08-29,2019,8,4,0,0,0,0,0,0,-562,0,31489,23697,8193,19230,3729,337,1700,7007,0,400,.2706977039601131,400,1149,1479525.333333333,46.98546582404438,17.95,78.7225,7.112,prcp_gsod_aero,26,tmax_obs,16.3,21.2,0,1,0,0,,,0,,,,,,,10.35739355747778,14.20723187357769,10.07310373683253,10.35742531409507,.2601860967321922,9.011035410141815,9.864226838582825,,1,0,0,0
2019-08-30,2019,8,5,0,0,0,0,0,0,-561,0,32725,24214,8316,20252,3839,318,1772,7355,0,400,.2700381970970207,400,1202,1850226,56.53860962566845,17.86666666666667,81.8125,0,,22.5,tmax_obs,12.8,14.2,1,0,0,0,,,0,,,,,,,10.3958945907781,14.43081835175548,10.09468625726769,10.39592514798884,.2541176470588235,9.025936648977904,9.9160088330898,,1,0,0,0
2019-08-31,2019,8,6,1,0,0,1,0,0,-560,0,24761,19081,6936,14283,3295,247,3302,8092,0,400,.4186826057105933,400,1775,1514539.683333333,61.16633752002477,24.4,61.9025,0,prcp_gsod_aero,19,tmax_gsod_aero,7.3,12.8,0,0,0,0,,,0,,,,,,,10.1170251137051,14.23062211137313,9.856448354530341,10.11706549898064,.2801179273858083,8.844480518460378,9.566825297862629,,1,0,0,0
2019-09-01,2019,9,7,1,0,0,0,0,0,-559,0,19168,15110,5282,11194,2464,228,3619,6875,0,396,.4257095158597663,399,1600,1197739.583333333,62.4864139885921,24.30833333333333,48.4040404040404,0,prcp_gsod_aero,19.8,tmax_obs,7,11.3,0,0,0,0,,,0,,,,,,,9.860997500915175,13.99594665784538,9.623112055266786,9.86104966983816,.2755634390651085,8.572060092857077,9.323133199451306,,1,0,0,0
2019-09-02,2019,9,1,0,0,0,0,0,0,-558,0,26877,20481,6655,16917,3037,268,1266,5082,0,399,.2447073706142799,400,928,1364494.183333333,50.76809849809627,16.9,67.3609022556391,0,prcp_gsod_aero,16.22222222222223,tmax_gsod_aero,6,10.5,0,0,0,0,,,0,,,,,,,10.19902618126569,14.1262943562657,9.927252906086389,10.19906338710701,.2476094802247275,8.803123730829212,9.736074312475292,,1,0,0,0
2019-09-03,2019,9,2,0,0,0,0,0,0,-557,0,27105,20538,6971,16882,3005,247,959,5237,0,398,.2513558384061981,400,1018,1098979.9,40.54528315808891,17.15,68.10301507537689,0,prcp_gsod_aero,16.5,tmax_obs,2.4,8.4,0,0,0,0,,,0,,,,,,,10.20747349169444,13.90989294386455,9.93003210775824,10.20751038457596,.2571850212137982,8.849513965486398,9.734003244543665,,1,0,0,0
2019-09-04,2019,9,3,0,0,0,0,0,0,-556,0,27176,20484,6971,16826,3132,247,1099,5366,0,399,.2563291139240506,399,938,1185066.166666667,43.60708590913551,17.28333333333334,68.11027568922306,0,prcp_gsod_aero,14.2,tmax_obs,3.5,8.9,0,0,0,0,,,0,,,,,,,10.21008950984042,13.98530916784206,9.927399372582441,10.2101263063374,.2565130997939358,8.849513965486398,9.73068058811076,,1,0,0,0
2019-09-05,2019,9,4,0,0,0,0,0,0,-555,0,26847,20216,6791,16809,2994,253,1288,5175,0,395,.2441241107013819,395,877,1035367.933333333,38.56549831762705,16.81666666666667,67.96708860759493,0,,13.6,tmax_obs,6,9.4,1,0,0,0,,,0,,,,,,,10.19790936185097,13.85026741265292,9.91422964906803,10.19794660926693,.2529519126904309,8.823353485113792,9.729669736233394,,1,0,0,0
2019-09-06,2019,9,5,0,0,0,0,0,0,-554,0,28915,21933,7389,17962,3294,270,1270,6006,0,397,.2787826387688051,397,1077,1254262.683333333,43.37757853478586,18.08333333333333,72.83375314861461,0,prcp_gsod_aero,15,tmax_gsod_aero,8,11.9,0,0,0,0,,,0,,,,,,,10.27211577059232,14.04205845458027,9.995747630961425,10.27215035412019,.2555421061732665,8.907747686788648,9.796013694230895,,1,0,0,0
2019-09-07,2019,9,6,1,0,0,0,0,0,-553,0,23598,18029,6453,13852,3056,237,2915,7518,0,397,.3850326298838885,397,1384,1345390.4,57.01289939825409,22.26666666666667,59.44080604534005,0,prcp_gsod_aero,19,tmax_gsod_aero,11.4,14.8,0,0,0,0,,,0,,,,,,,10.06891724165986,14.11219478912378,9.7997368515422,10.06895961723459,.2734553775743707,8.77230041793584,9.536184905522312,,1,0,0,0
2019-09-08,2019,9,7,1,0,0,0,0,0,-552,0,18060,14308,5045,10582,2261,172,3428,6639,0,395,.4384828349944629,397,1298,1142380.166666667,63.2547157622739,25.13333333333333,45.72151898734177,0,prcp_gsod_aero,18.8,tmax_obs,11,13.9,0,0,0,0,,,0,,,,,,,9.801454826970977,13.94862450930564,9.568574100378909,9.801510196423664,.2793466223698782,8.52615293278771,9.266909723464076,,1,0,0,0
2019-09-09,2019,9,1,0,0,0,0,0,0,-551,0,13508,10668,3303,8661,1415,129,1273,4671,0,395,.2075806929227125,397,295,430943.4333333334,31.90283042147863,14.38333333333333,34.19746835443038,17.018,prcp_gsod_aero,19,tmax_obs,12.3,13.6,0,1,1,0,,,0,,,,,,,9.511037381505458,12.9737321153062,9.275003885301905,9.511111408969681,.2445217648800711,8.10258642539079,9.066585468331045,,1,0,0,0
2019-09-10,2019,9,2,0,0,0,0,0,0,-550,0,26504,20098,6806,16368,3089,241,1063,5745,0,398,.2662239661937821,398,809,867842.1,32.74381602776939,17.41666666666667,66.5929648241206,4.064,prcp_gsod_aero,15,tmax_gsod_aero,11,13.5,0,1,0,0,,,0,,,,,,,10.18505094397973,13.67376506465202,9.908375586608903,10.18508867342191,.2567914277090251,8.825559855060851,9.703083488191409,,1,0,0,0
2019-09-11,2019,9,3,0,0,0,0,0,0,-549,0,26171,19894,6647,16212,3086,226,1052,5486,0,397,.2785908066180123,398,937,1112889.816666667,42.52377886464662,17.96666666666667,65.92191435768262,0,prcp_gsod_aero,16.2,tmax_aero,10.6,13.7,0,0,0,0,,,0,,,,,,,10.17240720648692,13.92247062865159,9.898173457712359,10.17244541598963,.253983416759008,8.801920904041582,9.693506987748199,,1,0,0,0
2019-09-12,2019,9,4,0,0,0,0,0,0,-548,0,26953,20624,7101,16559,3052,241,1301,5866,0,397,.2831966756947278,398,920,1089420.566666667,40.41926934540373,18.3,67.89168765743074,0,prcp_gsod_obs,16,tmax_gsod_aero,7.6,13.3,0,0,0,0,,,0,,,,,,,10.20184988739601,13.90115652264709,9.934210725178968,10.2018869883291,.2634586131413943,8.867990898182093,9.714685039642484,,1,0,0,0
2019-09-13,2019,9,5,0,0,0,0,0,0,-547,0,26352,20158,6839,16087,3170,256,1605,5104,0,397,.286050394656952,398,899,1106305.15,41.98182870370371,18.31666666666667,66.37783375314862,0,prcp_gsod_aero,19.8,tmax_obs,9,14.4,0,0,0,0,,,0,,,,,,,10.17929945241742,13.916536327169,9.911356510914823,10.17933739948127,.2595248937462052,8.830396801098097,9.685766771390307,,1,0,0,0
2019-09-14,2019,9,6,1,0,0,0,0,0,-546,0,19647,15554,5548,11407,2505,187,2396,6538,0,398,.4281060721738688,398,1356,1219906.333333333,62.09122682004038,24.58333333333333,49.3643216080402,0,prcp_gsod_aero,18,tmax_gsod_aero,11.6,15.5,0,0,0,0,,,0,,,,,,,9.885679933886163,14.01428463780573,9.652073119254888,9.885730830946869,.2823840789942485,8.621192781434722,9.341982481027898,,1,0,0,0
2019-09-15,2019,9,7,1,0,0,0,0,0,-545,0,17787,14064,5039,10247,2330,171,3405,6736,0,396,.4734918760892787,397,1408,978742.3333333334,55.0257116620753,27.75,44.91666666666666,0,prcp_gsod_aero,19,tmax_gsod_aero,12.8,17.5,0,0,0,0,,,0,,,,,,,9.786223132375477,13.79402369313599,9.551373619924958,9.786279351630586,.2832967897902963,8.524962928680598,9.234740258799718,,1,0,0,0
2019-09-16,2019,9,1,0,0,0,0,0,0,-544,0,21954,17418,5716,13369,2660,209,1360,4916,0,394,.2872824997722511,395,846,838307.2166666667,38.18471425100969,18.33333333333333,55.72081218274111,0,prcp_gsod_aero,23.2,tmax_obs,12.5,16.1,0,0,0,0,,,0,,,,,,,9.996704634247262,13.63913991928109,9.765259433252686,9.996750182995818,.2603625762958914,8.651024539049757,9.500693872983122,,1,0,0,0
2019-09-17,2019,9,2,0,0,0,0,0,0,-543,0,19118,15328,5122,11518,2305,173,1355,4519,0,392,.3298462182236636,394,789,824803.75,43.14278428705931,20.31666666666667,48.77040816326531,0,prcp_gsod_aero,23.22222222222222,tmax_gsod_aero,8.699999999999999,16,0,0,0,0,,,0,,,,,,,9.858385578623707,13.62290075823129,9.637436500210642,9.858437883982404,.2679150538759285,8.541300266759471,9.351666308066617,,1,0,0,0
2019-09-18,2019,9,3,0,0,0,0,0,0,-542,0,21596,17415,5635,13188,2580,193,1137,4957,0,392,.3001944804593443,394,902,1089162.366666667,50.43352318330555,19.06666666666667,55.09183673469388,0,prcp_gsod_aero,24.5,tmax_obs,9.5,16.5,0,0,0,0,,,0,,,,,,,9.980263391338177,13.90091948783216,9.765087182800102,9.980309695137413,.2609279496203001,8.636752426473876,9.487062604191621,,1,0,0,0
2019-09-19,2019,9,4,0,0,0,0,0,0,-541,0,28777,22166,7468,17641,3396,272,1525,6223,0,396,.2802237898321576,397,1255,1278556.133333333,44.4297923109891,18.16666666666667,72.66919191919192,0,prcp_gsod_aero,21.4,tmax_obs,13.5,17.1,0,0,0,0,,,0,,,,,,,10.26733173595319,14.06124197836812,10.0063148623356,10.26736648532336,.259512805365396,8.918382504661613,9.777981017296407,,1,0,0,0
2019-09-20,2019,9,5,0,0,0,0,0,0,-540,0,29806,22880,7858,18087,3571,290,1677,5780,0,396,.2995370059719519,397,1340,1178664.533333333,39.54453913082377,19.075,75.26767676767676,0,prcp_gsod_aero,20.72222222222222,tmax_gsod_aero,6.4,13.8,0,0,0,0,,,0,,,,,,,10.30246499450874,13.97989260411517,10.03801844549373,10.30249854423783,.2636381936522848,8.969287400118406,9.802948727157515,,1,0,0,0
2019-09-21,2019,9,6,1,0,0,0,0,0,-539,0,23373,18570,6732,13351,3030,260,2084,7274,0,396,.4478244127839815,397,2018,1363221.483333333,58.32462599295483,26.11666666666667,59.02272727272727,0,prcp_gsod_aero,24,tmax_gsod_aero,10.4,16.7,0,0,0,0,,,0,,,,,,,10.05933678899897,14.12536119442049,9.829302654346751,10.0593795724931,.2880246438197921,8.814627555310697,9.499346567390095,,1,0,0,0
2019-09-22,2019,9,7,1,0,0,0,0,0,-538,0,22136,17764,6324,12632,2934,246,3558,7460,0,396,.4596132996024576,397,2113,1258328.416666667,56.84533866401638,26.675,55.8989898989899,0,prcp_gsod_aero,25,tmax_obs,9.5,14.9,0,0,0,0,,,0,,,,,,,10.00496052146676,14.04529474470475,9.784929216411992,10.00500569572648,.2856884712685219,8.752107198329362,9.443988555935478,,1,0,0,0
2019-09-23,2019,9,1,0,0,0,0,0,0,-537,0,31905,24454,8386,19300,3913,306,1356,6767,0,396,.2766024134148253,397,1348,1400550.066666667,43.89751031708718,17.95,80.56818181818181,0,prcp_gsod_aero,18,tmax_gsod_aero,10.8,15.1,0,0,0,0,,,0,,,,,,,10.37051801630245,14.15237562218053,10.10454908070414,10.37054935886094,.2628428146058612,9.034318927730707,9.867860374892977,,1,0,0,0
2019-09-24,2019,9,2,0,0,0,0,0,0,-536,0,34057,26022,9002,20512,4244,299,1492,7134,0,396,.2909534016501747,397,1462,1320163.833333333,38.76336240224722,18.66666666666667,86.00252525252525,0,prcp_gsod_aero,20.5,tmax_gsod_aero,11.5,18.6,0,0,0,0,,,0,,,,,,,10.43579087047835,14.0932664030224,10.16669761306342,10.43582023258655,.2643215785301113,9.105202053852878,9.928765359720396,,1,0,0,0
2019-09-25,2019,9,3,0,0,0,0,0,0,-535,0,34332,26420,9196,20659,4154,323,1841,7685,0,395,.296603751602004,396,1544,1285787.683333333,37.45158112936425,18.98333333333333,86.91645569620253,0,prcp_gsod_aero,30.72222222222222,tmax_gsod_aero,14.2,22.4,0,0,0,0,,,0,,,,,,,10.44383314283811,14.06688207165282,10.18187657807632,10.44386226975867,.2678550623325178,9.126523885883072,9.935906338791629,,1,0,0,0
2019-09-26,2019,9,4,0,0,0,0,0,0,-534,0,18444,16866,4826,11273,2179,166,1930,5887,0,396,.2862177401865105,397,785,656426.4166666666,35.59024163232849,18.68333333333333,46.57575757575758,0,prcp_gsod_aero,30.9,tmax_obs,13,20.4,0,0,0,0,,,0,,,,,,,9.822494393326597,13.39456588215772,9.733055040134587,9.822548610030776,.2616569073953589,8.481773246184977,9.330165765044532,,1,0,0,0
2019-09-27,2019,9,5,0,0,0,0,0,0,-533,0,36979,27714,9834,22128,4640,377,1872,8248,0,391,.2937613239946997,393,1634,1323691.266666667,35.79575614988687,18.71666666666667,94.57544757033249,0,prcp_gsod_aero,27.4,tmax_obs,13.7,16.3,0,0,0,0,,,0,,,,,,,10.51810546293135,14.09593480601195,10.22969297965866,10.51813250494112,.265934719705779,9.193601047971885,10.00459905390454,,1,0,0,0
2019-09-28,2019,9,6,1,0,0,0,0,0,-532,0,28311,22059,8073,16105,3861,272,3192,8793,0,392,.4271131362367984,393,2104,1569214.166666667,55.42771949654433,24.78333333333334,72.22193877551021,0,prcp_gsod_aero,20.22222222222223,tmax_gsod_aero,13.2,17.3,0,0,0,0,,,0,,,,,,,10.25100570068944,14.26608552123158,10.00147596086433,10.2510410220253,.285154180353926,8.996280439395015,9.686885061765299,,1,0,0,0
2019-09-29,2019,9,7,1,0,0,1,0,0,-531,0,24134,19414,7268,13397,3201,268,4200,8941,0,393,.498011104665617,393,2303,1432756.466666667,59.36672191375929,29.86666666666667,61.40966921119593,0,prcp_gsod_aero,23.22222222222222,tmax_gsod_aero,14.4,20.9,0,0,0,0,,,0,,,,,,,10.09137691363355,14.17511074586858,9.873749734272172,10.09141834809459,.3011519018811635,8.891236429516061,9.502786080276986,,1,0,0,0
2019-09-30,2019,9,1,0,0,0,1,0,0,-530,0,28974,22448,7580,17682,3424,288,1801,6755,0,396,.2655139090218817,396,1046,930894.4333333334,32.12861300936472,17.58333333333333,73.16666666666667,4.064,prcp_gsod_aero,27.5,tmax_obs,19,22.4,0,1,0,0,,,0,,,,,,,10.2741541551016,13.7439011592106,10.01895680234224,10.27418866820795,.261613860702699,8.933268478636418,9.780302451965749,,1,0,0,0
2019-10-01,2019,10,2,0,0,0,1,0,0,-529,0,21384,16686,5471,13287,2428,198,736,4902,0,395,.2279741863075196,396,653,716713.8833333333,33.516361921686,16,54.13670886075949,24.892,prcp_gsod_aero,27.2,tmax_obs,10.6,14.5,0,1,1,0,,,0,,,,,,,9.970398257818754,13.48243199298643,9.72232532346202,9.970445020661009,.2558454919566031,8.607216694063826,9.494541392591309,,1,0,0,0
2019-10-02,2019,10,3,0,0,0,0,0,0,-528,0,30769,23401,8134,18815,3537,283,1368,6195,0,393,.2513893854203906,395,991,973932.9333333334,31.65305773126632,16.88333333333333,78.29262086513995,0,prcp_gsod_aero,16.27777777777778,tmax_gsod_aero,11.2,14,0,0,0,0,,,0,,,,,,,10.33426296860046,13.78909772330663,10.06053403547541,10.33429546831609,.2643569826773701,9.003808086467171,9.842409703027538,,1,0,0,0
2019-10-03,2019,10,4,0,0,0,0,0,0,-527,0,30084,22925,7762,18457,3601,264,1342,5194,0,393,.2262996941896024,394,918,975725.1166666667,32.4333571555201,15.80833333333333,76.54961832061069,0,prcp_gsod_aero,17.3,tmax_obs,6.3,11.3,0,0,0,0,,,0,,,,,,,10.31174874794629,13.7909361829669,10.03998329712467,10.31178198765445,.258010902805478,8.956995311928852,9.823198981307291,,1,0,0,0
2019-10-04,2019,10,5,0,0,0,0,0,0,-526,0,19081,14502,4710,12047,2130,194,1305,5492,0,395,.2078507415753891,395,426,626783.9,32.84858760023059,15.06666666666667,48.30632911392405,4.064,prcp_gsod_aero,15,tmax_obs,10.8,13.8,0,1,0,0,,,0,,,,,,,9.856448354530341,13.34835710310986,9.582041849931539,9.856500761311791,.2468424086787904,8.457443187010464,9.396570945266852,,1,0,0,0
2019-10-05,2019,10,6,1,0,0,0,0,0,-525,0,27219,21029,7832,15530,3600,257,2516,7809,0,394,.4008964326389654,395,1662,1407280.066666667,51.7021222920264,23.28333333333334,69.08375634517766,.508,prcp_gsod_aero,19,tmax_gsod_aero,10,15.4,0,0,0,0,,,0,,,,,,,10.21167053783774,14.1571693686455,9.953657716448705,10.21170727620546,.2877401814908703,8.965973184210347,9.650528916142733,,1,0,0,0
2019-10-06,2019,10,7,1,0,0,0,0,0,-524,0,23218,18701,6692,13177,3122,227,3686,8132,0,394,.4665776552674649,395,1880,1357977.466666667,58.48813277055159,27.38333333333333,58.92893401015228,0,prcp_gsod_aero,19.5,tmax_gsod_aero,11,16.1,0,0,0,0,,,0,,,,,,,10.05268311889798,14.12150699393415,9.836332277348721,10.05272618800237,.2882246532862434,8.808668062106715,9.486228164545253,,1,0,0,0
2019-10-07,2019,10,1,0,0,0,0,0,0,-523,0,33024,25596,8767,19922,4054,281,1599,7301,0,396,.2845203488372093,396,1239,1132233.183333333,34.28516180151809,18.36666666666667,83.39393939393939,0,prcp_gsod_aero,25.5,tmax_gsod_aero,13,19.2,0,0,0,0,,,0,,,,,,,10.40498984884123,13.93970250887569,10.15019136825935,10.40502012939053,.2654735949612403,9.078749951588586,9.89957992770511,,1,0,0,0
2019-10-08,2019,10,2,0,0,0,1,0,0,-522,0,35950,27483,9838,21303,4509,300,1757,7881,0,396,.294019471488178,396,1373,1283483.533333333,35.701906351414,18.80833333333333,90.78282828282828,0,prcp_gsod_aero,26.11111111111111,tmax_gsod_aero,11,19.4,0,0,0,0,,,0,,,,,,,10.48988436314919,14.06508844970837,10.22132291068332,10.48991217917401,.2736578581363004,9.194007717355285,9.966603186850204,,1,0,0,0
2019-10-09,2019,10,3,0,0,0,1,0,0,-521,0,33401,25254,8805,20303,3998,295,1819,6805,0,395,.2525373491811622,396,1163,1086957.283333333,32.54265690647985,17.16666666666667,84.55949367088607,0,,26.5,tmax_aero,14,20.6,1,0,0,0,,,0,,,,,,,10.41634111863636,13.89889286756975,10.13673983799863,10.41637105741156,.2636148618304841,9.083075020930307,9.918523937362242,,1,0,0,0
2019-10-10,2019,10,4,0,0,0,0,0,0,-520,0,34819,26233,9277,21019,4204,319,1795,8075,0,396,.2714897038972974,396,1191,1278527.4,36.719245239668,18.03333333333334,87.92676767676768,8.889999999999999,prcp_gsod_aero,28.2,tmax_obs,17,22.3,0,1,0,0,,,0,,,,,,,10.45791849378284,14.06121950484861,10.17477343917635,10.45794721332218,.2664349923892128,9.135293497653272,9.953182069559981,,1,0,0,0
2019-10-11,2019,10,5,0,0,0,0,0,0,-519,0,23198,18151,6107,14252,2630,209,1902,6349,0,395,.2778687817915337,396,645,1159284.116666667,49.97345101589217,17.95,58.72911392405063,26.924,prcp_gsod_aero,27,tmax_obs,18,21.5,0,1,1,0,,,0,,,,,,,10.05182134704182,13.96331323176818,9.806480934593978,10.05186445327715,.2632554530562979,8.717190933223135,9.564652526725727,,1,0,0,0
2019-10-12,2019,10,6,1,1,0,0,1,1,-518,0,14638,11538,4081,8703,1715,139,2049,6259,0,389,.3597485995354557,392,584,889853.9166666666,60.79067609418409,20.83333333333333,37.62982005141388,77.97799999999999,prcp_gsod_aero,23.1,tmax_obs,16,18.9,0,1,1,0,,,0,,,,,,,9.591376166161172,13.69881258965933,9.353401214816834,9.591444479171411,.2787949173384342,8.314097335405807,9.071423072789514,,1,0,0,0
2019-10-13,2019,10,7,1,0,0,0,0,1,-517,0,20875,16601,6131,11893,2657,194,3589,7670,0,392,.4567664670658683,393,1531,1344800.833333333,64.42159680638723,26.61666666666667,53.25255102040816,.7619999999999999,prcp_gsod_aero,20.2,tmax_obs,14.22222222222222,18,0,0,0,0,,,0,,,,,,,9.946307549719057,14.11175648074718,9.717218213494077,9.946355452763305,.2937005988023952,8.721113147762688,9.383705270727246,,1,0,0,0
2019-10-14,2019,10,1,0,1,0,0,1,0,-516,0,21877,16792,6149,12794,2714,220,2504,6194,0,393,.3335923572701924,394,1178,982625.7166666667,44.9159261629413,19.83333333333333,55.66666666666666,0,prcp_gsod_aero,19.3,tmax_obs,8.199999999999999,11.3,0,0,0,0,,,0,,,,,,,9.993191135617908,13.79798357043472,9.728657861500469,9.993236844679736,.2810714448964666,8.724044745953469,9.456731590010083,,1,0,0,0
2019-10-15,2019,10,2,0,0,0,0,0,0,-515,0,21626,16512,5480,13414,2516,216,1336,4008,0,394,.1993896236012208,394,492,666025.5833333334,30.79744674620056,14.26666666666667,54.88832487309644,2.032,prcp_gsod_aero,14.2,tmax_obs,8.6,11.4,0,1,0,0,,,0,,,,,,,9.981651573505483,13.40908336219816,9.711842668281289,9.981697813072689,.2533986867659299,8.608860379942062,9.504054216659682,,1,0,0,0
2019-10-16,2019,10,3,0,0,0,0,0,0,-514,0,22765,17880,6006,14068,2487,204,847,5267,0,391,.2483637162310564,394,592,972746.6,42.72991873490006,16.73333333333333,58.22250639386189,11.9,prcp_obs,16.11111111111111,tmax_gsod_aero,11.1,14.2,0,1,1,0,,,0,,,,,,,10.03297954776888,13.78787889559525,9.791438048727505,10.03302347388516,.26382604875906,8.700514248543275,9.551657993593873,,1,0,0,0
2019-10-17,2019,10,4,0,0,0,0,0,0,-513,0,15745,12749,3975,9915,1709,146,1241,5704,0,393,.2157510320736742,395,307,630371.2666666667,40.03628241769874,15.1,40.06361323155216,14.986,prcp_gsod_aero,18.22222222222222,tmax_gsod_aero,13.4,16.9,0,1,1,0,,,0,,,,,,,9.664278133535126,13.3540642369608,9.453208116138121,9.664341643744413,.2524610987615116,8.287780027088433,9.201804040953896,,1,0,0,0
2019-10-18,2019,10,5,0,0,0,0,0,0,-512,0,32923,25260,8969,19581,4079,294,1784,7436,0,395,.3018862193603256,396,1080,1548595.916666667,47.0369017606739,19.11666666666667,83.34936708860759,3.048,prcp_gsod_aero,24,tmax_gsod_aero,12.2,18.3,0,1,0,0,,,0,,,,,,,10.40192678065107,14.25285921814107,10.13697739590448,10.40195715409253,.2724235336998451,9.101529466118004,9.882314987303326,,1,0,0,0
2019-10-19,2019,10,6,1,0,0,0,0,0,-511,0,23487,18557,6605,13508,3130,244,3537,7839,0,396,.4139311108272661,396,1346,1344705.216666667,57.25317054824654,23.95,59.31060606060606,0,prcp_gsod_aero,24.7,tmax_obs,10,17.7,0,0,0,0,,,0,,,,,,,10.06420235557602,14.11168537723231,9.828602355344339,10.06424493141424,.2812193979648316,8.795582216956426,9.511037381505458,,1,0,0,0
2019-10-20,2019,10,7,1,0,0,0,0,0,-510,0,18876,14866,5173,11200,2289,214,3560,6812,0,395,.3740728968001695,396,1089,904712.0333333333,47.92922405876951,21.6,47.7873417721519,0,prcp_gsod_aero,24.3,tmax_obs,13.9,15.6,0,0,0,0,,,0,,,,,,,9.845646552846278,13.71537197683544,9.60683200528524,9.845699528768733,.2740517058698877,8.551208070003515,9.323669057283185,,1,0,0,0
2019-10-21,2019,10,1,0,0,0,0,0,0,-509,0,26893,20755,7197,16357,3089,250,978,5832,0,396,.2554568103223887,397,715,1019063.35,37.89325660952664,16.91666666666667,67.91161616161617,5.08,prcp_gsod_aero,18,tmax_gsod_aero,13.2,15.6,0,1,0,0,,,0,,,,,,,10.19962130867771,13.8343944790654,9.940542460487139,10.19965849238382,.2676161082809653,8.881419551507804,9.702411219258526,,1,0,0,0
2019-10-22,2019,10,2,0,0,0,0,0,0,-508,0,30060,23361,8117,18066,3609,268,1538,5887,0,396,.2706254158349967,397,914,1264127.05,42.05346141051231,17.95833333333333,75.90909090909091,0,prcp_gsod_aero,22,tmax_gsod_aero,12,17.1,0,0,0,0,,,0,,,,,,,10.31095066330697,14.04989236287823,10.0588232442451,10.31098392955337,.2700266134397871,9.001715906761175,9.801786997709789,,1,0,0,0
2019-10-23,2019,10,3,0,0,0,0,0,0,-507,0,32295,24976,8824,19249,3933,289,2171,7417,0,396,.278526087629664,397,991,1386860.7,42.9435113794705,18.13333333333333,81.5530303030303,0,prcp_gsod_aero,22.5,tmax_aero,10.5,17.4,0,0,0,0,,,0,,,,,,,10.38266769846657,14.14255326166496,10.12567064275521,10.38269866253278,.2732311503328689,9.085230560933338,9.865214390314636,,1,0,0,0
2019-10-24,2019,10,4,0,0,0,0,0,0,-506,0,30101,23435,8313,17925,3616,247,1790,6784,0,396,.289824258330288,397,921,1448677.75,48.12722999235906,18.93333333333333,76.01262626262626,0,prcp_gsod_aero,26,tmax_gsod_aero,9.5,19,0,0,0,0,,,0,,,,,,,10.31231367277647,14.18616180181444,10.06198591035681,10.31234689371231,.2761702269027607,9.025575833531088,9.793951665467821,,1,0,0,0
2019-10-25,2019,10,5,0,0,0,0,0,0,-505,0,31489,24426,8430,18973,3779,307,1937,7644,0,396,.3079488075200864,397,633,1845049.4,58.5934580329639,19.45,79.51767676767676,0,prcp_gsod_aero,29.22222222222222,tmax_gsod_aero,16.4,23.3,0,0,0,0,,,0,,,,,,,10.35739355747778,14.42801661016607,10.10340341773103,10.35742531409507,.2677125345358697,9.039552050995901,9.850772194864133,,1,0,0,0
2019-10-26,2019,10,6,1,0,0,0,0,0,-504,0,23310,18439,6726,13382,2973,229,3758,7776,0,396,.4238095238095238,397,712,1539929.8,66.06305448305449,24.80833333333333,58.86363636363637,0,prcp_gsod_aero,30.2,tmax_obs,20.2,25,0,0,0,0,,,0,,,,,,,10.0566377320298,14.24724738893523,9.822223265705164,10.05668063115252,.2885456885456886,8.813735892300215,9.501665799342762,,1,0,0,0
2019-10-27,2019,10,7,1,0,0,0,0,0,-503,0,18416,14843,5359,10651,2236,170,2727,5861,0,393,.4314726324934839,395,561,1595108.85,86.61538064726325,24.53333333333334,46.86005089058524,.7619999999999999,prcp_gsod_aero,30.2,tmax_obs,19.3,23.2,0,0,0,0,,,0,,,,,,,9.820975130961664,14.28245253638664,9.605283652624765,9.821029430095607,.2909969591659427,8.586532669494851,9.273409063443166,,1,0,0,0
2019-10-28,2019,10,1,0,0,0,0,0,0,-502,0,23569,18610,6200,14456,2711,202,1374,5881,0,395,.2502439645296788,396,324,1515868,64.31617803046375,16.93333333333333,59.66835443037974,12.954,prcp_gsod_aero,27.3,tmax_obs,17,20.8,0,1,1,0,,,0,,,,,,,10.06768756821639,14.23149877015343,9.831454349636296,10.06772999593018,.2630574059145488,8.732304571033183,9.578864832272064,,1,0,0,0
2019-10-29,2019,10,2,0,0,0,0,0,0,-501,0,29300,22827,7778,17799,3479,244,1419,6408,0,393,.2740955631399317,395,496,1020554.283333333,34.83120420932878,17.8,74.55470737913485,0,prcp_gsod_aero,22.8,tmax_obs,13,17.1,0,0,0,0,,,0,,,,,,,10.28534279500516,13.83585645269665,10.03569932484463,10.28537692411559,.2654607508532423,8.959054514715692,9.786897554926753,,1,0,0,0
2019-10-30,2019,10,3,0,0,0,0,0,0,-500,0,30085,23291,8027,18234,3553,271,1596,6524,0,394,.2705999667608443,395,448,1803910.783333333,59.96047144202537,17.88333333333333,76.35786802030457,0,prcp_gsod_aero,22.5,tmax_gsod_aero,15,18.6,0,0,0,0,,,0,,,,,,,10.31178198765445,14.40546752346677,10.05582229883941,10.31181522625777,.2668107030081436,8.990566138131577,9.811043262144848,,1,0,0,0
2019-10-31,2019,10,4,0,0,0,0,0,0,-499,0,31688,24376,8510,19042,3838,298,1745,7213,0,395,.2853130522595304,395,471,1117782.433333333,35.27462867121098,18.38333333333333,80.22278481012658,0,prcp_gsod_aero,22.5,tmax_aero,13.2,19.2,0,0,0,0,,,0,,,,,,,10.36369333930175,13.92685731030091,10.10135432066555,10.36372489649127,.2685559202221661,9.04899722156742,9.854402344845637,,1,0,0,0
2019-11-01,2019,11,5,0,0,0,0,0,0,-498,0,29815,23051,7935,18031,3595,254,2116,6599,0,395,.2660070434345128,395,437,1223406.95,41.03327016602382,17.55,75.48101265822785,0,,24.2,tmax_obs,16.4,19.7,1,0,0,0,,,0,,,,,,,10.30276690155721,14.01715010666379,10.04546443143168,10.3028004411591,.2661412040919001,8.97903863296051,9.799847777776368,,1,0,0,0
2019-11-02,2019,11,6,1,0,0,0,0,0,-497,0,24637,19383,6900,14331,3164,242,2972,7679,0,395,.3931485164589845,395,652,1492547.7,60.58155213702968,23.01666666666667,62.37215189873417,2.032,prcp_gsod_aero,27.5,tmax_gsod_aero,18.2,23.1,0,1,0,0,,,0,,,,,,,10.11200465698818,14.21599508353719,9.872151672226275,10.11204524552192,.2800665665462516,8.839276690585351,9.570180302058072,,1,0,0,0
2019-11-03,2019,11,7,1,0,0,0,0,0,-496,0,20204,16544,5825,11497,2685,197,4057,8090,0,394,.4560978024153633,395,613,1462345.883333333,72.37902808024813,26.61666666666667,51.27918781725889,0,prcp_gsod_aero,28.3,tmax_obs,12.2,19.3,0,0,0,0,,,0,,,,,,,9.913635883587944,14.19555247361802,9.713778777308155,9.913685377512573,.288309245693922,8.669914278433902,9.34984141075374,,1,0,0,0
2019-11-04,2019,11,1,0,0,0,0,0,0,-495,0,19747,15797,5288,12102,2178,179,1605,5302,0,395,.2328454955183066,395,189,845991.7666666667,42.84153373508212,16.2,49.99240506329114,54.102,prcp_gsod_aero,24.5,tmax_obs,18.5,20.9,0,1,1,0,,,0,,,,,,,9.89075686005731,13.64826490646851,9.667575327569097,9.890807499378754,.2677875120271434,8.573195381531523,9.401126007182267,,1,0,0,0
2019-11-05,2019,11,2,0,0,0,0,0,0,-494,0,28427,22242,7809,16954,3407,257,1364,6116,0,394,.2912020262426566,396,387,1180459.866666667,41.52600931039739,18.7,72.1497461928934,3.048,prcp_gsod_aero,23,tmax_gsod_aero,14.2,20.6,0,1,0,0,,,0,,,,,,,10.25509467674161,13.98141463803583,10.00973767237879,10.25512985394679,.2747036268336441,8.963032193662675,9.738259073168351,,1,0,0,0
2019-11-06,2019,11,3,0,0,0,0,0,0,-493,0,29577,22916,8050,17764,3487,276,1736,6844,0,395,.2763972005274369,395,383,1217194.716666667,41.15342045057534,18.31666666666667,74.87848101265823,0,prcp_gsod_aero,26,tmax_gsod_aero,17,21.7,0,0,0,0,,,0,,,,,,,10.29475231124315,14.01205935643249,10.03959063552847,10.29478612072671,.2721709436386381,8.99342737041261,9.784929216411992,,1,0,0,0
2019-11-07,2019,11,4,0,0,0,0,0,0,-492,0,30021,23342,7945,18307,3533,236,1941,6944,0,395,.2767396156024117,395,882,1347251.95,44.87698444422237,18.03333333333334,76.00253164556962,0,prcp_gsod_aero,30,tmax_gsod_aero,17.8,22.8,0,0,0,0,,,0,,,,,,,10.30965241575857,14.11357748318753,10.0580095919723,10.30968572522012,.264648079677559,8.980298078970817,9.815038779351015,,1,0,0,0
2019-11-08,2019,11,5,0,0,0,0,0,0,-491,0,29781,23174,8027,17873,3607,274,1922,7033,0,394,.3018703200026863,395,1145,1261940.4,42.37401027500756,19.21666666666667,75.58629441624366,0,prcp_gsod_aero,31.6,tmax_obs,14.5,19.7,0,0,0,0,,,0,,,,,,,10.30162588525783,14.04816109434368,10.05078623955701,10.30165946315015,.2695342668144119,8.990566138131577,9.791046473190379,,1,0,0,0
2019-11-09,2019,11,6,1,0,0,0,0,0,-490,0,21832,17389,6225,12469,2931,207,3358,7397,0,394,.4051850494686698,395,1258,1331626.266666667,60.99424086967143,23.55,55.41116751269036,.254,prcp_gsod_aero,23,tmax_gsod_aero,17.7,21.1,0,0,0,0,,,0,,,,,,,9.991132062388175,14.1019115101318,9.763593101382069,9.991177865663117,.2851319164529131,8.736328721332908,9.431000842996586,,1,0,0,0
2019-11-10,2019,11,7,1,0,0,0,0,0,-489,0,16803,14002,4805,9684,2122,192,3413,6846,0,393,.4568231863357734,394,1196,1041019.866666667,61.95440496736694,26.68333333333333,42.7557251908397,0,prcp_gsod_aero,25.6,tmax_obs,16,20.9,0,0,0,0,,,0,,,,,,,9.729312720877942,13.8557114316289,9.546955455537143,9.729372232289272,.2859608403261322,8.477412321404392,9.178230318057949,,1,0,0,0
2019-11-11,2019,11,1,0,0,0,0,0,0,-488,0,25033,20036,6653,15188,2981,211,1590,5859,0,394,.27703431470459,395,867,1195642.45,47.76265130028363,18,63.53553299492386,0,prcp_gsod_obs,23.11111111111111,tmax_gsod_aero,18,21.1,0,0,0,0,,,0,,,,,,,10.12795023341624,13.99419421394731,9.905285934477508,10.12799017988797,.2657691846762274,8.802823159741887,9.628260921351693,,1,0,0,0
2019-11-12,2019,11,2,0,0,0,0,0,0,-487,0,27380,21700,7353,16474,3310,243,1592,6118,0,394,.2842585829072316,396,911,975665.9,35.63425493060628,18.45,69.49238578680203,0,prcp_gsod_aero,25,tmax_gsod_aero,18.6,22.8,0,0,0,0,,,0,,,,,,,10.21756809884244,13.79087549121811,9.985067539528551,10.21760462118499,.2685536888239591,8.902863672196222,9.709538659501193,,1,0,0,0
2019-11-13,2019,11,3,0,0,0,0,0,0,-486,0,26260,20828,7123,15789,3114,234,1774,6300,0,397,.2971058644325971,398,836,980100.9666666667,37.32296141152577,19.05,66.14609571788414,0,prcp_gsod_aero,27,tmax_gsod_aero,20,26.1,0,0,0,0,,,0,,,,,,,10.17580214785679,13.7954108725507,9.944053514282789,10.17584022786289,.2712490479817212,8.871084263978354,9.667068774021889,,1,0,0,0
2019-11-14,2019,11,4,0,0,0,0,0,0,-485,0,25796,20578,6698,15736,3128,234,2006,6528,0,397,.2946193208249341,398,838,1475391.333333333,57.19457797074482,18.88333333333333,64.97732997481108,0,prcp_gsod_aero,32.4,tmax_obs,19.4,25.2,0,0,0,0,,,0,,,,,,,10.15797472013027,14.20443382330185,9.931977822935755,10.15801348507901,.2596526593270275,8.80956425335415,9.663706360068895,,1,0,0,0
2019-11-15,2019,11,5,0,0,0,0,0,0,-484,0,26683,21003,7363,15988,3112,220,2157,6664,0,395,.312333695611438,396,966,1209547.516666667,45.33026708640957,19.43333333333333,67.55189873417722,0,prcp_gsod_aero,30,tmax_obs,19.9,24.7,0,0,0,0,,,0,,,,,,,10.19178193748634,14.00575689446696,9.952420563645307,10.19181941382941,.2759434846156729,8.904222737368716,9.679593719831214,,1,0,0,0
2019-11-16,2019,11,6,1,0,0,0,0,1,-483,0,17726,14272,5034,10334,2203,155,3044,6786,0,395,.3966489901839106,398,914,1364932.683333333,77.00173097897627,22.88333333333333,44.87594936708861,4.064,prcp_gsod_aero,29.4,tmax_obs,19.4,22.7,0,1,0,0,,,0,,,,,,,9.782787767298343,14.1266156691458,9.566054854819791,9.782844180013784,.283989619767573,8.523970175695261,9.243194708847129,,1,0,0,0
2019-11-17,2019,11,7,1,0,0,0,0,1,-482,0,16175,13262,4786,9118,2111,160,3242,6331,0,397,.5101081916537867,398,1211,1094042.416666667,67.63786192684184,30.93333333333333,40.74307304785894,0,prcp_gsod_aero,29,tmax_gsod_aero,17.8,25,0,0,0,0,,,0,,,,,,,9.691222119369101,13.90539003330263,9.492658081928813,9.691283941260252,.2958887171561051,8.473450268468319,9.118005760773388,,1,0,0,0
2019-11-18,2019,11,1,0,1,0,0,1,0,-481,0,13570,11273,3977,7801,1665,127,2623,5120,0,393,.4766396462785557,396,903,1004409.466666667,74.01690985015966,28.2,34.529262086514,0,,30.11111111111111,tmax_gsod_aero,21.7,26.5,1,0,0,0,,,0,,,,,,,9.515616752828915,13.81991033141695,9.330165765044532,9.51569044208137,.2930729550478998,8.28828304520769,8.962007209588313,,1,0,0,0
2019-11-19,2019,11,2,0,0,0,0,0,0,-480,0,14757,12599,4091,8899,1655,112,1274,4315,0,391,.3356373246594837,396,544,949595.0500000001,64.34878701633123,20.7,37.74168797953964,16.002,prcp_gsod_aero,33.9,tmax_obs,19.3,25.4,0,1,1,0,,,0,,,,,,,9.599472825463449,13.76379090954286,9.441372724710631,9.599540587618312,.2772243680964966,8.316544717929398,9.093694189856862,,1,0,0,0
2019-11-20,2019,11,3,0,0,0,0,0,0,-479,0,21177,17102,5656,12832,2489,200,1714,5262,0,394,.3232280304103509,396,724,1183775.533333333,55.89911381845084,20.05,53.74873096446701,0,prcp_gsod_aero,32,tmax_gsod_aero,23.8,28.6,0,0,0,0,,,0,,,,,,,9.960670966063582,13.98421949311956,9.746950694715901,9.9607181859904,.267082211833593,8.640472207576408,9.459697330106296,,1,0,0,0
2019-11-21,2019,11,4,0,0,0,0,0,0,-478,0,22808,18238,6035,13959,2608,206,1976,5488,0,397,.2869607155384076,398,746,1016969.733333333,44.58829065824857,18.23333333333333,57.45088161209068,0,prcp_gsod_aero,34.8,tmax_obs,21.4,27.4,0,0,0,0,,,0,,,,,,,10.03486663059251,13.83233791385365,9.81126260849361,10.03491047389655,.2646001403016485,8.705331133531631,9.543879740512757,,1,0,0,0
2019-11-22,2019,11,5,0,0,0,0,0,0,-477,0,22910,18408,6263,13716,2727,204,1236,5222,0,397,.3124836316019206,398,690,1176979.85,51.37406591008293,19.23333333333333,57.70780856423174,9.906000000000001,prcp_gsod_aero,32.5,tmax_obs,19.4,22.2,0,1,0,0,,,0,,,,,,,10.03932877544754,13.97846226629978,9.820540631715202,10.03937242355649,.2733740724574422,8.742414582525413,9.526318313582811,,1,0,0,0
2019-11-23,2019,11,6,1,0,0,0,0,0,-476,0,18694,15276,5495,10549,2473,177,2617,6125,0,397,.4200278164116829,398,1082,1238354.466666667,66.24341856567169,24.21666666666667,47.08816120906801,0,prcp_gsod_aero,24.7,tmax_obs,12,18.6,0,0,0,0,,,0,,,,,,,9.83595789574253,14.02929401326912,9.634038248345407,9.836011387411213,.2939445811490318,8.611593866837723,9.263786347681808,,1,0,0,0
2019-11-24,2019,11,7,1,0,0,0,0,0,-475,0,14963,12569,4493,8440,1879,151,2805,5935,0,395,.5027735079863663,396,1079,925841.65,61.87540265989441,30.26666666666667,37.88101265822785,0,prcp_gsod_aero,25,tmax_gsod_aero,16.6,21,0,0,0,0,,,0,,,,,,,9.61333576618342,13.73845849468576,9.438988743924838,9.613402595468036,.3002740092227494,8.41027590907016,9.040737587590003,,1,0,0,0
2019-11-25,2019,11,1,0,0,0,0,0,0,-474,0,18087,14832,4830,11079,2025,153,1647,4986,0,397,.2623431193675015,398,458,631053.4666666667,34.88989145058145,17.4,45.55919395465995,5.08,prcp_gsod_aero,25.9,tmax_obs,16.9,19.7,0,1,0,0,,,0,,,,,,,9.802948727157515,13.35514587116137,9.604542287805636,9.803004013957805,.2670426273013767,8.482601746646619,9.312806703520673,,1,0,0,0
2019-11-26,2019,11,2,0,0,0,0,0,0,-473,0,23443,18914,6357,14188,2701,197,1412,5363,0,398,.2917288742908331,398,751,888210.3000000001,37.88808173015399,18.68333333333333,58.90201005025126,0,,25,tmax_gsod_aero,17.3,21.1,1,0,0,0,,,0,,,,,,,10.06232722184952,13.69696381826018,9.847657667575458,10.06236987759632,.2711683658234868,8.757311846936409,9.560151815893512,,1,0,0,0
2019-11-27,2019,11,3,0,0,0,0,0,0,-472,0,24131,19395,6628,14461,2832,210,1901,5883,0,397,.3043388172889644,398,765,1125377.95,46.63619203514152,19.25,60.78337531486146,0,prcp_gsod_aero,28.22222222222222,tmax_gsod_aero,12.6,22.1,0,0,0,0,,,0,,,,,,,10.09125259994852,13.93362949275578,9.872770579874068,10.09129403956065,.2746674402221209,8.799058378546453,9.579210649614792,,1,0,0,0
2019-11-28,2019,11,4,0,0,0,0,0,0,-471,0,25467,20074,6927,15444,2868,228,2005,6379,0,397,.3059645816154239,398,762,1470108.666666667,57.72602452847476,19.28333333333334,64.14861460957179,0,prcp_gsod_aero,28.4,tmax_aero,14.6,23.6,0,0,0,0,,,0,,,,,,,10.14513877540608,14.20084687892525,9.907180724373745,10.14517804113692,.271999057603958,8.843182098022606,9.644975857384127,,1,0,0,0
2019-11-29,2019,11,5,0,0,0,0,0,0,-470,0,24235,19304,6498,14875,2662,200,2250,6270,0,397,.3003919950484836,398,663,1280219.733333333,52.8252417302799,18.9,61.04534005037783,0,,31.1,tmax_obs,20.4,24.8,1,0,0,0,,,0,,,,,,,10.09555314827948,14.06254228782943,9.868067607304868,10.09559441006488,.2681246131627811,8.779249716229046,9.607437230413831,,1,0,0,0
2019-11-30,2019,11,6,1,0,0,0,0,0,-469,0,17394,14370,5040,10032,2164,158,3056,6087,0,396,.4291134874094515,398,899,1122783.533333333,64.55004790924073,25,43.92424242424242,7.874,prcp_gsod_aero,30.6,tmax_obs,15.8,23.1,0,1,0,0,,,0,,,,,,,9.76388059814971,13.93132145764566,9.572897979073071,9.763938087586043,.289755087961366,8.525161361065415,9.213535262872702,,1,0,0,0
2019-12-01,2019,12,7,1,0,0,0,0,0,-468,0,13955,11886,4075,7933,1819,128,2699,5521,0,396,.4967395198853458,397,952,1193739.166666667,85.54203989012302,29.68333333333333,35.23989898989899,0,prcp_gsod_aero,29.3,tmax_obs,13.5,21,0,0,0,0,,,0,,,,,,,9.543593145970423,13.99260109569227,9.383116515926606,9.543664802306665,.2920100322465066,8.312626025674962,8.978786553302003,,1,0,0,0
2019-12-02,2019,12,1,0,0,0,0,0,0,-467,0,20872,17004,5684,12490,2529,169,1611,5084,0,396,.3126197776926025,397,631,934244.9333333334,44.76068097610834,19.6,52.70707070707071,0,prcp_gsod_aero,25.1,tmax_aero,13.4,21.3,0,0,0,0,,,0,,,,,,,9.946163826816564,13.747493924088,9.741203889478681,9.946211736745907,.2723265619011115,8.645410489216991,9.432683603119623,,1,0,0,0
2019-12-03,2019,12,2,0,0,0,0,0,0,-466,0,20685,16630,5525,12581,2389,190,1669,5056,0,396,.2802030456852792,397,586,780884.6333333333,37.75125130932238,18.03333333333334,52.23484848484848,2.032,prcp_gsod_aero,27,tmax_obs,17.72222222222222,21.2,0,1,0,0,,,0,,,,,,,9.937164078895512,13.56818270130801,9.718963572186974,9.937212421937749,.2671017645636935,8.617038526385954,9.439943018351132,,1,0,0,0
2019-12-04,2019,12,3,0,0,0,0,0,0,-465,0,21215,17034,5747,12801,2484,183,1639,5092,0,397,.2966768795663446,397,574,859115.4333333334,40.49566030324456,18.95,53.4382871536524,0,prcp_gsod_aero,24.7,tmax_obs,17.4,20.6,0,0,0,0,,,0,,,,,,,9.962463757636426,13.66365857300132,9.742966625701026,9.96251089298559,.2708932359179825,8.656433258507741,9.45727857185611,,1,0,0,0
2019-12-05,2019,12,4,0,0,0,0,0,0,-464,0,22678,18072,6176,13605,2692,205,1566,5469,0,396,.305362024869918,397,644,1246974.933333333,54.98610694652674,19.18333333333333,57.26767676767677,0,prcp_gsod_aero,25,tmax_gsod_aero,11.6,18.6,0,0,0,0,,,0,,,,,,,10.02915057053179,14.03623112288302,9.80211905814784,10.02919466515886,.2723344210247817,8.728426091704613,9.518192651217346,,1,0,0,0
2019-12-06,2019,12,5,0,0,0,0,0,0,-463,0,23086,18352,6231,13867,2780,208,2149,6002,0,396,.3127003378671056,397,736,1187546.45,51.44011305553149,19.43333333333333,58.2979797979798,0,prcp_gsod_aero,27,tmax_gsod_aero,16.7,24.1,0,0,0,0,,,0,,,,,,,10.04698165217486,13.98739992991541,9.817493839369153,10.04702496753233,.2699038378237893,8.737292112544221,9.537267195753865,,1,0,0,0
2019-12-07,2019,12,6,1,0,0,0,0,1,-462,0,15551,12735,4442,9029,1935,145,2782,5410,0,395,.4241527876020835,398,728,1055294.383333333,67.86022656635157,24.41666666666667,39.36962025316456,0,prcp_gsod_aero,31,tmax_obs,13,22.3,0,0,0,0,,,0,,,,,,,9.651880224221337,13.86933032230382,9.452109387413557,9.65194452670022,.2856407948041926,8.398860004454372,9.10819689830748,,1,0,0,0
2019-12-08,2019,12,7,1,1,0,0,1,0,-461,0,12108,10238,3544,7003,1458,103,2235,4565,0,396,.4751404030393129,397,754,981216.9833333333,81.03873334434533,28.06666666666667,30.57575757575757,0,prcp_gsod_aero,29,tmax_gsod_aero,19.4,25.7,0,0,0,0,,,0,,,,,,,9.401621670141608,13.79654889995428,9.233861567017529,9.401704256754366,.2926990419557318,8.173011311724972,8.854093907655518,,1,0,0,0
2019-12-09,2019,12,1,0,0,0,0,0,0,-460,0,17762,14591,4791,10773,2057,141,1542,4600,0,396,.2941673234996059,397,478,687029.1833333334,38.67971981383478,18.69166666666667,44.85353535353536,0,,31.27777777777778,tmax_gsod_aero,20.2,27.7,1,0,0,0,,,0,,,,,,,9.784816622818449,13.44013204968121,9.588160179264023,9.784872921199886,.2697331381601171,8.474494436883122,9.284798282894192,,1,0,0,0
2019-12-10,2019,12,2,0,0,0,0,0,0,-459,0,17817,14574,4849,10740,2076,152,1681,4492,0,395,.299208620979963,397,560,961868.75,53.98601055172027,18.75,45.10632911392405,0,prcp_gsod_aero,36.72222222222222,tmax_gsod_aero,23.5,30.9,0,0,0,0,,,0,,,,,,,9.787908336683969,13.77663328582838,9.586994398230228,9.787964461280589,.2721558062524555,8.486527777105353,9.281730368062856,,1,0,0,0
2019-12-11,2019,12,3,0,0,0,0,0,0,-458,0,17418,14066,4577,10716,1975,150,1556,3791,0,394,.2755769893213917,395,433,1081187.116666667,62.07297718834922,17.5,44.20812182741117,0,prcp_gsod_aero,37.9,tmax_obs,24.5,30.6,0,0,0,0,,,0,,,,,,,9.765259433252686,13.89357017754084,9.551515816867964,9.765316843477462,.262774141692502,8.428799040653642,9.2794932306645,,1,0,0,0
2019-12-12,2019,12,4,0,0,0,0,0,0,-457,0,19508,15848,5143,11931,2268,166,1330,4687,0,395,.3017736313307361,397,552,771472.1,39.54644761123642,18.65,49.3873417721519,5.08,prcp_gsod_aero,36.3,tmax_obs,20.2,23.4,0,1,0,0,,,0,,,,,,,9.878579916829944,13.55605578681323,9.670798588378387,9.878631176537262,.2636354316177978,8.545391845774915,9.386895333875801,,1,0,0,0
2019-12-13,2019,12,5,0,0,0,0,0,0,-456,0,20095,16188,5385,12196,2337,177,1816,4759,0,398,.3037571535207763,398,587,1240853.816666667,61.74938127228996,18.83333333333333,50.48994974874372,0,prcp_gsod_aero,26.4,tmax_obs,12,19.6,0,0,0,0,,,0,,,,,,,9.908226306883302,14.03131026245925,9.692025505995757,9.908276069267926,.2679771087335158,8.591372589590488,9.408863308108145,,1,0,0,0
2019-12-14,2019,12,6,1,0,0,0,0,0,-455,0,13620,11384,3883,7908,1703,126,2459,4726,0,396,.4222466960352423,399,652,1235242.233333333,90.69326235927558,24.45,34.39393939393939,0,prcp_gsod_aero,28,tmax_gsod_aero,18,24.4,0,0,0,0,,,0,,,,,,,9.519294579703503,14.02677764916209,9.339964139769688,9.519367998447342,.2850954478707783,8.264363329731667,8.975630184290507,,1,0,0,0
2019-12-15,2019,12,7,1,0,0,0,0,0,-454,0,9572,8113,2804,5500,1186,82,1845,3973,0,394,.4337651483493523,398,464,783660.5666666667,81.87009681014069,25.1,24.29441624365482,26.924,prcp_gsod_aero,30.5,tmax_obs,19.1,21.7,0,1,1,0,,,0,,,,,,,9.166597449028265,13.57173125490207,9.001222992395064,9.166701914946353,.2929377350605934,7.938802248154481,8.612503371220562,,1,0,0,0
2019-12-16,2019,12,1,0,0,0,0,0,0,-453,0,17101,14086,4691,10205,2043,162,1433,4491,0,398,.3098064440675984,399,538,794612.6333333333,46.4658577471103,19.35,42.96733668341709,0,prcp_gsod_aero,26,tmax_gsod_aero,14.4,22.1,0,0,0,0,,,0,,,,,,,9.746892220313054,13.58561002122106,9.552936675305356,9.746950694715901,.2743114437752178,8.453401058328458,9.230633075243945,,1,0,0,0
2019-12-17,2019,12,2,0,0,0,0,0,0,-452,0,18853,15397,5052,11416,2215,170,1637,4553,0,398,.3145918421471384,399,611,1058447.15,56.14210735691932,19.43333333333333,47.36934673366834,0,prcp_gsod_aero,28.4,tmax_obs,17.4,23.6,0,0,0,0,,,0,,,,,,,9.844427331406584,13.87231343916554,9.641927964229918,9.844480371956095,.2679679626584628,8.527539483470381,9.342771159156673,,1,0,0,0
2019-12-18,2019,12,3,0,0,0,0,0,0,-451,0,18439,14989,5000,11136,2167,136,1628,5047,0,399,.314496447746624,399,587,884865.3166666667,47.98879096841839,19.56666666666667,46.21303258145363,0,prcp_gsod_aero,30.11111111111111,tmax_gsod_aero,21.5,26.4,0,0,0,0,,,0,,,,,,,9.822223265705164,13.69319072785138,9.615071877730596,9.822277497110585,.2711643798470633,8.517193191416238,9.317938382574202,,1,0,0,0
2019-12-19,2019,12,4,0,0,0,0,0,0,-450,0,17188,13962,4617,10424,1996,151,1907,4789,0,398,.3089364673027694,399,472,930129.95,54.11507737956715,19.1,43.18592964824121,0,prcp_gsod_aero,31,tmax_gsod_aero,22.5,28,0,0,0,0,,,0,,,,,,,9.751966744894887,13.74307958655074,9.544094632530348,9.752024923328158,.2686176402141028,8.437500422506989,9.251866118804681,,1,0,0,0
2019-12-20,2019,12,5,0,0,0,0,0,0,-449,0,13015,10785,3587,7908,1420,100,1715,3941,0,396,.2846715328467153,397,296,841727.1666666666,64.67362018184147,17.58333333333333,32.86616161616162,7.112,prcp_gsod_aero,32.6,tmax_obs,18.72222222222223,23.4,0,1,0,0,,,0,,,,,,,9.473857817428666,13.64321121062828,9.285911558823257,9.473934648898874,.2756050710718402,8.185071477532283,8.975630184290507,,1,0,0,0
2019-12-21,2019,12,6,1,0,0,0,0,0,-448,0,14646,11812,4273,8390,1822,161,1772,4504,0,397,.3962173972415677,399,649,915899.7833333333,62.53583117119578,22.95,36.89168765743073,0,prcp_gsod_aero,26.7,tmax_obs,13.4,18.9,0,0,0,0,,,0,,,,,,,9.591922539621015,13.72766223082956,9.376871242863814,9.591990815318308,.2917520142018298,8.360071435644025,9.034795799461252,,1,0,0,0
2019-12-22,2019,12,7,1,0,0,0,0,0,-447,0,10705,9029,3216,6081,1299,109,2053,4191,0,397,.4802428771602055,398,580,644062.9166666666,60.16468161295345,28.26666666666667,26.96473551637279,0,prcp_gsod_aero,26.5,tmax_gsod_aero,10.6,19.1,0,0,0,0,,,0,,,,,,,9.278466201023782,13.37555169700185,9.10819689830748,9.278559610953327,.3004203643157403,8.075893630298857,8.71292443512011,,1,0,0,0
2019-12-23,2019,12,1,0,0,0,0,0,0,-446,0,15278,12484,4225,9145,1761,147,1560,4267,0,396,.3298206571540778,397,503,865344.8666666667,56.63993105554828,19.7,38.58080808080808,0,prcp_gsod_aero,28,tmax_gsod_aero,16.3,23.7,0,0,0,0,,,0,,,,,,,9.634169164101305,13.67088339624642,9.43220310339067,9.634234615552714,.2765414321246236,8.348774539791274,9.120962560824966,,1,0,0,0
2019-12-24,2019,12,2,0,0,0,0,0,0,-445,0,12693,10197,3487,7613,1471,122,1914,3046,0,392,.3447569526510675,395,508,839333.1333333333,66.12567031697262,20.5,32.38010204081633,0,prcp_gsod_aero,31,tmax_gsod_aero,20.5,26.9,0,0,0,0,,,0,,,,,,,9.448805939388178,13.64036296663394,9.229848838364227,9.448884719866415,.2747183486961317,8.156797046675651,8.937612591306213,,1,0,0,0
2019-12-25,2019,12,3,0,1,0,0,1,0,-444,0,7044,5966,2028,4095,865,56,2343,3271,0,386,.4193639977285633,387,385,627770.25,89.1212734241908,24.60833333333333,18.24870466321244,0,,33.3,tmax_obs,15.61111111111111,22.7,1,0,0,0,,,0,,,,,,,8.859931469616097,13.34992953456407,8.693831965074693,8.86007342433278,.2879045996592845,7.614805364711073,8.317521996287169,,1,0,0,0
2019-12-26,2019,12,4,0,0,0,0,0,0,-443,0,12028,9931,3226,7313,1378,111,804,2125,0,397,.303292317924842,398,360,439075.0666666667,36.5044119277242,18.51666666666667,30.29722921914358,8.889999999999999,prcp_gsod_aero,25,tmax_gsod_aero,15.3,20.9,0,1,0,0,,,0,,,,,,,9.394992544108419,12.99242567212427,9.203416456903359,9.395075679994072,.2682075157964749,8.078998258685154,8.89740886527095,,1,0,0,0
2019-12-27,2019,12,5,0,0,0,0,0,0,-442,0,15167,12238,4215,9083,1715,154,873,3583,0,397,.3258389925496143,398,478,655114.2666666667,43.19339794729786,19.61666666666667,38.20403022670026,26.924,prcp_gsod_aero,30,tmax_gsod_aero,20.4,26.2,0,1,1,0,,,0,,,,,,,9.626877294051397,13.39256495232846,9.412301144022486,9.626943224494804,.2779059800883497,8.346404870435956,9.114159813502214,,1,0,0,0
2019-12-28,2019,12,6,1,0,0,0,0,0,-441,0,11783,9687,3538,6765,1365,115,1992,4266,0,394,.4339302384791649,395,560,789032.2,66.96360858864466,25.08333333333333,29.90609137055838,2.032,prcp_gsod_aero,33.3,tmax_obs,20.8,27.3,0,1,0,0,,,0,,,,,,,9.37441309371334,13.57856241014862,9.178540059426386,9.374497958142467,.3002630908936604,8.17131687471973,8.819517540604888,,1,0,0,0
2019-12-29,2019,12,7,1,0,0,0,0,0,-440,0,9710,8030,2869,5596,1144,101,2053,3743,0,394,.4825952626158599,395,546,709675.4333333334,73.08706831445245,28.06666666666667,24.64467005076142,0,prcp_gsod_aero,31,tmax_gsod_aero,22.4,28.1,0,0,0,0,,,0,,,,,,,9.18091156128537,13.47256300834868,8.990939806940807,9.181014542594355,.2954685890834192,7.961718815981365,8.629807335785372,,1,0,0,0
2019-12-30,2019,12,1,0,0,0,0,0,0,-439,0,8754,7282,2273,5510,880,91,1398,2755,0,394,.2603381311400503,396,193,562696.25,64.27875828192826,16.35,22.21827411167513,39.116,prcp_gsod_aero,34.3,tmax_obs,22,24.6,0,1,1,0,,,0,,,,,,,9.077266017750841,13.24049524110203,8.893160828735379,9.077380244719953,.2596527301804889,7.728855823852543,8.61431990214696,,1,0,0,0
2019-12-31,2019,12,2,0,0,0,0,0,0,-438,0,11209,8943,3118,6729,1240,122,1151,2335,0,394,.369792131323044,396,465,754187.25,67.28407975733786,21.63333333333333,28.4492385786802,12.954,prcp_gsod_aero,28,tmax_gsod_aero,21.4,24.8,0,1,1,0,,,0,,,,,,,9.324472306021095,13.53339595833335,9.098626382346181,9.324561516066206,.2781693282183959,8.044947049617722,8.814181823188319,,1,0,0,0
2020-01-01,2020,1,3,0,1,0,0,1,0,-437,0,7977,6920,2399,4531,972,75,2115,3512,0,394,.4934185784129372,396,612,540993.2166666667,67.81913208808659,29.56666666666667,20.24619289340102,0,prcp_gsod_aero,28.5,tmax_obs,19.2,23.1,0,0,0,0,,,0,,,,,,,8.984317679911129,13.20116201924108,8.842171048611716,8.984443032465352,.3007396264259747,7.782807262839695,8.418697944667139,,1,0,0,0
2020-01-02,2020,1,4,0,0,0,0,0,0,-436,0,11940,10104,3351,7085,1392,112,938,3294,0,395,.3381909547738694,397,493,801643.15,67.13929229480738,20.2,30.22784810126582,3.048,prcp_gsod_aero,26.2,tmax_obs,18.6,22.3,0,1,0,0,,,0,,,,,,,9.387649386946594,13.59441883770428,9.220686664030326,9.387733135533384,.2806532663316583,8.11701408773731,8.865735152124781,,1,0,0,0
2020-01-03,2020,1,5,0,0,0,0,0,0,-435,0,14895,12463,4126,8922,1728,119,1486,4093,0,395,.3416582745887882,397,614,1085605.566666667,72.88389168624819,20.56666666666667,37.70886075949367,0,prcp_gsod_aero,26,tmax_gsod_aero,20,23.9,0,0,0,0,,,0,,,,,,,9.608780865147383,13.89764851522239,9.430519533826377,9.608847999516849,.2770057066129574,8.325063693631197,9.09627541568821,,1,0,0,0
2020-01-04,2020,1,6,1,0,0,0,0,0,-434,0,12088,10221,3515,6986,1451,136,1834,4044,0,396,.4583884844473858,397,761,821639.5833333334,67.97150755570263,26.78333333333334,30.52525252525253,0,prcp_gsod_aero,27,tmax_gsod_aero,21.6,24.9,0,0,0,0,,,0,,,,,,,9.399968503952575,13.61905711478713,9.232199706329077,9.400051227201992,.2907842488418266,8.164794804244766,8.851663425366777,,1,0,0,0
2020-01-05,2020,1,7,1,0,0,0,0,0,-433,0,10230,8774,3073,5863,1214,80,1927,4141,0,395,.5129032258064517,397,729,715914.0333333333,69.98182144020854,31.375,25.89873417721519,0,prcp_gsod_aero,28,tmax_gsod_aero,21.1,26,0,0,0,0,,,0,,,,,,,9.233079858945672,13.48131537355747,9.079548081726159,9.233177605878939,.3003910068426198,8.030409562130485,8.676416696964216,,1,0,0,0
2020-01-06,2020,1,1,0,0,0,0,0,0,-432,0,14110,11817,3909,8397,1668,136,1155,3718,0,395,.3292700212615167,397,522,901595.4833333333,63.89762461611151,19.96666666666667,35.72151898734177,0,prcp_gsod_obs,30.3,tmax_obs,19,23.7,0,0,0,0,,,0,,,,,,,9.55463904484686,13.71192123208262,9.377294451639015,9.55470991405776,.2770375620127569,8.271036865792954,9.035629778183564,,1,0,0,0
2020-01-07,2020,1,2,0,0,0,0,0,0,-431,0,15209,12849,4204,8991,1862,152,1377,3954,0,397,.3352620159116313,397,595,829889.1333333333,54.56566068336731,20.26666666666667,38.30982367758186,0,prcp_gsod_aero,30,tmax_gsod_aero,17,23.8,0,0,0,0,,,0,,,,,,,9.629642636872369,13.62904739655375,9.461021266283481,9.629708385253339,.2764152804260635,8.343791731996841,9.103979355984773,,1,0,0,0
2020-01-08,2020,1,3,0,0,0,0,0,0,-430,0,14121,11970,3975,8443,1572,131,1486,3892,0,395,.3276680121804405,397,533,907063.9666666667,64.23510846729457,20.06666666666667,35.74936708860759,0,prcp_gsod_aero,30.5,tmax_aero,21.5,26.9,0,0,0,0,,,0,,,,,,,9.555418330069252,13.71796825215255,9.390158798552019,9.555489144076292,.2814956447843637,8.287780027088433,9.0410929746695,,1,0,0,0
2020-01-09,2020,1,4,0,0,0,0,0,0,-429,0,14651,12279,3966,8831,1703,151,1439,3860,0,396,.3210019793870725,397,501,570830.1333333333,38.96185470843856,19.63333333333333,36.99747474747475,0,prcp_gsod_aero,32.8,tmax_obs,23,27.7,0,0,0,0,,,0,,,,,,,9.592263871501313,13.25484695459528,9.415645765160512,9.592332123898705,.2706982458535254,8.285513309079741,9.086023537468803,,1,0,0,0
2020-01-10,2020,1,5,0,0,0,0,0,0,-428,0,13259,11182,3644,7973,1525,117,1418,3555,0,395,.3369786560072404,397,458,684782.4166666666,51.64661110692109,20.11666666666667,33.56708860759494,0,prcp_gsod_aero,29.5,tmax_aero,22,26.8,0,0,0,0,,,0,,,,,,,9.49243184611472,13.43685642688345,9.322060621586591,9.492507263739853,.2748321894562184,8.200837258379849,8.983816112502495,,1,0,0,0
2020-01-11,2020,1,6,1,0,0,0,0,0,-427,0,10230,8701,3038,5875,1213,104,1603,3304,0,394,.4541544477028348,395,543,812291.5333333333,79.40288693385467,26.75833333333333,25.96446700507614,0,prcp_gsod_aero,32.5,tmax_obs,19,25.5,0,0,0,0,,,0,,,,,,,9.233079858945672,13.60761458590622,9.071193240566025,9.233177605878939,.296969696969697,8.018954683155718,8.67846133901236,,1,0,0,0
2020-01-12,2020,1,7,1,0,0,0,0,0,-426,0,7693,6804,2346,4359,920,68,1457,3057,0,392,.5234628883400494,396,497,596830.7833333333,77.58101954157459,32.48333333333333,19.625,0,,31.8,tmax_obs,21.6,26.4,1,0,0,0,,,0,,,,,,,8.948066103458935,13.29938890719382,8.825265953515752,8.94819608331224,.3049525542701157,7.76046702921342,8.379997952238393,,1,0,0,0
2020-01-13,2020,1,1,0,0,0,0,0,0,-425,0,11959,10222,3383,7059,1401,116,1101,3068,0,396,.3437578392842211,397,432,501717.7833333333,41.95315522479583,20.48333333333333,30.19949494949495,0,prcp_gsod_aero,30.3,tmax_obs,20.8,24.6,0,0,0,0,,,0,,,,,,,9.389239411968807,13.1257930559939,9.232297539328226,9.389323027504624,.2828831842127268,8.126518168780709,8.862058677395472,,1,0,0,0
2020-01-14,2020,1,2,0,0,0,0,0,0,-424,0,12118,10298,3394,7259,1365,100,1245,3641,0,396,.3242284205314409,397,349,685830,56.5959729328272,19.45,30.6010101010101,12.954,prcp_gsod_aero,28.1,tmax_aero,21,25.2,0,1,1,0,,,0,,,,,,,9.402447229504935,13.43838506258613,9.239704980606087,9.402529747968487,.2800792209935633,8.129764445794171,8.889997357284841,,1,0,0,0
2020-01-15,2020,1,3,0,0,0,0,0,0,-423,0,10827,9245,3035,6398,1307,87,1172,3464,0,396,.370462732058742,396,385,621431.7666666667,57.39648717711894,22.13333333333333,27.34090909090909,30.988,prcp_gsod_aero,29.5,tmax_obs,21.5,25.1,0,1,1,0,,,0,,,,,,,9.289798293310899,13.33978139575879,9.131838143821225,9.289890650734192,.2803177242079985,8.017966703493599,8.763740720509464,,1,0,0,0
2020-01-16,2020,1,4,0,0,0,0,0,0,-422,0,13648,11652,3818,8100,1619,111,1213,3650,0,397,.3401230949589684,398,492,814583.3000000001,59.68517731535756,20.66666666666667,34.37783375314861,0,prcp_gsod_aero,28.3,tmax_obs,13.6,20.7,0,0,0,0,,,0,,,,,,,9.52134826973146,13.61043197312699,9.363233118079325,9.521421537856195,.2797479484173505,8.247482004285693,8.99961934066053,,1,0,0,0
2020-01-17,2020,1,5,0,0,0,0,0,0,-421,0,13499,11519,3791,7971,1616,121,1326,3332,0,397,.3290614119564412,398,451,731653.35,54.20055930068894,19.76666666666667,34.00251889168766,0,prcp_gsod_aero,26.4,tmax_obs,16.8,21.6,0,0,0,0,,,0,,,,,,,9.510370887608827,13.50306211520209,9.351753124926507,9.510444964426521,.2808356174531447,8.240385115516334,8.983565234427923,,1,0,0,0
2020-01-18,2020,1,6,1,0,0,0,0,0,-420,0,9546,8262,2835,5441,1176,94,1421,3174,0,396,.4784202807458621,397,585,694523.0166666667,72.75539667574552,28.31666666666667,24.10606060606061,0,,28.11111111111111,tmax_gsod_aero,21.5,25,1,0,0,0,,,0,,,,,,,9.163877497565842,13.45098058197607,9.01942196795671,9.163982247998034,.2969830295411691,7.949797216161852,8.601718146485926,,1,0,0,0
2020-01-19,2020,1,7,1,0,0,0,0,0,-419,0,7376,6484,2196,4176,925,79,1502,2948,0,395,.5249457700650759,396,518,669221.5333333333,90.72960050614606,32.41666666666666,18.67341772151899,0,prcp_gsod_aero,31,tmax_gsod_aero,23.5,27.7,0,0,0,0,,,0,,,,,,,8.905986765236429,13.41387042530176,8.777092882855566,8.906122330884303,.2977223427331887,7.694392802629421,8.337109129562474,,1,0,0,0
2020-01-20,2020,1,1,0,0,0,0,0,0,-418,0,10323,8934,2847,6140,1244,92,1194,3010,0,397,.3184151893829313,398,326,510069.1833333334,49.41094481578352,19.13333333333333,26.00251889168766,0,prcp_gsod_aero,31,tmax_gsod_aero,24.7,29.4,0,0,0,0,,,0,,,,,,,9.242129694465589,13.14230164909516,9.097619501912064,9.242226560838505,.2757919209532113,7.954021087278037,8.722580021141189,,1,0,0,0
2020-01-21,2020,1,2,0,0,0,0,0,0,-417,0,10762,9245,3070,6316,1277,99,1039,3078,0,390,.3446385430217432,391,365,605563.9,56.26871399368147,20.58333333333333,27.5948717948718,27.94,prcp_gsod_aero,34.4,tmax_obs,22.5,26.3,0,1,1,0,,,0,,,,,,,9.283776690049365,13.31391536902478,9.131838143821225,9.283869605264298,.2852629622746701,8.029432840581244,8.750841375375533,,1,0,0,0
2020-01-22,2020,1,3,0,0,0,0,0,0,-416,0,12616,10617,3534,7472,1513,97,1138,3274,0,383,.3306911857958149,384,383,586745.1,46.50801363348129,20,32.93994778067885,0,prcp_gsod_aero,28.11111111111111,tmax_gsod_aero,22.5,26.3,0,0,0,0,,,0,,,,,,,9.442721128642875,13.28234576259191,9.270211769013573,9.442800389927742,.2801204819277108,8.170185652879642,8.918917979908679,,1,0,0,0
2020-01-23,2020,1,4,0,0,0,0,0,0,-415,0,13870,11534,3814,8228,1712,116,1322,3519,0,378,.331434751261716,379,436,663691.6833333334,47.85087839461668,19.83333333333333,36.6931216931217,0,prcp_gsod_aero,28.72222222222223,tmax_gsod_aero,23.2,26.7,0,0,0,0,,,0,,,,,,,9.537483513308878,13.40557298829362,9.353054474175359,9.53755560876329,.2749819754866619,8.246433786160365,9.015298250772847,,1,0,0,0
2020-01-24,2020,1,5,0,0,0,0,0,0,-414,0,13259,11136,3670,7942,1532,115,1360,3281,0,379,.3118636397918395,380,412,605862.65,45.69444528244966,19.21666666666667,34.98416886543536,0,prcp_gsod_aero,31,tmax_gsod_aero,23.1,28.1,0,0,0,0,,,0,,,,,,,9.49243184611472,13.3144085891974,9.317938382574202,9.492507263739853,.2767931216532167,8.207946941048617,8.979920411691197,,1,0,0,0
2020-01-25,2020,1,6,1,0,0,0,0,0,-413,0,9409,7904,2763,5420,1149,77,1479,3036,0,377,.4332022531618663,378,465,530233.9833333333,56.35391469160732,25.06666666666667,24.95755968169761,4.064,prcp_gsod_aero,35.22222222222223,tmax_gsod_aero,23.8,30.2,0,1,0,0,,,0,,,,,,,9.149421957006766,13.18107366609299,8.975124239427704,9.149528232579426,.2936550111595281,7.924072324923417,8.597851094433691,,1,0,0,0
2020-01-26,2020,1,7,1,0,0,0,0,0,-412,0,7045,6168,2123,4011,850,61,1371,2765,0,373,.5154009936124911,375,426,502180.7,71.28185947480483,31.45,18.88739946380697,0,prcp_gsod_aero,36.7,tmax_obs,22.9,28.5,0,0,0,0,,,0,,,,,,,8.86007342433278,13.12671529406311,8.727129915243166,8.860215358901183,.3013484740951029,7.660585461703256,8.296795865770053,,1,0,0,0
2020-01-27,2020,1,1,0,0,0,0,0,0,-411,0,10170,8824,2836,6015,1237,82,964,2510,0,376,.3270403146509341,377,343,496395.8,48.80981317600786,19.58333333333333,27.04787234042553,0,prcp_gsod_aero,34.3,tmax_obs,15.3,22,0,0,0,0,,,0,,,,,,,9.227197489042606,13.11512887135818,9.085230560933338,9.227295812625597,.2788593903638151,7.950149887652018,8.70201162840878,,1,0,0,0
2020-01-28,2020,1,2,0,0,0,0,0,0,-410,0,11576,9919,3188,6860,1427,101,905,2840,0,378,.3261057360055287,378,380,557932.8833333333,48.19738107578898,20.01666666666667,30.62433862433862,0,prcp_gsod_aero,28,tmax_gsod_aero,17.9,23.1,0,0,0,0,,,0,,,,,,,9.356689268311319,13.2319939533645,9.202207388745993,9.356775650205728,.2753973738769869,8.067149039910106,8.833462720719931,,1,0,0,0
2020-01-29,2020,1,3,0,0,0,0,0,0,-409,0,11572,9816,3181,6948,1358,85,1164,2843,0,376,.2894054614586934,378,324,487539.0833333333,42.13092666205784,17.875,30.77659574468085,.254,prcp_gsod_obs,30,tmax_obs,19.72222222222222,24.8,0,0,0,0,,,0,,,,,,,9.356343666096025,13.09712573714669,9.191768986390747,9.356430077848078,.2748876598686484,8.064950891749144,8.846209127360996,,1,0,0,0
2020-01-30,2020,1,4,0,0,0,0,0,0,-408,0,11794,10118,3262,7051,1365,116,1002,2894,0,378,.3182974393759539,378,388,527143.8333333334,44.69593296026228,19.3,31.2010582010582,.508,prcp_gsod_aero,27.6,tmax_obs,13,19.8,0,0,0,0,,,0,,,,,,,9.375346206560449,13.17522871881153,9.222071294851881,9.375430991841775,.2765813125317959,8.09009578318096,8.860924729719041,,1,0,0,0
2020-01-31,2020,1,5,0,0,0,0,0,0,-407,0,11845,10100,3186,7080,1482,97,1224,2994,0,377,.323427606585057,379,343,535635,45.2203461376108,19.55,31.41909814323607,0,prcp_gsod_aero,26,tmax_gsod_aero,15.5,22.5,0,0,0,0,,,0,,,,,,,9.379661116592885,13.1912082379382,9.220290702829351,9.379745536836911,.2689742507387083,8.066521490469993,8.865029186687766,,1,0,0,0
2020-02-01,2020,2,6,1,0,0,0,0,0,-406,0,7588,6614,2215,4356,966,51,1534,2869,0,375,.4476805482340538,376,400,479821.0666666667,63.23419434194342,25.95,20.23466666666667,0,prcp_gsod_aero,28.11111111111111,tmax_gsod_aero,18.1,25.4,0,0,0,0,,,0,,,,,,,8.934323331054905,13.08116853560739,8.796943893541737,8.934455109403913,.2919082762256194,7.703007682479236,8.37930948405285,,1,0,0,0
2020-02-02,2020,2,7,1,0,0,0,0,0,-405,0,5533,5012,1662,3117,691,63,1109,2228,0,367,.5168986083499007,369,354,390694.75,70.61173865895536,31.31666666666667,15.07629427792916,0,prcp_gsod_aero,31.5,tmax_gsod_aero,21.6,27.6,0,0,0,0,,,0,,,,,,,8.618485442898109,12.87568184353286,8.519590316015959,8.618666160346871,.300379540936201,7.415776975415394,8.044626279767337,,1,0,0,0
2020-02-03,2020,2,1,0,0,0,0,0,0,-404,0,8384,7295,2354,5009,958,63,873,2288,0,378,.3096374045801527,379,246,460763.5666666667,54.95748648218829,18.68333333333333,22.17989417989418,0,prcp_gsod_aero,32,tmax_aero,25.4,29.3,0,0,0,0,,,0,,,,,,,9.034080406560824,13.04064031984447,8.894944460956886,9.034199674257309,.2807729007633588,7.763871287820222,8.518991573357617,,1,0,0,0
2020-02-04,2020,2,2,0,0,0,0,0,0,-403,0,10168,8531,2801,6043,1248,76,887,2671,0,376,.3078284815106215,377,243,435616.25,42.84188139260425,18.58333333333333,27.04255319148936,0,prcp_gsod_aero,35,tmax_obs,24,28.9,0,0,0,0,,,0,,,,,,,9.22700081286929,12.98451697421198,9.051461866908694,9.227099155791137,.2754720692368214,7.937731775260109,8.706655856361559,,1,0,0,0
2020-02-05,2020,2,3,0,0,0,0,0,0,-402,0,10141,8527,2775,6018,1263,85,1043,2580,0,376,.2950399368898531,378,282,415997.9666666667,41.02139499720606,18.2,26.97074468085106,.508,prcp_gsod_aero,34.9,tmax_obs,25,29.2,0,0,0,0,,,0,,,,,,,9.224341891611996,12.93843565141094,9.050992878742049,9.224440496354964,.2736416526969727,7.928406026180535,8.70251025718999,,1,0,0,0
2020-02-06,2020,2,4,0,0,0,0,0,0,-401,0,9806,8416,2661,5940,1127,78,825,2519,0,376,.2819702223128697,379,252,400578.1666666667,40.85031273370046,17.46666666666667,26.07978723404255,5.1,prcp_obs,33.5,tmax_gsod_aero,23.5,29.6,0,1,0,0,,,0,,,,,,,9.190749722211178,12.90066419914763,9.037889934977491,9.19085169539232,.2713644707322048,7.886457270977689,8.68946441235669,,1,0,0,0
2020-02-07,2020,2,5,0,0,0,0,0,0,-400,0,8691,7308,2370,5284,964,73,1162,2777,0,375,.2662524450581061,378,167,360042.8333333333,41.4270893261228,17.2,23.176,0,prcp_obs,36.1,tmax_obs,23,27.9,0,0,0,0,,,0,,,,,,,9.070043286437461,12.79397828483604,8.896724917497897,9.07015834137632,.2726958923023818,7.770645234129177,8.572438665642215,,1,0,0,0
2020-02-08,2020,2,6,1,0,0,0,0,0,-399,0,7851,6705,2273,4512,997,69,1283,2679,0,378,.426951980639409,379,336,422960.1,53.87340466182652,24.36666666666667,20.76984126984127,7.619999999999999,prcp_gsod_aero,30.5,tmax_obs,19.9,24,0,1,0,0,,,0,,,,,,,8.968396191198256,12.95503312733828,8.81060879571578,8.968523555396352,.2895172589479047,7.728855823852543,8.414495793177895,,1,0,0,0
2020-02-09,2020,2,7,1,0,0,0,0,0,-398,0,6904,5971,2090,3829,930,55,1308,2690,0,373,.5028968713789108,377,401,531725.5,77.0170191193511,30.30833333333333,18.50938337801609,0,prcp_gsod_aero,28.6,tmax_obs,15.9,20.9,0,0,0,0,,,0,,,,,,,8.839856232763264,13.183882657718,8.694669696546992,8.840001065843392,.3027230590961761,7.644919344958857,8.250358951477294,,1,0,0,0
2020-02-10,2020,2,1,0,0,0,0,0,0,-397,0,9917,8372,2806,5805,1220,86,934,2874,0,376,.3157204799838661,378,255,403424.0333333333,40.68004772948809,19.21666666666667,26.375,0,prcp_gsod_aero,25.5,tmax_obs,14.3,19.9,0,0,0,0,,,0,,,,,,,9.202005735186125,12.90774347965705,9.03264808356589,9.202106567049079,.2829484723202582,7.939515260662406,8.666474894131993,,1,0,0,0
2020-02-11,2020,2,2,0,0,0,0,0,0,-396,0,11629,9706,3218,6865,1436,110,965,2881,0,377,.3104308195029668,378,290,415893.7666666667,35.7635021641299,19.05,30.84615384615385,0,prcp_gsod_aero,25,tmax_gsod_aero,18.1,22.6,0,0,0,0,,,0,,,,,,,9.361257257293044,12.93818513804155,9.180499529965161,9.36134324551271,.2767219881331155,8.076515327552329,8.834191318202072,,1,0,0,0
2020-02-12,2020,2,3,0,0,0,0,0,0,-395,0,11273,9418,3169,6572,1438,94,1055,3054,0,377,.3176616694757385,378,295,417754.3,37.0579526301783,19.6,29.90185676392573,0,prcp_gsod_aero,26.11111111111111,tmax_gsod_aero,19.4,24,0,0,0,0,,,0,,,,,,,9.330165765044532,12.94264873964225,9.1503780308035,9.33025446864152,.2811141665927437,8.061171359690921,8.790573479157159,,1,0,0,0
2020-02-13,2020,2,4,0,0,0,0,0,0,-394,0,11665,9632,3207,6941,1438,79,1144,2970,0,378,.2942134590655808,379,261,460467.4833333333,39.47428061151593,18.43333333333333,30.85978835978836,0,prcp_gsod_aero,28.61111111111111,tmax_gsod_aero,21.8,26.2,0,0,0,0,,,0,,,,,,,9.36434818445553,13.03999752053038,9.172846167548602,9.364433907313583,.2749249892841835,8.073091199693154,8.845201135339584,,1,0,0,0
2020-02-14,2020,2,5,0,0,0,0,0,0,-393,0,11201,9293,3262,6449,1397,93,955,2758,0,377,.3137219891081153,378,274,412336.9333333334,36.81251078772729,19.1,29.71087533156499,0,prcp_gsod_aero,31.5,tmax_obs,20.8,26.1,0,0,0,0,,,0,,,,,,,9.323758339011739,12.92959609346873,9.13701670755734,9.323847612769777,.2912239978573342,8.09009578318096,8.771680359010377,,1,0,0,0
2020-02-15,2020,2,6,1,0,0,0,0,0,-392,0,8318,6988,2389,4799,1053,77,1493,2941,0,376,.4300312575138254,378,380,480177.7,57.72754267852849,24.91666666666667,22.12234042553191,0,prcp_gsod_aero,30.5,tmax_aero,18.4,25.3,0,0,0,0,,,0,6,1,6,9,-2,0,9.026177120302856,13.08191152270721,8.851949671253948,9.026297334283887,.2872084635729743,7.77863014732581,8.476162841858246,,1,0,0,0
2020-02-16,2020,2,7,1,0,0,0,0,0,-391,0,6403,5426,1869,3658,805,71,1426,2459,0,376,.4515071060440419,376,319,454059.2,70.91350929251914,26.13333333333333,17.02925531914894,0,prcp_gsod_aero,31.11111111111111,tmax_gsod_aero,24.4,29.3,0,0,0,0,,,0,2,-2,-15,3,-9,2,8.764521909518802,13.02598286499837,8.598957493218878,8.764678074116606,.291894424488521,7.533158807455563,8.204671828950811,,1,0,0,0
2020-02-17,2020,2,1,0,0,0,0,0,0,-390,0,7900,6671,2115,4699,1005,81,764,1633,0,378,.2420253164556962,378,167,222042.9,28.10669620253164,15.61666666666667,20.8994708994709,3.048,prcp_gsod_aero,34,tmax_obs,20.72222222222222,25.7,0,1,0,0,,,0,-9,-14,-27,2,4,2,8.974618038455112,12.31062588542859,8.805525052709516,8.974744612722734,.2677215189873418,7.656810091480378,8.455104999102815,,1,0,0,0
2020-02-18,2020,2,2,0,0,0,0,0,0,-389,0,11948,9810,3287,7105,1454,102,716,2764,0,378,.3016404419149649,379,272,401438.9333333334,33.59883941524383,18.36666666666667,31.60846560846561,35.1,prcp_obs,30,tmax_obs,17.6,22.3,0,1,1,0,,,0,9,9,23,11,7,-1,9.388319179336001,12.90281070449562,9.191157552559409,9.388402871849754,.2751088048208905,8.097730573664219,8.868554040531201,,1,0,0,0
2020-02-19,2020,2,3,0,0,0,0,0,0,-388,0,11699,9624,3303,6794,1522,80,1021,3041,0,377,.3054961962560903,380,294,378166.0666666667,32.32464883038436,18.53333333333334,31.03183023872679,0,prcp_obs,29.11111111111111,tmax_gsod_aero,17,23.6,0,0,0,0,,,0,8,5,29,10,6,-2,9.367258647047601,12.84308870793064,9.172015257654515,9.367344120785848,.282331823232755,8.10258642539079,8.82379514872053,,1,0,0,0
2020-02-20,2020,2,4,0,0,0,0,0,0,-387,0,12198,9997,3319,7186,1602,91,1047,3039,0,378,.2805377930808329,379,326,377881.3,30.97895556648631,17.88333333333333,32.26984126984127,0,prcp_gsod_aero,29.9,tmax_obs,14.9,20.7,0,0,0,0,,,0,3,2,-2,7,5,0,9.409027282856401,12.84233540412273,9.210040326967182,9.409109260148737,.2720937858665355,8.107418811719974,8.879889967673464,,1,0,0,0
2020-02-21,2020,2,5,0,0,0,0,0,0,-386,0,10911,9026,3015,6388,1393,115,1072,2605,0,380,.2910823939143983,385,300,467675.1666666667,42.86272263465005,18,28.71315789473684,0,prcp_gsod_aero,24.5,tmax_obs,13,18.2,0,0,0,0,,,0,3,2,-2,10,5,0,9.297526733655099,13.05552924558988,9.107864580386947,9.297618380083243,.2763266428375034,8.011355109161286,8.762176509334903,,1,0,0,0
2020-02-22,2020,2,6,1,0,0,0,0,1,-385,0,6857,5865,2078,3842,868,69,1089,2358,0,381,.4309464780516261,384,364,347188.85,50.63276214087794,25.31666666666667,17.99737532808399,0,prcp_gsod_aero,23.3,tmax_obs,11.5,17.5,0,0,0,0,,,0,6,4,3,8,-3,0,8.833025307284364,12.75762414719737,8.676757761087576,8.833171133022866,.3030479801662535,7.639161171659173,8.253748343328502,,1,0,0,0
2020-02-23,2020,2,7,1,0,0,0,0,1,-384,0,6594,5624,2014,3564,941,75,1140,2495,0,380,.507885956930543,384,466,378821,57.44934789202306,30.83333333333333,17.35263157894737,0,prcp_gsod_aero,25,tmax_gsod_aero,14.6,20.9,0,0,0,0,,,0,18,6,17,9,-6,1,8.793915423631676,12.8448190769834,8.6347984334905,8.794067065151415,.305429178040643,7.607878073278507,8.1786387885907,,1,0,0,0
2020-02-24,2020,2,1,0,1,0,0,1,0,-383,0,5974,5204,1810,3275,839,50,1090,2296,0,382,.5006695681285571,386,475,378559.85,63.36790257783729,30.05833333333333,15.63874345549738,0,prcp_gsod_aero,28,tmax_gsod_aero,19.4,24.4,0,0,0,0,,,0,-22,-21,18,-41,-70,9,8.695171998776056,12.8441294635337,8.557182839632397,8.695339376799712,.302979578172079,7.501082124259871,8.094073148069352,,1,0,0,0
2020-02-25,2020,2,2,0,1,0,0,1,0,-382,0,5639,4937,1691,3108,782,58,955,2083,0,382,.4718921794644441,386,431,271244.2,48.10147189217946,27.81666666666667,14.76178010471204,0,prcp_gsod_aero,29.8,tmax_obs,18.1,23.2,0,0,0,0,,,0,-32,-17,5,-44,-69,11,8.637462023807181,12.51077480111972,8.504513138258863,8.637639344492104,.2998758645149849,7.43307534889858,8.041734711487537,,1,0,0,0
2020-02-26,2020,2,3,0,0,0,0,0,0,-381,0,8122,6963,2316,4694,1033,79,690,2115,0,386,.3069441024378232,389,221,313540.25,38.60382295001231,18.83333333333333,21.04145077720207,0,prcp_gsod_aero,28.5,tmax_obs,17.6,21.9,0,0,0,0,,,0,3,7,16,11,8,-2,9.002331708246244,12.65568301996864,8.848365694942547,9.002454823050954,.2851514405318887,7.747596838692886,8.454040376410969,,1,0,0,0
2020-02-27,2020,2,4,0,0,0,0,0,0,-380,0,8941,7606,2582,5171,1119,69,804,2186,0,385,.3080192372217873,387,208,294519.9333333334,32.94037952503449,18.73333333333333,23.22337662337662,0,prcp_gsod_aero,27,tmax_gsod_aero,17.6,23.6,0,0,0,0,,,0,4,6,4,10,7,0,9.098402718735319,12.59310196512562,8.936692688488204,9.098514556793926,.2887820154345152,7.856319571406588,8.550821372396221,,1,0,0,0
2020-02-28,2020,2,5,0,0,0,0,0,0,-379,0,9297,7762,2587,5474,1175,61,867,2339,0,385,.3056900075293105,388,177,265193.85,28.52466924814456,18.51666666666667,24.14805194805195,0,prcp_gsod_aero,28.22222222222222,tmax_gsod_aero,18.5,25.6,0,0,0,0,,,0,7,7,7,13,9,0,9.137447046455858,12.4882163469797,8.956995311928852,9.13755460225053,.2782618048832957,7.858254182186029,8.607764889600624,,1,0,0,0
2020-02-29,2020,2,6,1,0,0,0,0,0,-378,0,6694,5810,1933,3822,885,54,1113,2437,0,384,.4152972811472961,386,240,315561.3333333333,47.1409222189025,24.35,17.43229166666667,0,prcp_gsod_aero,32.4,tmax_obs,21.6,25.8,0,0,0,0,,,0,16,15,5,13,-1,2,8.808966881771273,12.6621083424927,8.667335849845957,8.809116258125274,.2887660591574545,7.566828479208331,8.248529124800218,,1,0,0,0
2020-03-01,2020,3,7,1,0,0,0,0,0,-377,0,6106,5252,1841,3395,815,55,1317,2377,0,380,.4464461185718965,383,268,292670.2333333333,47.93158095861994,25.66666666666667,16.06842105263158,0,prcp_gsod_aero,30.22222222222223,tmax_gsod_aero,22.5,28.7,0,0,0,0,,,0,10,17,1,8,-9,3,8.717027173294824,12.58680177066304,8.566364235422688,8.717190933223135,.3015067147068457,7.518064181233078,8.130059039992796,,1,0,0,0
2020-03-02,2020,3,1,0,0,0,0,0,0,-376,0,7757,6621,2220,4515,958,64,598,1981,0,385,.2903184220703881,387,149,264874.0333333333,34.14645266640884,18.11666666666667,20.14805194805195,0,prcp_gsod_aero,34,tmax_obs,24,28.6,0,0,0,0,,,0,7,12,1,6,11,-1,8.956350940490871,12.48700964604373,8.798001694924846,8.956479847999912,.2861931158953204,7.705262474866325,8.415160465851086,,1,0,0,0
2020-03-03,2020,3,2,0,0,0,0,0,0,-375,0,8969,7544,2574,5192,1135,68,749,2319,0,384,.2954621473965883,387,188,284359.5333333333,31.70470881183335,18.16666666666667,23.35677083333333,0,prcp_gsod_aero,33,tmax_obs,22.5,27,0,0,0,0,,,0,9,19,15,10,12,-1,9.101529466118004,12.55799467892987,8.928507824313293,9.101640955052842,.286988515999554,7.853216388156072,8.554874258383926,,1,0,0,0
2020-03-04,2020,3,3,0,0,0,0,0,0,-374,0,10147,8440,2727,5980,1354,86,828,2492,0,385,.2793929240169508,388,202,287223.5,28.3062481521632,17.5,26.35584415584416,0,prcp_gsod_aero,31.9,tmax_obs,22.8,27.1,0,0,0,0,,,0,11,18,19,10,12,-1,9.224933374279082,12.5680159373213,9.040737587590003,9.225031920719173,.2687493840544003,7.910957382845589,8.696175846944678,,1,0,0,0
2020-03-05,2020,3,4,0,0,0,0,0,0,-373,0,10573,8756,2935,6115,1444,79,994,2784,0,385,.2790125792111983,388,219,302474.6166666666,28.60821116680854,17.7,27.46233766233766,0,prcp_gsod_aero,32,tmax_obs,22,26.1,0,0,0,0,,,0,10,19,8,12,10,-1,9.266058860732526,12.61975264108651,9.077494458642754,9.266153436795396,.2775938711813109,7.984462732262196,8.718500048121273,,1,0,0,0
2020-03-06,2020,3,5,0,0,0,0,0,0,-372,0,10657,8866,2966,6200,1406,85,1046,2705,0,384,.2810359388195552,387,200,349979.9833333333,32.84038503643927,18,27.75260416666667,0,prcp_gsod_aero,30.9,tmax_obs,21.4,25.3,0,0,0,0,,,0,14,18,11,15,12,-1,9.273972232220956,12.76563124135397,9.089979015305,9.274066062856727,.2783147227174627,7.994969522697877,8.732304571033183,,1,0,0,0
2020-03-07,2020,3,6,1,0,0,0,0,0,-371,0,7775,6555,2277,4332,1089,77,1291,2538,0,383,.3819935691318328,386,238,336009.25,43.21662379421222,22.7,20.30026109660575,0,prcp_gsod_aero,30,tmax_gsod_aero,21.9,26.3,0,0,0,0,,,0,20,21,16,19,0,1,8.958668737047434,12.72489396832831,8.7879833961978,8.958797346140274,.2928617363344052,7.73061406606374,8.37378460812088,,1,0,0,0
2020-03-08,2020,3,7,1,0,0,0,0,0,-370,0,5099,4478,1514,2817,734,34,1248,1770,0,376,.4353794861737595,383,283,244539.8,47.95838399686213,25.05,13.56117021276596,0,,31,tmax_gsod_aero,23.6,27.7,1,0,0,0,,,0,15,22,-5,11,-11,3,8.536799721055155,12.40713335583574,8.4069317971587,8.536995818712418,.2969209648950775,7.322510433997394,7.943427767876373,,1,0,0,0
2020-03-09,2020,3,1,0,0,0,0,0,0,-369,0,4164,3313,1113,2464,553,34,226,587,0,373,.2490393852065322,386,163,104809.7666666667,25.17045308997759,16.78333333333334,11.16353887399464,.7619999999999999,prcp_gsod_aero,33.4,tmax_obs,20.5,24.8,0,0,0,0,,,0,11,16,23,21,12,-1,8.33423142973486,11.55990223991107,8.105609402299896,8.334471554600944,.2672910662824208,7.014814351275545,7.80954132465341,,1,0,0,0
2020-03-10,2020,3,2,0,0,0,0,0,0,-368,0,5331,4194,1470,3108,704,49,210,988,0,381,.266554117426374,385,239,161621.6833333333,30.31732945663728,17.58333333333333,13.99212598425197,9.9,prcp_obs,28.3,tmax_obs,19.2,22.1,0,1,0,0,,,0,13,20,15,14,14,-2,8.581294116822761,11.99301359511083,8.341410211461865,8.5814816812986,.2757456387169386,7.293017679772782,8.041734711487537,,1,0,0,0
2020-03-11,2020,3,3,0,0,0,0,0,0,-367,0,1889,1626,530,1135,214,10,323,832,0,356,.1731074642668078,370,38,47272.55,25.02517204870302,14.05,5.306179775280899,0,prcp_obs,25.4,tmax_obs,20.2,21.5,0,0,0,0,,,0,-19,-13,-28,-1,9,2,7.543802867501509,10.76368506775221,7.393878290107756,7.544332108053689,.2805717310746427,6.272877006546167,7.034387929915503,,1,0,0,0
2020-03-12,2020,3,4,0,0,0,0,0,0,-366,0,6246,4848,1797,3504,880,65,277,1236,0,382,.2625680435478706,384,267,160891.9,25.75918988152418,17.64166666666667,16.35078534031414,35.05199999999999,prcp_gsod_aero,26,tmax_gsod_aero,18.8,23,0,1,1,0,,,0,4,33,-1,11,12,-1,8.739696537843024,11.98848798988606,8.48632152774915,8.73985662749357,.2877041306436119,7.493873886783559,8.161660452056282,,1,0,0,0
2020-03-13,2020,3,5,0,0,0,0,0,0,-365,0,6379,4933,1857,3581,889,52,411,1336,0,380,.2693212102210378,382,258,174364.2166666667,27.33409886607096,18.16666666666667,16.78684210526316,0,prcp_gsod_aero,27.22222222222223,tmax_gsod_aero,21.1,25.4,0,0,0,0,,,0,1,31,0,8,12,0,8.760766624241956,12.06890158974118,8.503702601233739,8.760923376338836,.291111459476407,7.526717561352706,8.183397369998433,,1,0,0,0
2020-03-14,2020,3,6,1,0,0,0,0,0,-364,0,2551,2097,706,1482,348,15,690,1200,0,353,.3128185025480204,371,100,83033.10000000001,32.54923559388475,19.31666666666667,7.226628895184136,41.91,prcp_gsod_aero,31.4,tmax_obs,19.72222222222222,23.8,0,1,1,0,,,0,-22,21,-50,-17,-11,11,7.844240718141811,11.3269946024618,7.64826303090192,7.844632644464681,.2767542140337123,6.559615237493242,7.301147805856032,,1,0,0,0
2020-03-15,2020,3,7,1,0,0,0,0,0,-363,0,3519,2936,1049,1816,623,31,395,1029,0,360,.4558113100312589,370,279,165279.6166666667,46.96777967225538,26.26666666666667,9.775,2.54,prcp_gsod_aero,23.5,tmax_aero,16.5,19.8,0,1,0,0,,,0,-19,69,-30,-14,-18,11,8.165932137321585,12.01539396505423,7.984803389734406,8.166216268592143,.2980960500142086,6.955592608396297,7.504391559161238,,1,0,0,0
2020-03-16,2020,3,1,0,0,0,0,0,0,-362,0,5409,4230,1566,3056,750,37,304,1042,0,377,.3059715289332594,381,266,187670.95,34.69605287483823,20.13333333333333,14.3474801061008,0,prcp_gsod_aero,24.5,tmax_obs,14.8,19.6,0,0,0,0,,,0,-25,24,-29,-22,-8,9,8.595819511871428,12.14244544234956,8.349957272040324,8.596004371840527,.2895174708818636,7.356279876550748,8.024862150286412,,1,0,0,0
2020-03-17,2020,3,2,0,0,0,0,0,0,-361,0,3214,2495,916,1847,427,24,271,615,0,369,.2237087741132545,378,98,80747.26666666666,25.12360506119062,17.11666666666667,8.710027100271002,2.032,prcp_gsod_aero,23.5,tmax_obs,17,20.5,0,1,0,0,,,0,-43,1,-48,-37,-25,16,8.075271546297458,11.2990793911828,7.822044008185619,8.075582636671721,.2850031113876789,6.82001636467413,7.52131798019924,,1,0,0,0
2020-03-18,2020,3,3,0,0,0,0,0,0,-360,0,3660,2826,1090,1969,567,34,133,652,0,369,.3163934426229508,375,162,102127.4833333333,27.9036839708561,20.90833333333334,9.918699186991869,9.1,prcp_obs,23.22222222222222,tmax_gsod_aero,17.2,20.7,0,1,0,0,,,0,-46,4,-42,-43,-34,17,8.205218426395412,11.53397714847213,7.946617563244473,8.205491613120236,.2978142076502732,6.993932975223189,7.585281078639126,,1,0,0,0
2020-03-19,2020,3,4,0,0,0,0,0,0,-359,0,3635,2814,1084,2035,494,22,213,697,0,372,.3477303988995874,378,115,169545.25,46.64243466299863,22.41666666666667,9.771505376344086,0,prcp_gsod_aero,25,tmax_gsod_aero,16.2,20.4,0,0,0,0,,,0,-47,26,-48,-45,-40,17,8.198364389967621,12.04087513182664,7.942362237674335,8.19863945529737,.2982118294360385,6.988413181999592,7.618251097876695,,1,0,0,0
2020-03-20,2020,3,5,0,0,0,0,0,0,-358,0,688,554,199,383,102,4,67,76,0,278,.2325581395348837,302,27,20849.63333333334,30.3046996124031,18.45833333333333,2.474820143884892,0,prcp_gsod_aero,27,tmax_gsod_aero,15.4,21.9,0,0,0,0,,,0,-89,-42,-85,-82,-77,39,6.533788837933344,9.945091641141058,6.317164686747284,6.535241271013659,.2892441860465116,5.293304824724492,5.948034989180646,,1,0,1,0
2020-03-21,2020,3,6,1,0,0,0,0,1,-357,0,1,1,1,0,0,0,0,0,0,1,0,2,0,20.38333333333333,20.38333333333333,20.38333333333333,1,0,prcp_gsod_aero,29.8,tmax_obs,18.3,23.4,0,0,0,0,,,0,-90,-43,-88,-81,-70,33,0,3.014717573465072,0,.6931471805599453,1,0,,,1,0,1,1
2020-03-22,2020,3,7,1,0,0,0,0,1,-356,0,,,,,,,,,,,,,,,,,,0,prcp_gsod_aero,29.7,tmax_obs,16.6,23.2,0,0,0,0,,,0,-91,-52,-92,-83,-69,31,,,,,,,,,0,0,1,0
2020-03-23,2020,3,1,0,1,0,0,1,0,-355,0,,,,,,,,,,,,,,,,,,0,prcp_gsod_aero,28,tmax_gsod_aero,21.3,24.9,0,0,0,0,,,0,-93,-58,-92,-90,-90,39,,,,,,,,,0,0,1,0
2020-03-24,2020,3,2,0,1,0,0,1,0,-354,0,,,,,,,,,,,,,,,,,,0,prcp_gsod_aero,28.4,tmax_aero,21,25.6,0,0,0,0,,,0,-94,-59,-91,-90,-90,39,,,,,,,,,0,0,1,0
2020-03-25,2020,3,3,0,0,0,0,0,0,-353,0,,,,,,,,,,,,,,,,,,.5,prcp_obs,31,tmax_obs,21.4,24.7,0,0,0,0,,,0,-89,-45,-83,-82,-81,36,,,,,,,,,0,0,1,0
2020-03-26,2020,3,4,0,0,0,0,0,0,-352,0,,,,,,,,,,,,,,,,,,0,prcp_obs,25.5,tmax_gsod_aero,20.4,23.3,0,0,0,0,,,0,-90,-47,-85,-83,-81,38,,,,,,,,,0,0,1,0
2020-03-27,2020,3,5,0,0,0,0,0,0,-351,0,,,,,,,,,,,,,,,,,,0,prcp_gsod_aero,26.5,tmax_gsod_aero,21.2,25.1,0,0,0,0,,,0,-89,-44,-85,-82,-80,41,,,,,,,,,0,0,1,0
2020-03-28,2020,3,6,1,0,0,0,0,0,-350,0,,,,,,,,,,,,,,,,,,0,prcp_gsod_aero,29.5,tmax_obs,21.8,25,0,0,0,0,,,0,-89,-41,-88,-80,-71,33,,,,,,,,,0,0,1,0
2020-03-29,2020,3,7,1,0,0,0,0,1,-349,0,,,,,,,,,,,,,,,,,,0,prcp_gsod_aero,30,tmax_gsod_aero,20.7,25.3,0,0,0,0,,,0,-90,-48,-91,-82,-69,31,,,,,,,,,0,0,1,0
2020-03-30,2020,3,1,0,0,0,0,0,0,-348,0,,,,,,,,,,,,,,,,,,0,prcp_gsod_aero,30.2,tmax_obs,22.1,24.6,0,0,0,0,,,0,-89,-46,-87,-84,-82,37,,,,,,,,,0,0,1,0
2020-03-31,2020,3,2,0,1,0,0,1,0,-347,0,,,,,,,,,,,,,,,,,,3.048,prcp_gsod_aero,27.9,tmax_obs,19.2,22.4,0,1,0,0,,,0,-92,-54,-90,-88,-89,38,,,,,,,,,0,0,1,0
2020-04-01,2020,4,3,0,0,0,0,0,0,-346,0,,,,,,,,,,,,,,,,,,10.922,prcp_gsod_aero,24,tmax_gsod_aero,19.5,22.1,0,1,1,0,,,0,-88,-43,-83,-81,-79,35,,,,,,,,,0,0,1,0
2020-04-02,2020,4,4,0,0,0,0,0,0,-345,0,,,,,,,,,,,,,,,,,,2.032,prcp_gsod_aero,24.7,tmax_obs,13.2,18.9,0,1,0,0,,,0,-87,-42,-85,-81,-80,37,,,,,,,,,0,0,1,0
2020-04-03,2020,4,5,0,0,0,0,0,0,-344,0,,,,,,,,,,,,,,,,,,0,prcp_gsod_aero,23.5,tmax_obs,11.8,17.1,0,0,0,0,,,0,-87,-39,-83,-79,-78,40,,,,,,,,,0,0,1,0
2020-04-04,2020,4,6,1,0,0,0,0,0,-343,0,,,,,,,,,,,,,,,,,,0,prcp_gsod_aero,24,tmax_gsod_aero,14.4,20.2,0,0,0,0,,,0,-87,-35,-86,-77,-68,32,,,,,,,,,0,0,1,0
2020-04-05,2020,4,7,1,0,0,0,0,0,-342,0,,,,,,,,,,,,,,,,,,0,prcp_gsod_aero,25.7,tmax_obs,15,20.4,0,0,0,0,,,0,-88,-44,-89,-80,-66,30,,,,,,,,,0,0,1,0
2020-04-06,2020,4,1,0,0,0,0,0,0,-341,0,,,,,,,,,,,,,,,,,,.508,prcp_gsod_aero,24.6,tmax_obs,14.2,18.7,0,0,0,0,,,0,-86,-39,-82,-79,-77,35,,,,,,,,,0,0,1,0
2020-04-07,2020,4,2,0,0,0,0,0,0,-340,0,,,,,,,,,,,,,,,,,,0,prcp_gsod_aero,20.7,tmax_obs,9.4,14.6,0,0,0,0,,,0,-89,-30,-80,-77,-77,35,,,,,,,,,0,0,1,0
2020-04-08,2020,4,3,0,0,0,0,0,0,-339,0,,,,,,,,,,,,,,,,,,0,prcp_gsod_aero,20,tmax_obs,8.199999999999999,13.8,0,0,0,0,,,0,-88,-26,-78,-76,-77,34,,,,,,,,,0,0,1,0
2020-04-09,2020,4,4,0,0,1,0,1,0,-338,0,,,,,,,,,,,,,,,,,,0,prcp_gsod_aero,20,tmax_gsod_aero,9.199999999999999,15.1,0,0,0,0,,,0,-89,-28,-83,-79,-81,37,,,,,,,,,0,0,1,0
2020-04-10,2020,4,5,0,1,0,0,1,0,-337,0,,,,,,,,,,,,,,,,,,0,prcp_gsod_aero,20,tmax_gsod_aero,11,16.7,0,0,0,0,,,0,-93,-48,-88,-86,-88,43,,,,,,,,,0,0,1,0
2020-04-11,2020,4,6,1,0,0,0,0,1,-336,0,,,,,,,,,,,,,,,,,,0,prcp_gsod_aero,22.22222222222222,tmax_gsod_aero,15.1,19.3,0,0,0,0,,,0,-89,-28,-84,-74,-67,32,,,,,,,,,0,0,1,0
2020-04-12,2020,4,7,1,0,0,0,0,1,-335,0,,,,,,,,,,,,,,,,,,0,prcp_gsod_aero,22.72222222222223,tmax_gsod_aero,14.6,19.7,0,0,0,0,,,0,-89,-39,-88,-77,-65,30,,,,,,,,,0,0,1,0
2020-04-13,2020,4,1,0,0,0,0,0,0,-334,0,,,,,,,,,,,,,,,,,,2.032,prcp_gsod_aero,24.8,tmax_obs,14,18.8,0,1,0,0,,,0,-88,-39,-81,-77,-74,34,,,,,,,,,0,0,1,0
2020-04-14,2020,4,2,0,0,0,0,0,0,-333,0,,,,,,,,,,,,,,,,,,11.938,prcp_gsod_aero,20,tmax_gsod_aero,9,14.5,0,1,1,0,,,0,-86,-25,-76,-74,-73,33,,,,,,,,,0,0,1,0
2020-04-15,2020,4,3,0,0,0,1,0,0,-332,0,,,,,,,,,,,,,,,,,,0,prcp_gsod_aero,20.5,tmax_gsod_aero,9.1,15.3,0,0,0,0,,,0,-86,-27,-77,-74,-72,33,,,,,,,,,0,0,1,0
2020-04-16,2020,4,4,0,0,0,1,0,0,-331,0,,,,,,,,,,,,,,,,,,0,prcp_gsod_aero,20.8,tmax_aero,8,14.5,0,0,0,0,,,0,-88,-27,-93,-72,-73,34,,,,,,,,,0,0,1,0
2020-04-17,2020,4,5,0,0,0,0,0,0,-330,0,,,,,,,,,,,,,,,,,,0,prcp_gsod_aero,20,tmax_gsod_aero,11.4,15.9,0,0,0,0,,,0,-87,-24,-93,-71,-71,38,,,,,,,,,0,0,1,0
2020-04-18,2020,4,6,1,0,0,0,0,0,-329,0,,,,,,,,,,,,,,,,,,0,prcp_gsod_aero,23.22222222222222,tmax_gsod_aero,13.5,19,0,0,0,0,,,0,-89,-28,-96,-71,-62,31,,,,,,,,,0,0,1,0
2020-04-19,2020,4,7,1,0,0,0,0,0,-328,0,,,,,,,,,,,,,,,,,,0,prcp_gsod_aero,24,tmax_gsod_aero,17,20.9,0,0,0,0,,,0,-90,-40,-97,-75,-63,29,,,,,,,,,0,0,1,0
2020-04-20,2020,4,1,0,0,0,0,0,0,-327,0,,,,,,,,,,,,,,,,,,0,prcp_gsod_aero,25,tmax_gsod_aero,14.5,20.7,0,0,0,0,,,0,-87,-31,-92,-72,-70,32,,,,,,,,,0,0,1,0
2020-04-21,2020,4,2,0,0,0,0,0,0,-326,0,,,,,,,,,,,,,,,,,,0,prcp_gsod_aero,28.9,tmax_obs,16.4,18.8,0,0,0,0,,,0,-87,-30,-93,-72,-70,32,,,,,,,,,0,0,1,0
2020-04-22,2020,4,3,0,0,0,0,0,0,-325,0,,,,,,,,,,,,,,,,,,0,prcp_gsod_aero,21.9,tmax_obs,15.2,17.5,0,0,0,0,,,0,-88,-29,-92,-72,-69,32,,,,,,,,,0,0,1,0
2020-04-23,2020,4,4,0,0,0,0,0,0,-324,0,,,,,,,,,,,,,,,,,,0,prcp_gsod_aero,21,tmax_gsod_aero,16.8,20.1,0,0,0,0,,,0,-88,-30,-94,-72,-69,34,,,,,,,,,0,0,1,0
2020-04-24,2020,4,5,0,0,0,1,0,0,-323,0,,,,,,,,,,,,,,,,,,1.016,prcp_gsod_aero,24.7,tmax_obs,18.9,21.3,0,1,0,0,,,0,-88,-31,-93,-72,-68,37,,,,,,,,,0,0,1,0
2020-04-25,2020,4,6,1,0,0,0,0,0,-322,0,,,,,,,,,,,,,,,,,,7.874,prcp_gsod_aero,23.2,tmax_obs,17,19.4,0,1,0,0,,,0,-90,-36,-96,-73,-61,31,,,,,,,,,0,0,1,0
2020-04-26,2020,4,7,1,0,0,0,0,0,-321,0,,,,,,,,,,,,,,,,,,4.064,prcp_gsod_aero,20,tmax_gsod_aero,15.4,18.1,0,1,0,0,,,0,-88,-35,-96,-74,-61,29,,,,,,,,,0,0,1,0
2020-04-27,2020,4,1,0,0,0,0,0,0,-320,0,,,,,,,,,,,,,,,,,,0,,21.6,tmax_obs,16.5,18.6,1,0,0,0,,,0,-87,-36,-94,-72,-67,32,,,,,,,,,0,0,1,0
2020-04-28,2020,4,2,0,0,0,0,0,0,-319,0,,,,,,,,,,,,,,,,,,46,prcp_obs,21.3,tmax_obs,16.7,19.2,0,1,1,0,,,0,-89,-45,-95,-76,-70,29,,,,,,,,,0,0,1,0
2020-04-29,2020,4,3,0,0,0,0,0,0,-318,0,,,,,,,,,,,,,,,,,,5.08,prcp_gsod_aero,22.5,tmax_gsod_aero,11.4,16.8,0,1,0,0,,,0,-84,-17,-91,-67,-66,30,,,,,,,,,0,0,1,0
2020-04-30,2020,4,4,0,0,0,0,0,0,-317,0,,,,,,,,,,,,,,,,,,0,prcp_gsod_aero,23,tmax_obs,11.4,16.2,0,0,0,0,,,0,-82,-16,-91,-67,-66,31,,,,,,,,,0,0,1,0
2020-05-01,2020,5,5,0,1,0,0,1,0,-316,0,,,,,,,,,,,,,,,,,,0,prcp_gsod_aero,22.5,tmax_obs,12.5,16.9,0,0,0,0,,,0,-92,-72,-96,-84,-86,42,,,,,,,,,0,0,1,0
2020-05-02,2020,5,6,1,0,0,0,0,1,-315,0,,,,,,,,,,,,,,,,,,0,prcp_gsod_aero,22.5,tmax_obs,10.5,14.8,0,0,0,0,,,0,-84,-13,-94,-67,-55,29,,,,,,,,,0,0,1,0
2020-05-03,2020,5,7,1,0,0,0,0,1,-314,0,,,,,,,,,,,,,,,,,,0,,20,tmax_gsod_aero,11.9,17.2,1,0,0,0,,,0,-87,-32,-96,-73,-58,28,,,,,,,,,0,0,1,0
2020-05-04,2020,5,1,0,0,0,0,0,0,-313,0,,,,,,,,,,,,,,,,,,2.794,prcp_gsod_aero,20.8,tmax_obs,13.4,16.3,0,1,0,0,,,0,-84,-32,-93,-70,-65,31,,,,,,,,,0,0,1,0
2020-05-05,2020,5,2,0,0,0,0,0,0,-312,0,,,,,,,,,,,,,,,,,,7.1,prcp_aero,19.6,tmax_obs,10.4,14.6,0,1,0,0,,,0,-82,-23,-90,-68,-65,30,,,,,,,,,0,0,1,0
2020-05-06,2020,5,3,0,0,0,0,0,0,-311,0,,,,,,,,,,,,,,,,,,0,prcp_aero,16.9,tmax_obs,8.5,12.1,0,0,0,0,,,0,-82,-20,-90,-67,-64,30,,,,,,,,,0,0,1,0
2020-05-07,2020,5,4,0,0,0,0,0,0,-310,0,,,,,,,,,,,,,,,,,,0,prcp_gsod_aero,19,tmax_gsod_aero,8.4,13.8,0,0,0,0,,,0,-81,-20,-89,-67,-64,31,,,,,,,,,0,0,1,0
2020-05-08,2020,5,5,0,0,0,0,0,0,-309,0,,,,,,,,,,,,,,,,,,0,prcp_gsod_aero,19.6,tmax_obs,9.4,14.2,0,0,0,0,,,0,-81,-17,-89,-65,-62,34,,,,,,,,,0,0,1,0
2020-05-09,2020,5,6,1,0,0,0,0,0,-308,0,,,,,,,,,,,,,,,,,,0,prcp_gsod_aero,20.22222222222223,tmax_gsod_aero,10.8,16.3,0,0,0,0,,,0,-82,-14,-92,-64,-51,28,,,,,,,,,0,0,1,0
2020-05-10,2020,5,7,1,0,0,0,0,0,-307,0,,,,,,,,,,,,,,,,,,0,prcp_gsod_aero,23.5,tmax_gsod_aero,11.9,19.2,0,0,0,0,,,0,-84,-30,-94,-69,-54,27,,,,,,,,,0,0,1,0
2020-05-11,2020,5,1,0,0,0,0,0,0,-306,0,97,85,40,46,11,0,0,16,0,51,.1134020618556701,91,5,1939.366666666667,19.99347079037801,19.05,1.901960784313725,0,prcp_gsod_aero,25.3,tmax_obs,14,18.7,0,0,0,0,,,0,-80,-23,-89,-66,-61,29,4.574710978503383,7.570116738276451,4.442651256490317,4.584967478670572,.4123711340206185,3.688879454113936,3.828641396489095,,1,0,0,1
2020-05-12,2020,5,2,0,0,0,0,0,0,-305,0,580,459,179,324,76,1,7,59,0,157,.1379310344827586,224,34,12144.83333333333,20.93936781609195,17.825,3.694267515923567,0,prcp_gsod_aero,20.8,tmax_obs,7.8,13.3,0,0,0,0,,,0,-79,-20,-88,-65,-61,28,6.363028103540465,9.404659118273633,6.129050210060545,6.364750756851911,.3086206896551724,5.187385805840755,5.780743515792329,,1,0,0,0
2020-05-13,2020,5,3,0,0,0,0,0,0,-304,0,905,677,283,465,153,4,22,91,0,175,.1292817679558011,252,51,19173.9,21.18662983425414,18.03333333333334,5.171428571428572,0,prcp_gsod_aero,20.22222222222223,tmax_gsod_aero,8.5,14.2,0,0,0,0,,,0,-79,-18,-86,-65,-60,28,6.807934943699926,9.861305258227493,6.517671272912275,6.80903930604298,.312707182320442,5.645446897643238,6.142037405587356,,1,0,0,0
2020-05-14,2020,5,4,0,0,0,0,0,0,-303,0,867,675,259,453,152,3,29,118,0,178,.1164936562860438,252,54,16034.15,18.49382929642445,16.63333333333333,4.870786516853933,0,prcp_gsod_aero,21,tmax_obs,5.4,11.6,0,0,0,0,,,0,-79,-21,-88,-66,-61,28,6.765038976780541,9.682476101679507,6.51471269087253,6.766191714660351,.2987312572087659,5.556828061699537,6.115892125483034,,1,0,0,0
2020-05-15,2020,5,5,0,0,0,0,0,0,-302,0,1299,935,384,684,222,9,22,123,0,186,.1393379522709777,277,66,26677.81666666667,20.5371952784193,17.63333333333333,6.983870967741935,0,prcp_gsod_aero,21.22222222222223,tmax_gsod_aero,7,15,0,0,0,0,,,0,-79,-17,-89,-64,-59,32,7.1693500166706,10.19158766259801,6.840546529288687,7.170119543449628,.2956120092378753,5.950642552587727,6.52795791762255,,1,0,0,0
2020-05-16,2020,5,6,1,0,0,0,0,0,-301,0,1193,912,325,641,211,16,47,168,0,184,.1978206202849958,264,88,27327.7,22.90670578373847,19.31666666666667,6.483695652173913,0,prcp_gsod_aero,27,tmax_gsod_aero,11.4,19.8,0,0,0,0,,,0,-79,-11,-89,-60,-48,26,7.084226422097916,10.21565611877628,6.815639990074331,7.085064293952548,.2724224643755239,5.783825182329737,6.46302945692067,,1,0,0,0
2020-05-17,2020,5,7,1,0,0,0,0,0,-300,0,1101,819,310,579,201,11,38,157,0,187,.1980018165304269,261,83,25840.48333333333,23.47001211020285,20.26666666666667,5.887700534759358,0,prcp_gsod_aero,28.4,tmax_obs,15,20.7,0,0,0,0,,,0,-81,-26,-90,-65,-50,26,7.00397413672268,10.15969766257197,6.70808408385307,7.004881989712859,.2815622161671208,5.736572297479192,6.361302477572996,,1,0,0,0
2020-05-18,2020,5,1,0,0,0,0,0,0,-299,0,1646,1208,496,854,283,13,48,185,0,195,.1360874848116646,294,104,33707.91666666666,20.47868570271365,17.85833333333333,8.441025641025641,0,prcp_gsod_aero,26.9,tmax_obs,14.7,18.3,0,0,0,0,,,0,-77,-22,-89,-65,-58,28,7.406103381237015,10.42548800467685,7.096721378494761,7.406710730177641,.3013365735115431,6.206575926724928,6.74993119378857,,1,0,0,0
2020-05-19,2020,5,2,0,0,0,0,0,0,-298,0,1838,1343,534,949,342,13,45,181,0,197,.1420021762785637,299,71,37060.63333333333,20.16356546971345,18.25833333333333,9.32994923857868,0,prcp_gsod_aero,22.22222222222222,tmax_gsod_aero,15,19.4,0,0,0,0,,,0,-77,-20,-86,-65,-58,28,7.516433302915632,10.5203105890979,7.202661196523238,7.516977224604321,.2905331882480958,6.280395838960195,6.855408798609928,,1,0,0,0
2020-05-20,2020,5,3,0,0,0,0,0,0,-297,0,1507,1111,413,804,269,21,52,165,0,195,.1247511612475116,283,70,29542.8,19.60371599203716,17.6,7.728205128205128,0,,24.5,tmax_obs,16.5,20.1,1,0,0,0,,,0,-77,-22,-83,-66,-59,28,7.317876198626496,10.29359533832325,7.01301578963963,7.318539548567902,.2740544127405442,6.023447592961033,6.689599269178967,,1,0,0,0
2020-05-21,2020,5,4,0,0,0,0,0,0,-296,0,1258,922,386,637,221,14,44,176,0,190,.0993640699523052,272,44,23218.8,18.45691573926868,16.35833333333333,6.621052631578947,5.334,prcp_gsod_obs,24.5,tmax_obs,13.2,15.7,0,1,0,0,,,0,-79,-27,-88,-69,-60,31,7.137278437260386,10.05271757432988,6.826545223556594,7.138073034044347,.3068362480127186,5.955837369464831,6.456769655572163,,1,0,0,0
2020-05-22,2020,5,5,0,0,0,0,0,0,-295,0,1420,1059,408,768,231,13,35,156,0,193,.1302816901408451,280,37,28300.2,19.92971830985916,17.44166666666667,7.357512953367876,0,prcp_gsod_aero,16,tmax_gsod_aero,10.5,13.2,0,0,0,0,,,0,-78,-19,-87,-66,-57,32,7.258412150595307,10.25062415074417,6.965080345601407,7.259116128097101,.2873239436619718,6.011267174404162,6.643789733147672,,1,0,0,0
2020-05-23,2020,5,6,1,0,0,0,0,1,-294,0,1271,967,355,658,238,20,38,156,0,188,.1927616050354052,275,81,31976.4,25.15845790715972,20.78333333333334,6.76063829787234,0,prcp_gsod_aero,17,tmax_gsod_aero,8.1,12.5,0,0,0,0,,,0,-78,-7,-85,-60,-44,26,7.147559271189454,10.37275340969496,6.874198495453294,7.148345743900068,.2793076317859953,5.872117789475416,6.489204931325317,,1,0,0,0
2020-05-24,2020,5,7,1,0,0,1,0,1,-293,0,850,669,242,447,152,9,45,137,0,181,.1717647058823529,258,58,19074.16666666667,22.44019607843137,19.45833333333333,4.696132596685083,0,prcp_gsod_aero,17.2,tmax_aero,8,12.2,0,0,0,0,,,0,-81,-23,-89,-68,-49,26,6.745236349484363,9.856090167998694,6.505784060128229,6.746412128573375,.2847058823529412,5.488937726156687,6.102558594613569,,1,0,0,0
2020-05-25,2020,5,1,0,1,0,0,1,0,-292,0,823,632,221,449,148,5,42,141,0,182,.140947752126367,252,53,16978.11666666667,20.62954637505063,17.53333333333334,4.521978021978022,0,prcp_gsod_aero,18.4,tmax_obs,9.199999999999999,14.8,0,0,0,0,,,0,-88,-50,-92,-83,-83,35,6.71295620067707,9.73968053891211,6.448889394146858,6.714170529909472,.2685297691373025,5.398162701517753,6.107022887742255,,1,0,0,0
2020-05-26,2020,5,2,0,0,0,0,0,0,-291,0,1412,1069,404,768,228,12,40,157,0,193,.146600566572238,285,57,30130.11666666667,21.33860953729934,18.025,7.316062176165803,0,prcp_gsod_aero,17.2,tmax_aero,9,13.8,0,0,0,0,,,0,-77,-23,-85,-66,-57,27,7.252762418053187,10.3132805042266,6.974478911025045,7.253470382684528,.2861189801699717,6.001414877961151,6.643789733147672,,1,0,0,0
2020-05-27,2020,5,3,0,0,0,0,0,0,-290,0,1453,1073,419,771,237,26,32,162,0,191,.1273227804542326,276,64,29230.51666666667,20.11735489791237,18.08333333333333,7.607329842931938,0,prcp_gsod_aero,18,tmax_gsod_aero,9.4,14.7,0,0,0,0,,,0,-77,-18,-84,-66,-57,28,7.281385663570283,10.28296853385283,6.978213742630699,7.282073658093465,.2883688919476944,6.037870919922137,6.647688373563329,,1,0,0,0
2020-05-28,2020,5,4,0,0,0,0,0,0,-289,0,1311,998,360,739,201,11,34,133,0,188,.1205186880244089,265,58,25725.81666666667,19.62304856343758,17.9,6.973404255319149,0,prcp_gsod_aero,18,tmax_aero,10.6,16.4,0,0,0,0,,,0,-77,-20,-84,-66,-58,29,7.1785454837637,10.1552503062301,6.905753276311464,7.179307969504034,.2745995423340961,5.886104031450156,6.605297920948202,,1,0,0,0
2020-05-29,2020,5,5,0,0,0,0,0,0,-288,0,1359,1039,377,733,235,14,26,167,0,191,.1331861662987491,263,54,27201.41666666667,20.01575913662007,17.65,7.115183246073299,0,prcp_gsod_aero,21.8,tmax_obs,10.4,15.4,0,0,0,0,,,0,-77,-16,-85,-65,-56,32,7.214504414151143,10.21102433426113,6.946013991099227,7.215239978730097,.2774098601913171,5.932245187448011,6.597145701886651,,1,0,0,0
2020-05-30,2020,5,6,1,0,0,0,0,0,-287,0,673,554,180,371,117,5,30,96,0,163,.1634472511144131,202,28,14303.45,21.25326894502229,18.36666666666667,4.128834355828221,0,prcp_gsod_aero,21.7,tmax_obs,11,13.3,0,0,0,0,,,0,-80,-16,-88,-65,-43,27,6.511745329644728,9.568256045891047,6.317164686747284,6.513230110912307,.2674591381872214,5.19295685089021,5.916202062607435,,1,0,0,0
2020-05-31,2020,5,7,1,0,0,0,0,0,-286,0,680,522,210,330,132,8,25,121,0,170,.1764705882352941,212,44,16886.56666666667,24.8331862745098,19.50833333333333,4,0,prcp_gsod_aero,15.1,tmax_obs,6.5,10.1,0,0,0,0,,,0,-81,-28,-89,-69,-46,26,6.522092798170152,9.734273713038203,6.257667587882639,6.523562306149512,.3088235294117647,5.347107530717469,5.799092654460526,,1,0,0,0
2020-06-01,2020,6,1,0,0,0,0,0,0,-285,0,1174,901,335,645,185,9,17,121,0,188,.1073253833049404,238,42,23718.68333333333,20.20330777967064,17.225,6.24468085106383,0,prcp_gsod_aero,14.3,tmax_obs,5.9,10.2,0,0,0,0,,,0,-77,-24,-86,-67,-57,28,7.068172000388042,10.07401834285824,6.803505257608338,7.069023426578259,.2853492333901193,5.814130531825066,6.469250316795772,,1,0,0,0
2020-06-02,2020,6,2,0,0,0,0,0,0,-284,0,1452,1060,446,751,242,13,33,187,0,191,.1026170798898072,234,49,28108.38333333334,19.35839072543618,17.55,7.602094240837697,0,prcp_gsod_aero,14,tmax_gsod_aero,4.5,9.4,0,0,0,0,,,0,-76,-20,-85,-67,-57,28,7.280697195384741,10.24382315009206,6.966024187106113,7.281385663570283,.3071625344352617,6.100318952020064,6.621405651764134,,1,0,0,0
2020-06-03,2020,6,3,0,0,0,0,0,0,-283,0,1881,1305,512,1035,323,11,37,204,0,193,.1127060074428496,239,62,35858.28333333333,19.06341485025695,17.28333333333334,9.746113989637307,0,prcp_gsod_aero,14.5,tmax_gsod_aero,5.1,12.1,0,0,0,0,,,0,-76,-17,-84,-67,-56,27,7.53955882930103,10.4873298746617,7.173958319756794,7.540090320145325,.2721956406166933,6.238324625039508,6.942156705699469,,1,0,0,0
2020-06-04,2020,6,4,0,0,0,0,0,0,-282,0,1932,1380,531,1061,320,20,44,222,0,193,.1128364389233954,225,64,37270.05,19.29091614906832,17.425,10.01036269430052,0,prcp_gsod_aero,17.3,tmax_obs,8.1,11.8,0,0,0,0,,,0,-77,-18,-84,-67,-57,29,7.566311014772463,10.52594533403398,7.22983877815125,7.566828479208331,.2748447204968944,6.274762021241939,6.966967138613983,,1,0,0,0
2020-06-05,2020,6,5,0,0,0,0,0,0,-281,0,1609,1150,459,898,231,21,62,227,0,194,.1031696706028589,219,42,30766.53333333333,19.12152475657758,16.63333333333333,8.293814432989692,.254,prcp_gsod_obs,16.6,tmax_obs,9,12.3,0,0,0,0,,,0,-76,-19,-84,-66,-56,32,7.383368146992384,10.33418279811897,7.047517221357296,7.383989457978509,.2852703542573027,6.129050210060545,6.8001700683022,,1,0,0,0
2020-06-06,2020,6,6,1,0,0,0,0,0,-280,0,1297,953,364,690,223,20,77,260,0,191,.1295296838858905,207,71,26802.06666666667,20.66466204060653,17.63333333333333,6.790575916230367,.5,prcp_obs,17,tmax_gsod_aero,12.3,15.8,0,0,0,0,,,0,-78,-12,-86,-64,-42,26,7.167809184316444,10.19623427795365,6.859614903654202,7.168579897264035,.2806476484194295,5.897153867636741,6.536691597591305,,1,0,0,0
2020-06-07,2020,6,7,1,0,0,0,0,0,-279,0,1354,1006,413,685,239,17,89,276,0,186,.1632200886262925,198,91,29988.93333333333,22.14839980305268,19.55,7.279569892473118,.508,prcp_gsod_aero,17.2,tmax_obs,13.6,15.4,0,0,0,0,,,0,-80,-25,-86,-68,-44,25,7.21081845347222,10.30858370369916,6.913737350659685,7.211556733313802,.3050221565731167,6.023447592961033,6.529418838262226,,1,0,0,0
2020-06-08,2020,6,1,0,0,0,0,0,0,-278,0,2318,1647,713,1233,343,29,48,595,0,193,.1410698878343399,208,119,48968.76666666667,21.12543859649123,18.175,12.01036269430052,.508,prcp_gsod_aero,17.61111111111111,tmax_gsod_aero,13.5,15.1,0,0,0,0,,,0,-73,-20,-81,-66,-55,27,7.748460023899697,10.79893795889149,7.406710730177641,7.748891337255532,.3075927523727351,6.569481420414296,7.117205503164344,,1,0,0,0
2020-06-09,2020,6,2,0,0,0,0,0,0,-277,0,2842,1964,884,1485,444,29,81,653,0,194,.1442646023926812,201,130,59535.95,20.94861013370866,18.6,14.64948453608247,0,prcp_gsod_aero,19.9,tmax_aero,10.3,13.8,0,0,0,0,,,0,-73,-18,-78,-65,-55,27,7.952263308657046,10.99433561075805,7.582738488914411,7.952615111651,.3110485573539761,6.784457062637643,7.3031700512368,,1,0,0,0
2020-06-10,2020,6,3,0,0,0,0,0,0,-276,0,2986,2089,895,1519,529,43,99,716,0,197,.1423308774279973,197,152,64946.61666666667,21.75037396740344,19.125,15.15736040609137,0,prcp_gsod_aero,17.5,tmax_aero,9,14.1,0,0,0,0,,,0,-72,-14,-77,-64,-54,26,8.001689978099135,11.08132092938962,7.644440761556566,8.00202481821611,.2997320830542532,6.796823718274855,7.325807502595773,,1,0,0,0
2020-06-11,2020,6,4,0,0,0,0,0,0,-275,0,3043,2064,852,1619,538,34,114,833,0,196,.1472231350640815,197,128,65063,21.38120276043378,18.75,15.52551020408163,0,prcp_gsod_aero,20.5,tmax_obs,8.800000000000001,12.9,0,0,0,0,,,0,-73,-16,-79,-64,-55,28,8.02059914989697,11.08311131024614,7.632401126601454,8.020927718981577,.2799868550772264,6.747586526829315,7.389563953677635,,1,0,0,0
2020-06-12,2020,6,5,0,0,0,0,0,0,-274,0,3168,2172,920,1677,532,39,46,667,0,197,.1619318181818182,197,138,66017.46666666666,20.8388468013468,18.23333333333333,16.08121827411167,0,prcp_gsod_obs,19,tmax_gsod_aero,8.699999999999999,15.4,0,0,0,0,,,0,-72,-13,-80,-63,-53,30,8.060855752934316,11.09767463246051,7.683403681053826,8.061171359690921,.2904040404040404,6.824373670043086,7.424761761823209,,1,0,0,0
2020-06-13,2020,6,6,1,0,0,0,0,1,-273,0,2371,1719,624,1262,461,24,112,570,0,194,.1847321805145508,195,150,53964.03333333333,22.76003092928441,19.73333333333333,12.22164948453608,.508,prcp_gsod_aero,20.9,tmax_obs,7.6,10.4,0,0,0,0,,,0,-75,-7,-81,-61,-37,25,7.771067086065406,10.89607305425427,7.449498005382849,7.771488760117616,.2631800927878532,6.436150368369428,7.140453043101158,,1,0,0,0
2020-06-14,2020,6,7,1,0,0,0,0,1,-272,0,2393,1719,697,1186,485,25,157,661,0,193,.2440451316339323,198,226,78041.55,32.61243209360635,22.23333333333333,12.39896373056995,0,prcp_gsod_aero,12,tmax_gsod_aero,1.3,7.4,0,0,0,0,,,0,-76,-20,-81,-66,-40,25,7.780303087908373,11.26499665614924,7.449498005382849,7.780720886117918,.2912661930631007,6.546785410760524,7.078341579557671,,1,0,0,0
2020-06-15,2020,6,1,0,1,0,0,1,0,-271,0,2600,1765,713,1338,528,21,111,784,0,192,.1792307692307692,194,196,59328.8,22.81876923076923,19.7,13.54166666666667,0,prcp_gsod_aero,14,tmax_gsod_aero,2.4,12,0,0,0,0,,,0,-84,-41,-87,-80,-79,33,7.863266724009574,10.99085013319276,7.475905969367397,7.863651265448652,.2742307692307692,6.569481420414296,7.198931240688173,,1,0,0,0
2020-06-16,2020,6,2,0,0,0,0,0,0,-270,0,3682,2497,1093,1885,668,36,102,1024,0,196,.1472026072786529,196,144,78813.53333333334,21.40508781459352,18.86666666666667,18.78571428571429,0,prcp_gsod_aero,20.5,tmax_gsod_aero,10.4,17.7,0,0,0,0,,,0,-70,-15,-77,-63,-54,26,8.211211361793023,11.27484000390866,7.822845290279774,8.211482916445066,.2968495382944052,6.996681488176539,7.541683099882111,,1,0,0,0
2020-06-17,2020,6,3,0,0,0,0,0,0,-269,0,3483,2347,1032,1813,600,38,124,779,0,196,.1337927074361183,198,127,71876.23333333334,20.63630012441382,18.33333333333333,17.77040816326531,0,prcp_gsod_aero,22.22222222222222,tmax_gsod_aero,15.5,21.8,0,0,0,0,,,0,-72,-15,-77,-65,-55,27,8.155649270366002,11.18270093737272,7.760893195851024,8.155936337972394,.2962962962962963,6.939253946041508,7.502738210754851,,1,0,0,0
2020-06-18,2020,6,4,0,0,0,0,0,0,-268,0,3167,2133,867,1667,602,31,48,871,0,194,.1319861067256078,196,138,64442.65,20.34816861383012,18.38333333333333,16.32474226804124,23.622,prcp_gsod_aero,27.2,tmax_obs,12.6,16.9,0,1,1,0,,,0,-73,-17,-81,-65,-56,28,8.060540046538639,11.07353095997112,7.665284718471351,8.060855752934316,.2737606567729713,6.765038976780541,7.418780882750794,,1,0,0,0
2020-06-19,2020,6,5,0,0,0,0,0,0,-267,0,3294,2169,941,1748,574,31,127,742,0,195,.1323618700667881,196,126,66315.25,20.13213418336369,17.98333333333333,16.89230769230769,0,prcp_gsod_aero,18.6,tmax_obs,9.800000000000001,13.4,0,0,0,0,,,0,-72,-13,-81,-65,-54,29,8.099857910737585,11.1021751648075,7.682021510826875,8.100161446936607,.2856709168184578,6.846943139585379,7.466227556215481,,1,0,0,0
2020-06-20,2020,6,6,1,1,0,0,1,0,-266,0,2477,1702,712,1289,463,13,146,410,0,193,.1760193782801776,197,146,59079.5,23.85123132821962,19.66666666666667,12.83419689119171,0,prcp_gsod_obs,16.7,tmax_obs,9.9,13.1,0,0,0,0,,,0,-74,-3,-79,-60,-42,25,7.814803429489359,10.98663927350862,7.43955930913332,7.815207062189088,.2874444893015745,6.568077911411976,7.161622002939187,,1,0,0,0
2020-06-21,2020,6,7,1,0,0,0,0,1,-265,0,2502,1707,706,1255,519,22,92,576,0,193,.1838529176658673,194,189,57015.2,22.78784972022382,20.24166666666667,12.96373056994819,7.112,prcp_gsod_aero,18,tmax_gsod_aero,10.9,14.2,0,1,0,0,,,0,-76,-27,-82,-66,-34,24,7.824845691026856,10.95107317793412,7.442492722794441,7.825245291431775,.2821742605915268,6.559615237493242,7.134890851565884,,1,0,0,0
2020-06-22,2020,6,1,0,0,0,0,0,0,-264,0,2938,1963,850,1535,520,33,99,575,0,196,.1051735874744724,198,103,57289.83333333334,19.49960290447016,17.29166666666667,14.98979591836735,0,prcp_gsod_aero,18.2,tmax_obs,9.199999999999999,12.5,0,0,0,0,,,0,-74,-26,-83,-69,-57,27,7.985484356733823,10.95587845822285,7.582229194276462,7.985824666418917,.2893124574540504,6.745236349484363,7.336285660021297,,1,0,0,0
2020-06-23,2020,6,2,0,0,0,0,0,0,-263,0,2406,1641,642,1302,439,23,87,641,0,197,.100166251039069,198,65,45662.13333333333,18.97844278193405,17.16666666666667,12.21319796954315,3.302,prcp_gsod_aero,15.4,tmax_obs,12,13.9,0,1,0,0,,,0,-74,-27,-82,-69,-57,28,7.785720896534624,10.72902464114156,7.403061091090091,7.786136437783072,.2668329177057356,6.464588303689961,7.171656822768514,,1,0,0,0
2020-06-24,2020,6,3,0,0,0,0,0,0,-262,0,2934,1951,834,1581,487,32,95,637,0,197,.1042944785276074,198,82,54584.21666666667,18.60402749375142,16.88333333333333,14.89340101522843,0,,15,tmax_gsod_aero,9.9,13,1,0,0,0,,,0,-73,-18,-79,-67,-56,27,7.984121958702927,10.90750004790455,7.576097340623111,7.984462732262196,.2842535787321063,6.726233402358747,7.365812837209472,,1,0,0,0
2020-06-25,2020,6,4,0,0,0,0,0,0,-261,0,2997,1987,817,1592,553,35,117,669,0,196,.1114447781114448,198,80,57633.55,19.23041374708042,17.45,15.29081632653061,0,prcp_gsod_aero,14.5,tmax_obs,6.2,10.3,0,0,0,0,,,0,-73,-17,-81,-66,-56,28,8.005367067316664,10.9618601423947,7.594381242551817,8.005700678662542,.272605939272606,6.705639094860003,7.372746366404329,,1,0,0,0
2020-06-26,2020,6,5,0,0,0,0,0,0,-260,0,3030,1979,888,1570,543,29,125,629,0,196,.1214521452145215,197,88,59332.68333333333,19.58174367436744,17.61666666666667,15.45918367346939,0,prcp_gsod_aero,14,tmax_gsod_aero,3.1,8.5,0,0,0,0,,,0,-72,-14,-80,-65,-54,31,8.016317898503415,10.99091558548993,7.590346945602565,8.016647877057803,.2930693069306931,6.78897174299217,7.358830898342354,,1,0,0,0
2020-06-27,2020,6,6,1,0,0,0,0,0,-259,0,2731,1843,770,1410,523,28,148,613,0,196,.1581838154522153,197,134,58561.31666666667,21.44317710240449,19.08333333333333,13.93367346938776,0,prcp_gsod_aero,15,tmax_gsod_aero,5,9.6,0,0,0,0,,,0,-73,-3,-79,-59,-37,25,7.912423121473705,10.97782963244436,7.519149957669823,7.912789220690681,.2819480043939949,6.646390514847729,7.251344983372214,,1,0,0,0
2020-06-28,2020,6,7,1,0,0,0,0,0,-258,0,2481,1692,709,1255,493,24,134,549,0,193,.1821846029826683,195,159,56912.38333333333,22.93929195216983,20.86666666666667,12.85492227979275,0,prcp_gsod_aero,15.2,tmax_obs,3.6,9.6,0,0,0,0,,,0,-76,-21,-80,-66,-39,25,7.816416983691801,10.94926822971049,7.433666540166168,7.816819965764553,.2857718661829907,6.563855526532127,7.134890851565884,,1,0,0,0
2020-06-29,2020,6,1,0,0,0,0,0,0,-257,0,2257,1550,671,1202,355,29,119,212,0,195,.0886132033673017,197,61,40334.68333333333,17.87092748486191,16.11666666666667,11.57435897435897,0,,15.1,tmax_obs,4.9,11.5,1,0,0,0,,,0,-71,-21,-82,-66,-56,27,7.721791776817535,10.60496700642501,7.346010209913293,7.722234744709607,.2972972972972973,6.508769136971682,7.091742115095153,,1,0,0,0
2020-06-30,2020,6,2,0,0,0,0,0,0,-256,0,719,521,200,411,100,8,34,163,0,179,.0723226703755216,190,12,12674.8,17.62837273991655,14.91666666666667,4.016759776536313,29.7,prcp_obs,13.8,tmax_obs,9.722222222222223,11.3,0,1,1,0,,,0,-74,-33,-84,-69,-58,28,6.577861357721047,9.447371049242191,6.255750041753367,6.579251212010101,.2781641168289291,5.298317366548036,6.018593214496234,,1,0,0,0
2020-07-01,2020,7,3,0,0,0,0,0,0,-255,0,1664,1131,487,914,250,13,61,228,0,194,.0667067307692308,197,30,29046.88333333334,17.45605969551282,15.275,8.577319587628866,5.08,prcp_gsod_aero,12.6,tmax_obs,5,8.1,0,1,0,0,,,0,-80,-24,-84,-74,-62,30,7.416979621381154,10.27666647023646,7.030857476116121,7.417580402414544,.2926682692307692,6.18826412308259,6.81783057145415,,1,0,0,0
2020-07-02,2020,7,4,0,0,0,0,0,0,-254,0,1848,1257,533,1010,283,22,64,261,0,195,.0762987012987013,197,35,32500.43333333333,17.58681457431458,15.45,9.476923076923077,0,prcp_gsod_obs,11,tmax_gsod_aero,4,7.7,0,0,0,0,,,0,-80,-25,-85,-73,-61,31,7.521859252201629,10.38900870156227,7.136483208590247,7.522400231387125,.2884199134199134,6.278521424165844,6.917705609835305,,1,0,0,0
2020-07-03,2020,7,5,0,0,0,0,0,0,-253,0,1986,1327,563,1089,319,15,60,294,0,195,.0861027190332326,197,39,35320.18333333333,17.78458375293723,16.38333333333333,10.18461538461538,0,prcp_aero,14,tmax_gsod_aero,6.1,9.9,0,0,0,0,,,0,-78,-19,-83,-70,-59,33,7.593877844605118,10.4722098453424,7.190676034332207,7.594381242551817,.283484390735146,6.333279628139691,6.993015122932961,,1,0,0,0
2020-07-04,2020,7,6,1,0,0,0,0,0,-252,0,1819,1263,530,941,332,16,80,265,0,190,.125893347993403,194,77,35948.85,19.76297416162727,18.08333333333333,9.573684210526317,0,prcp_gsod_aero,14,tmax_aero,6.8,11.9,0,0,0,0,,,0,-77,-10,-80,-66,-42,27,7.506042178518122,10.4898523737641,7.141245122350491,7.506591780070841,.291368884002199,6.272877006546167,6.846943139585379,,1,0,0,0
2020-07-05,2020,7,7,1,0,0,0,0,0,-251,0,1797,1252,567,858,349,23,84,262,0,190,.1485809682804674,194,32,38328.3,21.32904841402337,19.5,9.457894736842105,0,prcp_gsod_aero,16.2,tmax_obs,9.199999999999999,11.3,0,0,0,0,,,0,-77,-20,-77,-67,-42,26,7.493873886783559,10.55394380570828,7.132497551660044,7.494430215031565,.315525876460768,6.340359303727752,6.754604099487962,,1,0,0,0
2020-07-06,2020,7,1,0,0,0,0,0,0,-250,0,2168,1479,659,1124,368,17,72,259,0,195,.0996309963099631,198,55,40350.31666666667,18.6117696801968,16.51666666666667,11.11794871794872,0,prcp_gsod_aero,14.4,tmax_obs,3.6,7.7,0,0,0,0,,,0,-76,-23,-82,-70,-59,29,7.681560362559537,10.605354521664,7.2991214627108,7.682021510826875,.3039667896678967,6.490723534502507,7.024649030453636,,1,0,0,0
2020-07-07,2020,7,2,0,0,0,0,0,0,-249,0,2108,1416,595,1139,357,17,53,282,0,194,.094876660341556,195,67,37926.5,17.99169829222011,16.03333333333334,10.8659793814433,0,prcp_gsod_aero,13,tmax_obs,3.1,7.3,0,0,0,0,,,0,-76,-23,-82,-69,-59,29,7.653494909661253,10.54340535518145,7.255591274253665,7.653969180478774,.2822580645161291,6.38856140554563,7.037905963447182,,1,0,0,0
2020-07-08,2020,7,3,0,0,0,0,0,0,-248,0,2584,1737,758,1370,425,31,68,362,0,195,.1044891640866873,197,62,47846.46666666667,18.51643446852425,16.7,13.25128205128205,0,prcp_gsod_aero,13,tmax_gsod_aero,3.6,8.699999999999999,0,0,0,0,,,0,-73,-10,-78,-67,-57,27,7.857093864902493,10.77575255228771,7.459914766241105,7.85748078694253,.293343653250774,6.630683385642372,7.222566018822171,,1,0,0,0
2020-07-09,2020,7,4,0,1,0,0,1,0,-247,0,2348,1643,668,1210,451,19,86,338,0,193,.1571550255536627,197,117,51167.68333333333,21.79202867688813,18.88333333333333,12.16580310880829,0,prcp_aero,15,tmax_gsod_aero,4.6,9.800000000000001,0,0,0,0,,,0,-84,-35,-83,-80,-78,35,7.761319180947987,10.84286342685072,7.404279118037268,7.761744984658913,.2844974446337308,6.504288173536645,7.098375638590786,,1,0,0,0
2020-07-10,2020,7,5,0,1,0,0,1,0,-246,0,2197,1517,575,1221,379,22,87,389,0,190,.1347291761492945,194,67,44472.08333333334,20.24218631467152,18.03333333333334,11.56315789473684,0,prcp_gsod_aero,15.6,tmax_obs,6.1,11.2,0,0,0,0,,,0,-84,-33,-87,-79,-75,37,7.69484807238461,10.70261693046977,7.324489979348532,7.695303134963567,.2617205279927173,6.354370040797351,7.107425474110705,,1,0,0,0
2020-07-11,2020,7,6,1,0,0,0,0,1,-245,0,2915,1999,840,1478,580,17,107,357,0,196,.2020583190394511,198,145,67768.68333333333,23.24826186392224,20.71666666666667,14.87244897959184,0,prcp_gsod_aero,16.7,tmax_aero,2.5,9.800000000000001,0,0,0,0,,,0,-76,-11,-76,-65,-41,26,7.977625098784593,11.12385546948242,7.6004023345004,7.977968093128549,.2881646655231561,6.733401891837359,7.298445101508147,,1,0,0,0
2020-07-12,2020,7,7,1,0,0,0,0,1,-244,0,2473,1729,680,1296,479,18,123,358,0,194,.1916700363930449,199,142,58144.6,23.51176708451274,20.78333333333334,12.74742268041237,0,prcp_gsod_aero,15.9,tmax_obs,3.9,10.4,0,0,0,0,,,0,-79,-28,-79,-69,-43,26,7.813187267521416,10.97068829035014,7.455298485683291,7.813591552952433,.274969672462596,6.522092798170152,7.16703787691222,,1,0,0,0
2020-07-13,2020,7,1,0,0,0,0,0,0,-243,0,2483,1718,668,1395,400,20,77,312,0,195,.1018928715263794,199,53,45699.31666666667,18.40487984964425,16.5,12.73333333333333,0,prcp_obs,15.3,tmax_obs,7.5,9.9,0,0,0,0,,,0,-75,-22,-82,-69,-58,28,7.817222785508166,10.72983862418115,7.4489161025442,7.81762544305337,.2690293999194523,6.504288173536645,7.240649694255466,,1,0,0,0
2020-07-14,2020,7,2,0,0,0,0,0,0,-242,0,2508,1722,684,1362,435,27,66,337,0,193,.1152312599681021,197,53,47324.38333333333,18.86937134502924,16.8,12.99481865284974,0,prcp_gsod_aero,13,tmax_gsod_aero,.8,6.9,0,0,0,0,,,0,-74,-22,-80,-69,-59,28,7.827240901752812,10.76478094552952,7.451241684987676,7.827639546366422,.2727272727272727,6.52795791762255,7.216709486709457,,1,0,0,0
2020-07-15,2020,7,3,0,0,0,0,0,0,-241,0,2673,1846,742,1455,453,23,58,353,0,194,.1062476618032174,199,44,49911.93333333333,18.67262750966455,17.01666666666667,13.77835051546392,0,prcp_gsod_aero,12.27777777777778,tmax_gsod_aero,1.7,8.4,0,0,0,0,,,0,-74,-16,-78,-68,-57,27,7.890956716138919,10.81801539810559,7.520776415062797,7.891330757661889,.2775907220351665,6.60934924316738,7.282761179605593,,1,0,0,0
2020-07-16,2020,7,4,0,0,0,0,0,0,-240,0,2527,1721,717,1351,427,32,62,387,0,196,.1072417886822319,199,45,47936.31666666667,18.96965439915579,17,12.89285714285714,0,prcp_gsod_aero,13,tmax_gsod_aero,4.4,11.2,0,0,0,0,,,0,-76,-24,-82,-70,-59,30,7.834788107388194,10.77762867288534,7.450660796211539,7.835183755266749,.2837356549267907,6.57507584059962,7.208600337960199,,1,0,0,0
2020-07-17,2020,7,5,0,0,0,0,0,0,-239,0,3121,2124,875,1679,528,39,91,457,0,194,.1284844601089394,198,57,61199.1,19.6088112784364,17.41666666666667,16.08762886597938,0,prcp_gsod_aero,14.22222222222222,tmax_gsod_aero,8.300000000000001,11.6,0,0,0,0,,,0,-74,-14,-79,-67,-56,31,8.045908742270779,11.02188776250993,7.66105638236183,8.046229101075378,.2803588593399551,6.774223886357614,7.425953657077541,,1,0,0,0
2020-07-18,2020,7,6,1,0,0,0,0,0,-238,0,2427,1675,654,1310,442,21,120,477,0,192,.15409971157808,197,51,51902.76666666667,21.38556516961956,19,12.640625,0,prcp_obs,16.27777777777778,tmax_gsod_aero,9.4,14.4,0,0,0,0,,,0,-76,-11,-81,-65,-39,26,7.794411205726601,10.85712737537608,7.423568444259167,7.794823152179389,.2694684796044499,6.483107351457199,7.177782416195197,,1,0,0,0
2020-07-19,2020,7,7,1,0,0,0,0,0,-237,0,3665,2484,1087,1865,685,28,131,567,0,198,.2251023192360164,200,168,91283.08333333333,24.90670759436107,21.68333333333333,18.51010101010101,.3,prcp_obs,21,tmax_gsod_aero,12,17.3,0,0,0,0,,,0,-73,-17,-69,-63,-37,23,8.206583614320753,11.42172076281443,7.81762544305337,8.20685642839965,.2965893587994543,6.99117688712121,7.531016332077916,,1,0,0,0
2020-07-20,2020,7,1,0,0,0,0,0,0,-236,0,4414,2894,1266,2315,793,40,127,886,0,197,.1590394200271862,200,160,94678.91666666667,21.44968660323214,18.5,22.40609137055838,0,prcp_obs,24.2,tmax_obs,13.6,17.3,0,0,0,0,,,0,-69,-17,-76,-66,-55,26,8.392536586816682,11.45824662151204,7.970394907191429,8.392763113038061,.2868146805618487,7.143617602704121,7.747164966520335,,1,0,0,0
2020-07-21,2020,7,2,0,0,0,0,0,0,-235,0,3680,2510,1012,1990,643,35,201,750,0,195,.1470108695652174,199,158,75734.81666666667,20.58011322463768,18.16666666666667,18.87179487179487,0,prcp_aero,22.2,tmax_obs,12,14.9,0,0,0,0,,,0,-72,-22,-76,-68,-57,27,8.210668031162976,11.23499326323682,7.828038032125829,8.210939733379021,.275,6.919683849847411,7.595889917718538,,1,0,0,0
2020-07-22,2020,7,3,0,0,0,0,0,0,-234,0,3820,2564,1023,2047,705,45,112,816,0,198,.137696335078534,200,145,77186.88333333333,20.20599040139616,18.1,19.29292929292929,0,prcp_gsod_obs,16.2,tmax_obs,12.4,14.3,0,0,0,0,,,0,-73,-20,-76,-68,-56,27,8.24800570160062,11.25398481656874,7.849323818040561,8.248267447446899,.2678010471204189,6.930494765951626,7.624130585661289,,1,0,0,0
2020-07-23,2020,7,4,0,0,0,0,0,0,-233,0,2307,1601,623,1273,388,23,141,533,0,195,.1122670134373646,200,65,43438.55,18.8290203727785,16.81666666666667,11.83076923076923,5.334,prcp_gsod_aero,15.3,tmax_obs,11,13.3,0,1,0,0,,,0,-76,-31,-84,-71,-57,29,7.743703258173754,10.67910257467687,7.378383712996715,7.744136627627991,.2700476809709579,6.434546518787453,7.149131598557407,,1,0,0,0
2020-07-24,2020,7,5,0,0,0,0,0,0,-232,0,4397,2921,1179,2283,886,49,145,820,0,197,.1526040482146918,199,167,91865.81666666667,20.8928398150254,17.91666666666667,22.31979695431472,2.032,prcp_gsod_aero,13.7,tmax_obs,4.6,8.9,0,1,0,0,,,0,-72,-15,-78,-66,-54,30,8.388677769180811,11.42808427687081,7.979681302387741,8.388905171114706,.2681373663861724,7.072421900537371,7.733245646529795,,1,0,0,0
2020-07-25,2020,7,6,1,0,0,0,0,0,-231,0,5167,3517,1440,2484,1220,23,196,803,0,197,.2328236887942713,200,410,138376.3166666667,26.78078511063803,21.7,26.22842639593909,0,prcp_gsod_aero,14,tmax_gsod_aero,3,8.300000000000001,0,0,0,0,,,0,-70,-5,-69,-59,-36,24,8.550047528287184,11.83773218517193,8.165363632473982,8.550241045462437,.278691697309851,7.272398392570047,7.81762544305337,,1,0,0,0
2020-07-26,2020,7,7,1,0,0,0,0,0,-230,0,4646,3205,1230,2309,1056,51,178,781,0,197,.238699956952217,199,340,120516.7833333333,25.93990170756206,22.45833333333333,23.58375634517767,0,prcp_gsod_aero,16.22222222222223,tmax_gsod_aero,4.1,11.8,0,0,0,0,,,0,-72,-18,-66,-62,-37,23,8.443761913330354,11.69954430298873,8.07246736935477,8.443977129084978,.2647438656909169,7.114769448366463,7.744569809354496,,1,0,0,0
2020-07-27,2020,7,1,0,0,0,0,0,0,-229,0,4428,2969,1269,2297,828,34,182,698,0,197,.1336946702800361,200,207,90097.95,20.34732384823848,18.50833333333333,22.47715736040609,0,prcp_gsod_aero,18.4,tmax_obs,7.7,11.5,0,0,0,0,,,0,-70,-21,-78,-67,-55,26,8.395703293828527,11.40865269084036,7.99598047476376,8.395929103923198,.2865853658536585,7.145984467714388,7.739359202689098,,1,0,0,0
2020-07-28,2020,7,2,0,0,0,0,0,0,-228,0,4834,3234,1312,2461,1012,49,91,828,0,197,.1640463384360778,199,222,107545.6,22.24774513860157,18.85,24.53807106598985,0,prcp_gsod_aero,15.1,tmax_obs,2.5,7.5,0,0,0,0,,,0,-69,-18,-72,-66,-55,26,8.483429561263428,11.5856702226549,8.081475040137052,8.483636407887394,.2714108398841539,7.179307969504034,7.808323050391056,,1,0,0,0
2020-07-29,2020,7,3,0,0,0,0,0,0,-227,0,5213,3471,1448,2671,1037,57,131,875,0,198,.1538461538461539,201,216,121040.0833333333,23.2188918728819,18.83333333333333,26.32828282828283,0,prcp_gsod_aero,12.5,tmax_aero,.3,7.5,0,0,0,0,,,0,-68,-13,-68,-65,-55,25,8.558910784768106,11.70387703693964,8.152198015861787,8.559102594493448,.2777671206598887,7.277938572945661,7.890208213109961,,1,0,0,0
2020-07-30,2020,7,4,0,0,0,0,0,0,-226,0,5518,3662,1532,2816,1119,51,159,950,0,198,.1511417180137731,200,252,116420.2833333333,21.09827534130724,19.05,27.86868686868687,0,prcp_gsod_aero,15.5,tmax_obs,3.1,9.699999999999999,0,0,0,0,,,0,-70,-16,-71,-65,-55,27,8.615770754777232,11.66496205453977,8.205764725234456,8.615951963439501,.2776368249365712,7.334329350300537,7.943072717277933,,1,0,0,0
2020-07-31,2020,7,5,0,0,0,1,0,0,-225,0,5708,3756,1554,2966,1139,49,176,995,0,198,.1536440084092502,200,228,119542.9666666667,20.9430565288484,19.13333333333333,28.82828282828283,0,prcp_gsod_aero,13.8,tmax_aero,8.699999999999999,11.7,0,0,0,0,,,0,-69,-12,-71,-64,-53,29,8.649623978596727,11.69143113942572,8.231109840328154,8.64979915596426,.272249474421864,7.348587530927593,7.994969522697877,,1,0,0,0
2020-08-01,2020,8,6,1,0,0,0,0,0,-224,0,7415,4865,1936,3503,1899,77,239,1097,0,197,.2559676331759946,200,605,201841.0333333333,27.22063834569566,22.81666666666667,37.63959390862944,0,prcp_gsod_aero,16.11111111111111,tmax_gsod_aero,6.3,13.3,0,0,0,0,,,0,-67,0,-61,-55,-33,22,8.911260254572033,12.21523570286849,8.489821994620105,8.91139510724569,.2610923803101821,7.568379267836522,8.161375023197486,,1,0,0,0
2020-08-02,2020,8,7,1,0,0,0,0,0,-223,0,7346,4841,2044,3484,1744,74,272,1008,0,198,.2624557582357746,200,683,198612.4833333333,27.03682049187767,23.48333333333333,37.1010101010101,0,prcp_gsod_aero,20,tmax_gsod_aero,11.6,19.4,0,0,0,0,,,0,-71,-16,-63,-62,-37,23,8.901911226379612,12.19911088528112,8.484876589939695,8.902047345620277,.2782466648516199,7.622663951323595,8.155936337972394,,1,0,0,0
2020-08-03,2020,8,1,0,0,0,0,0,0,-222,0,6762,4414,1853,3374,1475,60,187,1304,0,198,.1585329784087548,200,322,149027.9833333333,22.03903923888396,19.08333333333333,34.15151515151515,0,prcp_gsod_aero,24.4,tmax_obs,12.1,16.8,0,0,0,0,,,0,-66,-16,-69,-64,-54,25,8.819073983267831,11.91188937490022,8.392536586816682,8.81922185757494,.2740313516711032,7.52456122628536,8.123854263105914,,1,0,0,0
2020-08-04,2020,8,2,0,0,0,0,0,0,-221,0,7851,5149,2243,3759,1781,68,188,1505,0,197,.1835434976436123,200,431,184836.3833333333,23.54303698042712,20.16666666666667,39.85279187817259,0,prcp_gsod_aero,21.38888888888889,tmax_gsod_aero,14,20.2,0,0,0,0,,,0,-65,-13,-61,-62,-54,25,8.968396191198256,12.12722629832087,8.546557800046141,8.968523555396352,.2856960896701057,7.715569534520208,8.231908243564178,,1,0,0,0
2020-08-05,2020,8,3,0,0,0,0,0,0,-220,0,7667,5116,2216,3671,1714,66,219,1742,0,198,.1806443198121821,200,383,176414.2,23.00954741098213,20.4,38.72222222222222,0,prcp_gsod_aero,21.7,tmax_aero,16.5,21.6,0,0,0,0,,,0,-65,-10,-60,-63,-53,24,8.944680683558895,12.08058991818118,8.540128162698734,8.944811104165535,.2890309116994913,7.703459047867175,8.208219383496834,,1,0,0,0
2020-08-06,2020,8,4,0,0,0,0,0,0,-219,0,4884,3322,1324,2576,945,39,236,629,0,197,.1347256347256347,200,167,97039.18333333333,19.86879265629266,17.43333333333333,24.79187817258883,0,,26.1,tmax_obs,11,17,1,0,0,0,,,0,-69,-18,-75,-66,-55,27,8.493719835230595,11.48287012780896,8.10832229017324,8.493924564476883,.2710892710892711,7.188412736496954,7.853993087224244,,1,0,0,0
2020-08-07,2020,8,5,0,0,0,0,0,0,-218,0,4233,2937,1178,2210,803,42,141,1003,0,197,.1282778171509568,199,110,84494.23333333334,19.96083943617608,17.63333333333333,21.48730964467005,8.4,prcp_obs,17,tmax_obs,10.4,11.4,0,1,0,0,,,0,-70,-19,-76,-66,-54,30,8.350666240520924,11.34443856644056,7.98514393119862,8.350902451694811,.2782896291046539,7.071573364211532,7.700747794511798,,1,0,0,0
2020-08-08,2020,8,6,1,0,0,0,0,0,-217,0,7657,5083,2054,3660,1865,78,268,1449,0,196,.2384745984066867,199,519,198555.5833333333,25.93125027208219,22.28333333333334,39.06632653061224,0,prcp_gsod_obs,17,tmax_gsod_aero,10.2,14.7,0,0,0,0,,,0,-67,1,-63,-57,-33,23,8.943375541113124,12.19882435670461,8.533656917446903,8.943506132037239,.2682512733446519,7.627544390488503,8.205218426395412,,1,0,0,0
2020-08-09,2020,8,7,1,0,0,0,0,0,-216,0,6108,4102,1718,2925,1395,70,367,1168,0,196,.2378847413228553,199,436,157336.4833333333,25.75908371534599,22.49166666666667,31.16326530612245,0,prcp_aero,19.7,tmax_obs,13.2,14.7,0,0,0,0,,,0,-74,-19,-72,-66,-38,23,8.717354666338522,11.9661419968856,8.319229938632326,8.717518372649767,.2812704649639817,7.4489161025442,7.981049759665957,,1,0,0,0
2020-08-10,2020,8,1,0,0,0,0,0,0,-215,0,7542,4888,2125,3726,1640,51,197,1316,0,198,.1575178997613365,200,341,163955.9333333333,21.7390524175727,19.26666666666667,38.09090909090909,0,prcp_aero,17.5,tmax_aero,13.2,15,0,0,0,0,,,0,-63,-12,-66,-64,-53,25,8.928242677818302,12.00735297151325,8.494538500851432,8.928375259853631,.2817555025192257,7.661527081358517,8.223090551161533,,1,0,0,0
2020-08-11,2020,8,2,0,0,0,0,0,0,-214,0,6995,4646,1912,3440,1591,52,194,1244,0,197,.1493924231593996,200,229,148714.1833333333,21.26006909697403,19,35.50761421319797,0,prcp_gsod_aero,18,tmax_obs,3.9,10.1,0,0,0,0,,,0,-63,-12,-63,-63,-53,25,8.852950887099581,11.90978151010095,8.443761913330354,8.853093836138493,.2733380986418871,7.555905093611346,8.143226750367445,,1,0,0,0
2020-08-12,2020,8,3,0,0,0,0,0,0,-213,0,7500,4968,2054,3751,1616,79,195,1335,0,197,.1554666666666667,199,242,171116.8833333333,22.81558444444444,18.85,38.07106598984772,0,prcp_gsod_aero,15.22222222222222,tmax_gsod_aero,2.4,9,0,0,0,0,,,0,-63,-9,-58,-63,-53,24,8.922658299524402,12.05010213025086,8.510772623613315,8.922791623969637,.2738666666666667,7.627544390488503,8.229777750081887,,1,0,0,0
2020-08-13,2020,8,4,0,0,0,0,0,0,-212,0,7816,5171,2228,3855,1677,56,210,1407,0,197,.1500767656090072,200,297,164901.2833333333,21.09791240191061,19.05,39.6751269035533,0,prcp_gsod_aero,18,tmax_gsod_aero,6.2,11.7,0,0,0,0,,,0,-64,-11,-63,-63,-54,26,8.963928193722619,12.01310229101185,8.550821372396221,8.96405612822033,.2850562947799386,7.708859601047175,8.25712628599743,,1,0,0,0
2020-08-14,2020,8,5,0,0,0,0,0,0,-211,0,8460,5609,2342,4106,1952,60,232,1689,0,198,.167612293144208,200,354,188549.7166666667,22.28720055161545,19.48333333333333,42.72727272727273,0,prcp_gsod_aero,18.2,tmax_aero,7.2,13.4,0,0,0,0,,,0,-62,-7,-61,-61,-51,27,9.04310445260027,12.14711699998936,8.632127729508337,9.0432226489245,.2768321513002364,7.758760544157663,8.320204597578879,,1,0,0,0
2020-08-15,2020,8,6,1,0,0,0,0,1,-210,0,9303,6192,2548,4371,2298,86,345,1416,0,198,.2626034612490594,200,687,249322.4833333333,26.80022394209753,22.58333333333333,46.98484848484848,0,prcp_gsod_aero,19.6,tmax_obs,5.5,12.5,0,0,0,0,,,0,-60,8,-52,-52,-30,21,9.138092207768558,12.42650245129887,8.731013415269564,9.1381996941985,.273890142964635,7.843064016692054,8.382747094863314,,1,0,0,0
2020-08-16,2020,8,7,1,0,0,0,0,1,-209,0,9322,6194,2613,4326,2303,80,333,1408,0,198,.2795537438317958,201,883,280210.6333333334,30.05906815418723,23.70833333333333,47.08080808080808,0,prcp_gsod_aero,19,tmax_gsod_aero,4.3,11.4,0,0,0,0,,,0,-63,-8,-47,-57,-30,20,9.140132476932687,12.54329686124898,8.731336360533149,9.140239744296693,.2803046556532933,7.868254265520613,8.372398606513004,,1,0,0,0
2020-08-17,2020,8,1,0,1,0,0,1,0,-208,0,10104,6705,2863,4618,2541,82,298,1407,0,198,.2796912114014252,201,823,284409.75,28.14823337292161,23.61666666666667,51.03030303030303,0,prcp_gsod_aero,19.3,tmax_obs,4.3,12.6,0,0,0,0,,,0,-76,-33,-48,-75,-78,29,9.220686664030326,12.55817125902401,8.81060879571578,9.220785629837721,.2833531274742676,7.959625305098115,8.43771698991444,,1,0,0,0
2020-08-18,2020,8,2,0,0,0,0,0,0,-207,0,8743,5784,2441,4320,1919,63,233,1562,0,198,.166533226581265,200,378,190227.85,21.75773189980556,19.53333333333334,44.15656565656565,0,prcp_gsod_aero,21,tmax_gsod_aero,9.5,15.5,0,0,0,0,,,0,-63,-14,-59,-62,-51,23,9.076008659180891,12.15597784319034,8.6628507638386,9.076123029856374,.2791947843989477,7.80016307039296,8.371010681238156,,1,0,0,0
2020-08-19,2020,8,3,0,0,0,0,0,0,-206,0,6372,4354,1777,3158,1389,48,225,1125,0,198,.1344946641556811,200,216,127725.8,20.04485247959824,17.80833333333333,32.18181818181818,151.892,prcp_gsod_aero,21.4,tmax_obs,5.1,9.6,0,1,1,0,,,0,-67,-15,-67,-65,-52,25,8.759668671029939,11.75764105763603,8.378850241794492,8.759825595314295,.2788763339610798,7.482681828154651,8.057694194815587,,1,0,0,0
2020-08-20,2020,8,4,0,0,0,1,0,0,-205,0,7421,4893,2016,3661,1683,61,171,1266,0,198,.1526748416655437,200,256,155262.75,20.9220792346045,18.68333333333333,37.47979797979798,0,prcp_gsod_aero,13.11111111111111,tmax_gsod_aero,2,7.4,0,0,0,0,,,0,-67,-16,-65,-64,-53,26,8.912069097970134,11.95287412202747,8.495560891289124,8.912203841620542,.2716615011453982,7.60887062919126,8.205491613120236,,1,0,0,0
2020-08-21,2020,8,5,0,0,0,0,0,0,-204,0,8776,5777,2347,4317,2036,76,194,1651,0,198,.1580446672743847,200,301,190043.55,21.65491681859617,19.13333333333333,44.32323232323233,0,prcp_gsod_aero,16.72222222222223,tmax_gsod_aero,4.2,10.8,0,0,0,0,,,0,-64,-9,-61,-61,-50,27,9.079776001955066,12.15500853540422,8.661639795781266,9.079889942592118,.2674339106654513,7.760893195851024,8.370315995555478,,1,0,0,0
2020-08-22,2020,8,6,1,0,0,0,0,0,-203,0,10537,7057,2865,4851,2745,76,382,1587,0,197,.2567144348486287,200,815,280079.05,26.5805305115308,22.83333333333333,53.48730964467005,0,prcp_gsod_aero,18.4,tmax_obs,7.5,12.5,0,0,0,0,,,0,-62,1,-44,-53,-29,21,9.262648151599528,12.54282716373476,8.86177531100083,9.262743050769231,.2718990224921705,7.96032362914884,8.486940148245216,,1,0,0,0
2020-08-23,2020,8,7,1,0,0,0,0,0,-202,0,11143,7430,3189,4971,2873,110,340,1630,0,198,.280893834694427,200,975,307655.75,27.60977743875078,23.9,56.27777777777778,0,prcp_gsod_aero,17.27777777777778,tmax_gsod_aero,9.9,14.6,0,0,0,0,,,0,-67,-13,-41,-58,-32,20,9.318566777047053,12.63673674206386,8.913281137711804,9.318656515459642,.2861886386071973,8.067462667010057,8.511376306094673,,1,0,0,0
2020-08-24,2020,8,1,0,0,0,0,0,0,-201,0,10201,6733,2933,4762,2428,78,278,2025,0,198,.1744926967944319,200,449,223316.2,21.89159886285658,19.76666666666667,51.52020202020202,0,prcp_gsod_aero,20.11111111111111,tmax_gsod_aero,12.1,17.7,0,0,0,0,,,0,-62,-15,-56,-62,-51,23,9.230241033682519,12.31634398333828,8.814776088545282,9.230339058482873,.2875208312910499,7.983781068977451,8.468423027046809,,1,0,0,0
2020-08-25,2020,8,2,0,0,0,0,0,0,-200,0,7436,5078,2180,3543,1661,52,259,1522,0,198,.1303119956966111,200,220,149321.9666666667,20.08095302133764,18.075,37.55555555555556,0,prcp_gsod_aero,23.7,tmax_obs,15.1,18.4,0,0,0,0,,,0,-65,-19,-65,-64,-52,24,8.914088348841334,11.91386010376061,8.532672762264625,8.9142228207033,.293168370091447,7.687080155783135,8.172729104865471,,1,0,0,0
2020-08-26,2020,8,3,0,0,0,0,0,0,-199,0,6401,4411,1780,3169,1402,50,180,1311,0,198,.1260740509295423,200,179,127014.45,19.84290735822528,17.25,32.32828282828283,0,prcp_gsod_aero,20.22222222222223,tmax_gsod_aero,16.3,18.3,0,0,0,0,,,0,-68,-21,-67,-66,-52,25,8.764209507142004,11.75205613849589,8.39185670010494,8.764365720529808,.2780815497578503,7.484368643286131,8.061171359690921,,1,0,0,0
2020-08-27,2020,8,4,0,0,0,0,0,0,-198,0,10007,6648,3063,4529,2344,71,275,1873,0,198,.1668831817727591,200,382,218561.5333333333,21.84086472802371,19.41666666666667,50.54040404040404,14.986,prcp_gsod_aero,21.4,tmax_obs,10.6,15.1,0,1,1,0,,,0,-64,-11,-57,-62,-51,25,9.211040127090456,12.29482287095733,8.802071336535285,9.211140052146748,.3060857399820126,8.027150106832774,8.418256443556214,,1,0,0,0
2020-08-28,2020,8,5,0,0,0,0,0,0,-197,0,9089,6062,2752,4188,2097,52,307,1898,0,198,.1561227857850148,200,316,193405.8333333333,21.27911027982543,18.66666666666667,45.9040404040404,0,prcp_gsod_aero,19.7,tmax_obs,11.9,15.4,0,0,0,0,,,0,-64,-10,-63,-61,-49,26,9.114820170118771,12.17254602355957,8.709795057617749,9.114930187171524,.3027835845527561,7.920083199053234,8.339978571990427,,1,0,0,0
2020-08-29,2020,8,6,1,0,0,0,0,0,-196,0,7128,4916,2181,3276,1637,34,513,1735,0,198,.1849046015712682,200,348,162834.3666666667,22.84432753460531,19.975,36,14,prcp_obs,19.3,tmax_obs,12.5,14.6,0,1,1,0,,,0,-67,-7,-68,-58,-31,22,8.871785969150645,12.00048880773374,8.500250470685925,8.871926251117628,.305976430976431,7.687538766201629,8.094378444972961,,1,0,0,0
2020-08-30,2020,8,7,1,0,0,0,0,0,-195,0,10801,7333,3487,4430,2806,78,445,1657,0,198,.2957133598740858,200,865,304132.95,28.15785112489584,24.06666666666667,54.55050505050505,1,prcp_obs,15,tmax_obs,2.5,9.1,0,1,0,0,,,0,-64,-11,-36,-56,-30,19,9.287394001418473,12.62522022031137,8.9001399880938,9.287486581152837,.3228404777335432,8.156797046675651,8.396154863039181,,1,0,0,0
2020-08-31,2020,8,1,0,0,0,0,0,0,-194,0,7923,5361,2453,3668,1753,49,262,1461,0,198,.1395935882872649,200,240,163375.8333333333,20.62045100761496,18.13333333333333,40.01515151515152,0,prcp_obs,14.6,tmax_obs,4.5,9.699999999999999,0,0,0,0,,,0,-62,-16,-65,-62,-51,23,8.977525200965243,12.00380855165312,8.586905803827538,8.977651407818442,.3096049476208507,7.80506704425849,8.207401833376355,,1,0,0,0
2020-09-01,2020,9,2,0,0,0,0,0,0,-193,0,5368,3752,1693,2503,1135,37,191,993,0,198,.1207153502235469,200,138,102796.2666666667,19.149826130154,17.34166666666667,27.11111111111111,0,,14.4,tmax_obs,6.4,9.300000000000001,1,0,0,0,,,0,-64,-18,-68,-63,-52,24,8.588210678651517,11.54050431487163,8.230044310126115,8.58839695042257,.3153874813710879,7.434257382133136,7.825245291431775,,1,0,0,0
2020-09-02,2020,9,3,0,0,0,0,0,0,-192,0,898,684,255,490,147,6,94,316,0,183,.0835189309576837,196,10,15110.28333333333,16.82659613956941,14.4,4.907103825136612,42.9,prcp_obs,12,tmax_gsod_aero,9,10.6,0,1,1,0,,,0,-73,-37,-78,-71,-55,26,6.8001700683022,9.623130806469758,6.52795791762255,6.80128303447162,.2839643652561247,5.541263545158426,6.194405391104672,,1,0,0,0
2020-09-03,2020,9,4,0,0,0,0,0,0,-191,0,7091,4828,2251,3239,1545,56,117,1350,0,197,.1387674516993372,200,214,145315.5666666667,20.49295820993748,18.26666666666667,35.99492385786802,0,prcp_aero,13,tmax_gsod_aero,7.8,10.3,0,0,0,0,,,0,-63,-7,-61,-61,-51,24,8.866581653303996,11.88666297848378,8.482187582217422,8.866722667194098,.3174446481455366,7.719129840906732,8.083019919171329,,1,0,0,0
2020-09-04,2020,9,5,0,0,0,0,0,0,-190,0,8986,6093,2798,4069,2070,49,265,1843,0,196,.1578010238148231,201,283,193696.1666666667,21.5553268046591,18.95833333333333,45.8469387755102,0,prcp_gsod_aero,16.11111111111111,tmax_gsod_aero,7.8,13.1,0,0,0,0,,,0,-59,-4,-53,-57,-49,25,9.103423089630105,12.17404605914591,8.714895850248494,9.103534367658373,.3113732472735366,7.936660155225426,8.31115254800169,,1,0,0,0
2020-09-05,2020,9,6,1,0,0,0,0,0,-189,0,10337,7048,3380,4290,2605,62,558,1813,0,195,.2553932475573184,200,646,271406.9,26.25586727290316,22.3,53.01025641025641,0,prcp_gsod_aero,18.2,tmax_obs,8,12.5,0,0,0,0,,,0,-57,6,-35,-49,-27,18,9.243484970568485,12.51137444978854,8.860499167616016,9.243581705755984,.3269807487665667,8.125630988477065,8.364042011922063,,1,0,0,0
2020-09-06,2020,9,7,1,0,0,0,0,0,-188,0,9361,6502,3029,3847,2419,66,503,1468,0,195,.2732614036961863,200,767,256907.1,27.44440764875548,23.31666666666667,48.00512820512821,0,prcp_gsod_aero,17,tmax_obs,7.4,11.7,0,0,0,0,,,0,-63,-10,-36,-56,-30,19,9.144307401371744,12.456469819929,8.779865100863852,9.144414221860016,.3235765409678453,8.015987811027237,8.255048902752295,,1,0,0,0
2020-09-07,2020,9,1,0,0,0,0,0,0,-187,0,8761,5930,2722,3921,2055,63,222,1552,0,195,.1570596963816916,200,279,182279.8,20.80582125328159,18.66666666666667,44.92820512820513,0,prcp_gsod_aero,15,tmax_gsod_aero,5.4,11.6,0,0,0,0,,,0,-59,-10,-55,-60,-51,23,9.078065332666364,12.11329814816414,8.687779491991771,9.078179468373843,.3106951261271544,7.909122183211411,8.274102002292331,,1,0,0,0
2020-09-08,2020,9,2,0,0,0,0,0,0,-186,0,9396,6397,2966,4146,2233,51,233,1652,0,195,.1596424010217114,200,310,198844.2833333333,21.1626525471832,18.99166666666667,48.18461538461538,0,prcp_gsod_aero,18.27777777777778,tmax_gsod_aero,11.4,15,0,0,0,0,,,0,-58,-11,-46,-59,-50,22,9.148039345778804,12.20027730158459,8.763584409450138,9.148145768383065,.3156662409535973,7.994969522697877,8.329899292995725,,1,0,0,0
2020-09-09,2020,9,3,0,0,0,0,0,0,-185,0,9202,6244,2983,4008,2143,68,305,1849,0,195,.1501847424472941,200,270,195933.45,21.29248532927624,18.7,47.18974358974359,0,prcp_gsod_aero,18.5,tmax_aero,12.6,17.1,0,0,0,0,,,0,-61,-9,-51,-60,-50,22,9.127176130715414,12.18553033973929,8.739376281635323,9.127284796838858,.3241686589871767,8.000684784514748,8.2960476427647,,1,0,0,0
2020-09-10,2020,9,4,0,0,0,0,0,0,-184,0,10766,7177,3533,4606,2560,67,343,2158,0,195,.1648708898383801,201,430,249459.2333333333,23.17102297355873,19.43333333333333,55.21025641025641,0,prcp_gsod_aero,20.9,tmax_obs,10.3,15.8,0,0,0,0,,,0,-60,-9,-46,-59,-50,23,9.284148299120902,12.42705078736997,8.878636747430072,9.284241179815718,.3281627345346461,8.169902647359145,8.43511508038063,,1,0,0,0
2020-09-11,2020,9,5,0,0,0,0,0,0,-183,0,10057,6860,3396,4219,2392,50,377,1816,0,194,.1718206224520235,199,356,218446.9166666667,21.7208826356435,19.08333333333333,51.84020618556701,0,prcp_gsod_aero,20,tmax_gsod_aero,13.5,17.2,0,0,0,0,,,0,-58,-9,-47,-58,-48,25,9.216024188444481,12.29429831968472,8.833462720719931,9.21612361673191,.3376752510689072,8.130353547431238,8.347353412124338,,1,0,0,0
2020-09-12,2020,9,6,1,0,0,0,0,0,-182,0,10718,7383,3603,4358,2693,64,542,2002,0,194,.2465945139018474,200,739,276175.5833333333,25.76745506002364,22.13333333333333,55.24742268041237,0,prcp_gsod_aero,20.6,tmax_obs,6.4,12.7,0,0,0,0,,,0,-56,1,-31,-49,-25,18,9.279679850054796,12.52879211392557,8.906935339059166,9.27977314669152,.3361634633327114,8.189522110748094,8.379768515504566,,1,0,0,0
2020-09-13,2020,9,7,1,0,0,0,0,0,-181,0,10519,7305,3758,4035,2659,67,644,1886,0,194,.2933738948569256,199,910,292839.05,27.83905789523719,23.7,54.22164948453608,0,prcp_gsod_aero,18,tmax_gsod_aero,8.6,15.6,0,0,0,0,,,0,-59,-11,-20,-52,-26,17,9.260938424739274,12.58737841966298,8.8963143241848,9.261033486291701,.3572582945146877,8.231642179973411,8.302761580704049,,1,0,0,0
2020-09-14,2020,9,1,0,0,0,0,0,0,-180,0,9187,6321,3068,3830,2241,48,295,1700,0,194,.1573963208882116,199,357,192663.9666666667,20.9713689633903,18.85,47.35567010309278,0,prcp_gsod_aero,20.5,tmax_obs,8,13.1,0,0,0,0,,,0,-58,-14,-51,-60,-48,22,9.125544720271467,12.16870284504738,8.751632702472298,9.125653563808989,.3339501469467726,8.028781162487148,8.250620082174692,,1,0,0,0
2020-09-15,2020,9,2,0,0,0,0,0,0,-179,0,8668,5959,2937,3705,1967,59,272,1557,0,192,.1487078910936779,199,230,176094.2166666667,20.31543800953699,18.15,45.14583333333334,0,prcp_gsod_aero,18,tmax_obs,9.4,13.2,0,0,0,0,,,0,-59,-13,-51,-59,-48,23,9.067393362656249,12.0787744527563,8.692657960746979,9.06750872286864,.3388324873096447,7.98514393119862,8.217438537730187,,1,0,0,0
2020-09-16,2020,9,3,0,0,0,0,0,0,-178,0,9754,6671,3237,4147,2320,50,301,1946,0,192,.1633176132868567,199,318,210229.05,21.55311154398196,19.2,50.80208333333334,0,prcp_gsod_aero,16.5,tmax_gsod_aero,7.2,13.9,0,0,0,0,,,0,-58,-9,-38,-59,-47,22,9.185432736269998,12.25595292958867,8.805525052709516,9.185535253057212,.3318638507279065,8.082402253926244,8.330140460246382,,1,0,0,0
2020-09-17,2020,9,4,0,0,0,0,0,0,-177,0,10538,7139,3621,4363,2484,70,354,2035,0,192,.1690074017840197,199,384,229903.5166666667,21.81661763775542,19.21666666666667,54.88541666666666,0,prcp_gsod_aero,26,tmax_gsod_aero,10.3,17.3,0,0,0,0,,,0,-59,-11,-40,-59,-48,23,9.262743050769231,12.34541500714001,8.87332798950246,9.262837940933936,.3436135889163029,8.194505509765641,8.38091517312361,,1,0,0,0
2020-09-18,2020,9,5,0,0,0,0,0,0,-176,0,11205,7603,3902,4611,2629,63,466,2235,0,192,.1755466309683177,199,446,247321.4333333333,22.07241707571025,19.58333333333333,58.359375,0,prcp_gsod_aero,26.8,tmax_obs,14.2,19.3,0,0,0,0,,,0,-57,-8,-41,-57,-46,24,9.324115386235027,12.41844411911638,8.936298185228436,9.32420462812523,.3482373940205266,8.269244521183056,8.436200032206706,,1,0,0,0
2020-09-19,2020,9,6,1,0,0,1,0,0,-175,0,10888,7485,3896,4250,2687,55,625,1985,0,189,.2493570903747245,199,687,276683.5333333333,25.41178667646339,21.96666666666667,57.60846560846561,0,prcp_gsod_aero,23.3,tmax_obs,8.5,13.3,0,0,0,0,,,0,-57,0,-29,-48,-24,17,9.295416544331301,12.53062965310187,8.920656296853728,9.295508384346061,.3578251285819251,8.267705664762426,8.354674261918463,,1,0,0,0
2020-09-20,2020,9,7,1,0,0,1,0,0,-174,0,10453,7200,3797,4004,2604,48,561,1887,0,190,.272649000286999,199,902,284507.4666666667,27.21778117924679,23.21666666666667,55.01578947368421,0,prcp_gsod_aero,20.11111111111111,tmax_gsod_aero,6,13.3,0,0,0,0,,,0,-58,-11,-18,-52,-24,17,9.254644297532707,12.55851477707818,8.881836305004146,9.254739959272866,.3632450014349947,8.241966560231802,8.295049140435111,,1,0,0,0
2020-09-21,2020,9,1,0,0,0,0,0,0,-173,0,9610,6650,3344,3985,2220,61,360,1718,0,189,.1646201873048908,199,360,203992.9333333333,21.22715227193895,19.05,50.84656084656085,0,prcp_gsod_aero,21.1,tmax_obs,5.2,12.2,0,0,0,0,,,0,-56,-13,-42,-59,-50,22,9.170559501964338,12.22584063170348,8.8023721336499,9.170663554823284,.3479708636836629,8.114922974204593,8.290292591224315,,1,0,0,0
2020-09-22,2020,9,2,0,0,0,0,0,0,-172,0,9984,6855,3484,4138,2302,60,261,1797,0,193,.1524439102564103,200,370,209188.4,20.95236378205128,18.86666666666667,51.73056994818653,0,prcp_gsod_aero,17.22222222222222,tmax_gsod_aero,10,14.1,0,0,0,0,,,0,-59,-12,-41,-59,-48,22,9.208739090609209,12.25099056030475,8.832733591996416,9.208839245849916,.3489583333333333,8.155936337972394,8.327967858305488,,1,0,0,0
2020-09-23,2020,9,3,0,0,0,0,0,0,-171,0,11049,7464,3945,4480,2559,65,401,2171,0,196,.1658973662774912,199,426,237247.1333333333,21.4722720004827,19.18333333333333,56.37244897959184,0,prcp_gsod_aero,20.61111111111111,tmax_gsod_aero,10.9,17.4,0,0,0,0,,,0,-60,-6,-34,-59,-47,21,9.310095205113175,12.3768576335049,8.91784674252718,9.3101857069459,.3570458865055661,8.280204233279974,8.407378325409031,,1,0,0,0
2020-09-24,2020,9,4,0,0,0,0,0,0,-170,0,11367,7629,3960,4678,2672,57,399,2119,0,198,.1568575701592329,199,417,237923.4666666667,20.93106947010352,18.71666666666667,57.40909090909091,0,prcp_gsod_aero,23.5,tmax_obs,10.5,17.4,0,0,0,0,,,0,-62,-9,-45,-60,-48,23,9.33846969968671,12.37970433231188,8.939712054090229,9.338557669776936,.3483768804433888,8.283999304248527,8.450625947144124,,1,0,0,0
2020-09-25,2020,9,5,0,0,0,0,0,0,-169,0,7030,4902,2308,3161,1501,60,430,1002,0,199,.1204836415362731,200,131,135200.9166666667,19.2319938359412,16.91666666666667,35.32663316582914,0,,22.7,tmax_obs,14.5,17.3,1,0,0,0,,,0,-64,-11,-63,-61,-47,26,8.857941984804711,11.81451722264691,8.497398564088059,8.858084222199162,.3283072546230441,7.744136627627991,8.058643712215618,,1,0,0,0
2020-09-26,2020,9,6,1,0,0,0,0,0,-168,0,5814,4163,2036,2466,1266,46,115,1626,0,198,.1964224286205711,198,288,132920.1166666667,22.86207717004931,20.95833333333333,29.36363636363636,39.1,prcp_obs,19.27777777777778,tmax_gsod_aero,14.5,16.7,0,1,1,0,,,0,-67,-11,-63,-60,-29,21,8.668024081118821,11.79750360018908,8.333991247194975,8.668196064952765,.3501891984864121,7.618742377670413,7.81035268372429,,1,0,0,0
2020-09-27,2020,9,7,1,0,0,0,0,0,-167,0,5538,3909,1907,2373,1211,47,605,1341,0,199,.1908631274828458,199,319,126469.45,22.83666486096064,19.71666666666667,27.82914572864322,0,prcp_obs,20.5,tmax_obs,13,15.8,0,0,0,0,,,0,-72,-20,-68,-62,-30,20,8.619388703730907,11.74775605600713,8.271036865792954,8.619569258033105,.344348140122788,7.553286605600419,7.771910256435763,,1,0,0,0
2020-09-28,2020,9,1,0,0,0,1,0,0,-166,0,10627,7167,3701,4436,2418,72,268,2020,0,199,.1794485743859979,199,498,235187.9833333333,22.13117373984505,19.81666666666667,53.40201005025126,2.032,prcp_gsod_aero,23,tmax_gsod_aero,7.4,15.6,0,1,0,0,,,0,-61,-23,-39,-60,-50,22,9.271153211372695,12.36814040243156,8.877242435993919,9.271247306879705,.3482638562153007,8.216358332386156,8.397508348470257,,1,0,0,0
2020-09-29,2020,9,2,0,0,0,0,0,0,-165,0,9930,6726,3297,4381,2196,56,379,2012,0,199,.1778449144008056,199,461,216196.5833333333,21.77206277274253,19.55,49.89949748743719,0,prcp_gsod_aero,23.5,tmax_obs,12.5,18,0,0,0,0,,,0,-57,-4,-34,-57,-46,20,9.203315757039219,12.28394338079379,8.813735892300215,9.203416456903359,.33202416918429,8.10076824307173,8.385032287813898,,1,0,0,0
2020-09-30,2020,9,3,0,0,0,0,0,0,-164,0,11034,7506,3855,4595,2532,52,426,2310,0,199,.1819829617545768,199,480,243105.9166666667,22.03243761706241,19.6,55.44723618090453,0,prcp_gsod_aero,23.22222222222222,tmax_gsod_aero,15.4,21,0,0,0,0,,,0,-57,-4,-28,-58,-45,20,9.308736693832376,12.40125249841473,8.923457979694966,9.308827318690836,.3493746601413812,8.25712628599743,8.432724034789787,,1,0,0,0
2020-10-01,2020,10,4,0,0,0,0,0,0,-163,0,10132,6817,3636,4301,2155,40,441,2058,0,199,.1489340702724043,199,327,209236.85,20.65109060402684,18.35,50.91457286432161,0,prcp_gsod_aero,26.8,tmax_obs,13.4,18,0,0,0,0,,,0,-61,-5,-47,-60,-46,22,9.223454011121566,12.25122214288834,8.827174771362785,9.223552703448318,.3588630082905646,8.19863945529737,8.366602832783736,,1,0,0,0
2020-10-02,2020,10,5,0,0,0,0,0,0,-162,0,9964,6776,3532,4069,2304,59,381,1692,0,199,.1566639903653151,200,330,205604.7,20.63475511842633,18.61666666666667,50.07035175879397,0,prcp_gsod_aero,22.6,tmax_obs,8,13.1,0,0,0,0,,,0,-58,0,-46,-56,-43,23,9.206733876382071,12.23371067222404,8.821142236331891,9.206834232646894,.3544761140104376,8.169619561723851,8.31115254800169,,1,0,0,0
2020-10-03,2020,10,6,1,0,0,0,0,0,-161,0,8257,5745,3155,3243,1824,35,468,1457,0,199,.1974082596584716,199,409,187745.8833333333,22.73778410237778,20.16666666666667,41.49246231155779,0,prcp_gsod_aero,17.2,tmax_obs,5.3,9.6,0,0,0,0,,,0,-58,5,-45,-50,-21,17,9.018816604417429,12.14284464306553,8.656085190282855,9.018937706446035,.3821000363328085,8.056743774975313,8.084254106307318,,1,0,0,0
2020-10-04,2020,10,7,1,0,0,0,0,0,-160,0,7120,4907,2713,2760,1596,51,472,1005,0,198,.2137640449438202,198,457,162474.6166666667,22.8194686329588,20.38333333333333,35.95959595959596,0,,15.5,tmax_gsod_aero,8.1,12.5,1,0,0,0,,,0,-67,-12,-54,-59,-27,19,8.870663004406021,11.99827706342243,8.498418036089904,8.870803443982124,.3810393258426966,7.905810312658931,7.922985958711196,,1,0,0,0
2020-10-05,2020,10,1,0,0,0,0,0,0,-159,0,9636,6577,3587,3906,2100,43,159,1789,0,199,.1473640514736405,199,323,193599.0333333333,20.09122388266224,18.05,48.42211055276382,4.318000000000001,prcp_gsod_aero,18,tmax_gsod_aero,10.6,14.2,0,1,0,0,,,0,-58,-5,-46,-57,-46,21,9.173261363734762,12.1735444606992,8.79133399330135,9.173365135851288,.372249896222499,8.185071477532283,8.270269111436624,,1,0,0,0
2020-10-06,2020,10,2,0,0,0,0,0,0,-158,0,11236,7572,4274,4427,2476,59,355,2126,0,200,.153435386258455,200,412,232495.4666666667,20.69201376527827,18.58333333333333,56.18,0,prcp_gsod_aero,18,tmax_aero,9.4,14.7,0,0,0,0,,,0,-55,-3,-31,-55,-45,20,9.326878188224134,12.35662600561157,8.932212512329214,9.326967183907902,.3803844784620862,8.360305435879093,8.395477432732141,,1,0,0,0
2020-10-07,2020,10,3,0,0,0,0,0,0,-157,0,12401,8319,4665,4817,2868,51,378,2469,0,200,.1625675348762197,201,428,263149.1333333334,21.21999301131629,19.01666666666667,62.005,0,prcp_gsod_aero,25.72222222222222,tmax_gsod_aero,10.5,18.7,0,0,0,0,,,0,-55,2,-22,-54,-44,19,9.425532393502772,12.48047619734437,9.026297334283887,9.425613028909824,.3761793403757762,8.447843113281444,8.479906606630221,,1,0,0,0
2020-10-08,2020,10,4,0,0,0,0,0,0,-156,0,12127,8135,4570,4772,2729,56,496,2289,0,200,.1585717819741074,200,378,252718.0833333333,20.83929111349331,18.65,60.635,0,prcp_gsod_aero,26.4,tmax_obs,13.2,17.2,0,0,0,0,,,0,-57,1,-35,-55,-45,21,9.403189650656792,12.44002985129611,9.003931019653138,9.403272107882152,.3768450564855282,8.42726848388825,8.470520783217808,,1,0,0,0
2020-10-09,2020,10,5,0,0,0,0,0,0,-155,0,12574,8489,4668,4958,2884,64,593,2619,0,200,.1684428185143948,200,435,267756.7,21.29447272148878,19.15,62.87,0,prcp_gsod_aero,24,tmax_gsod_aero,11.8,18.2,0,0,0,0,,,0,-54,3,-34,-52,-42,21,9.439386468943006,12.49783401133959,9.046526486737967,9.439465994967939,.3712422459042469,8.448485993406447,8.508757712595136,,1,0,0,0
2020-10-10,2020,10,6,1,0,0,0,0,1,-154,0,11893,8270,4619,4383,2819,72,797,2573,0,200,.2526696376019507,200,784,301897.85,25.38449928529387,21.66666666666667,59.465,0,prcp_gsod_aero,24.9,tmax_obs,9,16.3,0,0,0,0,,,0,-50,10,-15,-42,-15,14,9.383705270727246,12.61784399410614,9.020389788017736,9.38378935026654,.3883797191625326,8.437933510430606,8.38548870041881,,1,0,0,0
2020-10-11,2020,10,7,1,0,0,0,0,1,-153,0,10610,7214,4173,3920,2459,58,679,2207,0,199,.2504241281809614,200,851,266437.2,25.1118944392083,22.21666666666667,53.31658291457286,0,prcp_obs,21.6,tmax_obs,13.6,17.5,0,0,0,0,,,0,-60,-6,-35,-52,-21,16,9.26955223160803,12.4928938475393,8.883778861463485,9.269646477873591,.3933081998114986,8.336390480591552,8.273846932784508,,1,0,0,0
2020-10-12,2020,10,1,0,1,0,0,1,0,-152,0,12589,8531,5058,4510,2959,62,552,2391,0,200,.2725395186273731,200,952,333839.4666666667,26.51834670479519,22.55,62.945,0,prcp_aero,22.38888888888889,tmax_gsod_aero,10.1,16.7,0,0,0,0,,,0,-67,-23,-11,-69,-73,23,9.440578695766259,12.71841551769247,9.051461866908694,9.440658127038393,.4017793311621257,8.528726427229911,8.414052432496725,,1,0,0,0
2020-10-13,2020,10,2,0,0,0,0,0,0,-151,0,11718,7989,4439,4591,2625,63,408,2273,0,200,.153268475849121,200,409,243303.1666666667,20.76319906696251,18.30833333333333,58.59,0,prcp_gsod_aero,23.2,tmax_obs,12.8,18.5,0,0,0,0,,,0,-54,-5,-32,-53,-43,19,9.368881400104733,12.40206354416849,8.985820874482043,9.368966735258603,.3788189110769756,8.398184404834035,8.431853144249223,,1,0,0,0
2020-10-14,2020,10,3,0,0,0,0,0,0,-150,0,12559,8503,4852,4830,2803,74,434,2690,0,200,.1598853411895852,200,402,263806,21.00533481965125,18.81666666666667,62.795,0,prcp_gsod_aero,24,tmax_gsod_aero,12.3,20.9,0,0,0,0,,,0,-52,2,-22,-52,-43,19,9.438192819018127,12.48296926351011,9.048174321385792,9.438272440022189,.386336491758898,8.48714627006394,8.482601746646619,,1,0,0,0
2020-10-15,2020,10,4,0,0,0,0,0,0,-149,0,12025,8085,4682,4720,2577,46,456,2554,0,200,.1443659043659044,200,314,242240.9833333333,20.14478031878032,18.15,60.125,0,prcp_gsod_aero,29.2,tmax_obs,12.2,16.9,0,0,0,0,,,0,-55,-2,-40,-54,-44,21,9.394743094973961,12.39768830855808,8.997765772011208,9.394826251599515,.3893555093555093,8.451480648050856,8.459564078579602,,1,0,0,0
2020-10-16,2020,10,5,0,0,0,0,0,0,-148,0,12979,8839,4976,5022,2915,66,577,2806,0,200,.1701980121735111,201,426,303179.3,23.35921873796132,18.75,64.895,0,prcp_gsod_aero,21.22222222222223,tmax_gsod_aero,15.2,19.6,0,0,0,0,,,0,-50,6,-30,-50,-41,21,9.471087945687758,12.62207965865192,9.086929027060949,9.471164990258082,.383388550735804,8.512381634419015,8.521583539717531,,1,0,0,0
2020-10-17,2020,10,6,1,0,0,0,0,0,-147,0,10923,7595,4303,4140,2437,43,915,2969,0,200,.208184564680033,200,485,251488.1333333333,23.0237236412463,20.08333333333333,54.615,2.032,prcp_gsod_aero,24.6,tmax_obs,18,21.1,0,1,0,0,,,0,-49,11,-33,-41,-17,15,9.298625936843543,12.43515108384348,8.935245415029874,9.298717482593595,.3939393939393939,8.367067732838599,8.32845106681936,,1,0,0,0
2020-10-18,2020,10,7,1,0,0,0,0,0,-146,0,10600,7255,4187,4011,2328,74,1080,3039,0,200,.2270754716981132,200,609,259838.0166666667,24.51302044025157,21.175,53,0,prcp_gsod_aero,27.22222222222223,tmax_gsod_aero,19.3,25.2,0,0,0,0,,,0,-53,-14,-29,-43,-3,10,9.268609280100158,12.46781370302402,8.889446165318288,9.268703615273097,.395,8.339739766019143,8.296795865770053,,1,0,0,0
2020-10-19,2020,10,1,0,0,0,0,0,0,-145,0,7690,5466,2920,3123,1607,40,602,833,0,200,.1133940182054616,200,195,144945,18.84850455136541,16.55,38.45,0,,32,tmax_obs,18.61111111111111,24.5,1,0,0,0,,,0,-63,-24,-60,-60,-46,22,8.94767606249969,11.88410963910152,8.606302366488013,8.947806093057054,.3797139141742523,7.979338895262328,8.046549357283078,,1,0,0,0
2020-10-20,2020,10,2,0,0,0,0,0,0,-144,0,6677,4967,2596,2704,1343,34,59,1497,0,200,.1386850381908042,200,164,136594.1166666667,20.45740851679896,17.63333333333333,33.385,52.1,prcp_obs,26.6,tmax_obs,10.4,14.3,0,1,1,0,,,0,-61,-12,-55,-60,-46,22,8.806424063857868,11.82476915540116,8.510571315107351,8.8065738205036,.3887973640856672,7.86172707782398,7.902487437162855,,1,0,0,0
2020-10-21,2020,10,3,0,0,0,0,0,0,-143,0,7166,5205,2765,2889,1475,37,362,822,0,200,.1177783979905108,201,141,139578.0166666667,19.47781421527584,16.4,35.83,0,,17,tmax_gsod_aero,9.800000000000001,14.4,1,0,0,0,,,0,-60,-8,-53,-57,-43,21,8.8771028978649,11.84637898317564,8.557374981049069,8.877242435993919,.3858498464973486,7.924795913956436,7.968665700466235,,1,0,0,0
2020-10-22,2020,10,4,0,0,0,0,0,0,-142,0,5107,3856,1957,2119,997,34,168,1111,0,199,.1294301938515763,199,94,100223.6833333333,19.62476666013968,17.05,25.66331658291457,17.8,prcp_obs,18.3,tmax_obs,13.7,15.3,0,1,1,0,,,0,-65,-14,-64,-62,-47,24,8.538367426647644,11.51515980031624,8.257385655730436,8.538563217152429,.3831995300567848,7.579167967396076,7.6586995582683,,1,0,0,0
2020-10-23,2020,10,5,0,0,0,0,0,0,-141,0,11610,7957,4597,4396,2560,57,362,2606,0,200,.1522825150732128,200,300,241742.7,20.82193798449612,18.35,58.05,0,prcp_gsod_aero,21,tmax_gsod_aero,14.2,19.2,0,0,0,0,,,0,-53,5,-38,-52,-41,22,9.359622074691938,12.39562921637565,8.981807323377534,9.359708203627006,.3959517657192076,8.433159195806228,8.388450315523512,,1,0,0,0
2020-10-24,2020,10,6,1,0,0,0,0,0,-140,0,12596,8640,4999,4696,2840,61,999,3056,0,200,.2341219434741188,200,687,308886.0666666667,24.52255213295226,21.34166666666667,62.98,0,prcp_aero,21,tmax_aero,17,20.6,0,0,0,0,,,0,-47,9,-17,-41,-14,14,9.441134582220915,12.64072777159821,9.064157861798101,9.441213969352303,.3968720228644014,8.516993171413571,8.454466361507933,,1,0,0,0
2020-10-25,2020,10,7,1,0,0,0,0,0,-139,0,5370,3948,2160,2187,994,29,1035,1912,0,199,.1603351955307263,200,201,113720.8833333333,21.17707324643079,18.01666666666667,26.98492462311558,8.128,prcp_gsod_aero,26,tmax_obs,18.1,20.3,0,1,0,0,,,0,-69,-24,-67,-61,-29,20,8.588583187502911,11.64150233335114,8.280964400553373,8.58876938990546,.4022346368715084,7.67786350067821,7.690286020676768,,1,0,0,0
2020-10-26,2020,10,1,0,0,0,0,0,0,-138,0,11677,8101,4611,4459,2566,41,375,2359,0,200,.1632268562130684,200,384,260722.55,22.3278710285176,18.78333333333334,58.385,18,prcp_aero,22.5,tmax_obs,14.9,18.8,0,1,1,0,,,0,-52,0,-32,-53,-42,19,9.365376374075716,12.47121209407116,8.999742789830492,9.365462008843483,.3948788216151409,8.436200032206706,8.402679804627477,,1,0,0,0
2020-10-27,2020,10,2,0,0,0,0,0,0,-137,0,12109,8390,4762,4646,2646,55,402,2380,0,200,.1654967379634982,200,372,254055.6166666667,20.98072645690533,18.85,60.545,0,prcp_aero,23,tmax_obs,10.9,17.3,0,0,0,0,,,0,-50,-2,-20,-52,-42,18,9.401704256754366,12.44530848528631,9.034795799461252,9.401786836547139,.3932612106697498,8.468423027046809,8.443761913330354,,1,0,0,0
2020-10-28,2020,10,3,0,0,0,0,0,0,-136,0,9675,6738,3716,3993,1915,51,468,2018,0,200,.1265116279069767,200,196,185093.7166666667,19.13113350559862,16.95,48.375,0,prcp_gsod_obs,23,tmax_obs,12.5,15.9,0,0,0,0,,,0,-57,-7,-46,-57,-42,20,9.177300517897983,12.12861755237044,8.815518423966498,9.177403871729918,.3840826873385013,8.22040309993373,8.292298107063221,,1,0,0,0
2020-10-29,2020,10,4,0,0,0,0,0,0,-135,0,10571,7456,4020,4223,2269,59,428,2067,0,200,.1475735502790654,200,277,214655.3333333333,20.30605745277962,17.88333333333333,52.855,.8,prcp_obs,21.7,tmax_obs,10.8,14.2,0,0,0,0,,,0,-54,-4,-36,-55,-42,20,9.265869681768663,12.27678891999362,8.916774356365426,9.26596427572418,.3802856872575915,8.299037181613066,8.348301054933943,,1,0,0,0
2020-10-30,2020,10,5,0,0,0,0,0,0,-134,0,11818,8147,4621,4665,2478,54,533,2417,0,200,.1592486038246742,200,293,242203.95,20.49449568454899,18.41666666666667,59.09,0,prcp_obs,18.9,tmax_obs,7.6,14.1,0,0,0,0,,,0,-50,2,-31,-51,-39,20,9.377379071905621,12.39753541880381,9.005405040310642,9.377463685012241,.3910137079031985,8.438366410870266,8.447843113281444,,1,0,0,0
2020-10-31,2020,10,6,1,0,0,0,0,0,-133,0,11989,8327,4675,4654,2608,52,898,2773,0,200,.2327133205438318,200,612,289819.05,24.17374676787055,21.3,59.945,0,prcp_gsod_aero,20,tmax_gsod_aero,9.800000000000001,16.8,0,0,0,0,,,0,-44,11,-8,-41,-11,12,9.391744841707654,12.57701204169792,9.027258526235819,9.391828248021559,.3899407790474602,8.449984441722787,8.445482343862237,,1,0,0,0
2020-11-01,2020,11,7,1,0,0,0,0,0,-132,0,10727,7531,4304,4173,2191,59,934,2451,0,200,.2718374195954135,201,710,288378.9833333333,26.88347005997328,22.86666666666667,53.635,0,prcp_gsod_aero,21.11111111111111,tmax_gsod_aero,15,19.4,0,0,0,0,,,0,-47,-4,-2,-45,-14,12,9.280519206597429,12.57203080841346,8.926783114101351,9.280612424961515,.4012305397594854,8.36730010184162,8.336390480591552,,1,0,0,0
2020-11-02,2020,11,1,0,0,0,0,0,0,-131,0,11352,7947,4327,4612,2358,55,418,2318,0,200,.1466701902748414,200,348,229095.9333333333,20.18110758750294,17.85,56.76,0,prcp_gsod_aero,24.6,tmax_obs,14,20,0,0,0,0,,,0,-52,-3,-34,-55,-41,18,9.337149218839878,12.34189611766568,8.98054977794018,9.337237305164534,.3811663143058492,8.372629740224884,8.436416881388949,,1,0,0,0
2020-11-03,2020,11,2,0,0,0,0,0,0,-130,0,11744,8156,4494,4621,2564,65,429,2339,0,200,.1530994550408719,200,348,241921.3,20.59956573569482,18.06666666666667,58.72,0,prcp_gsod_aero,24.6,tmax_obs,16.6,19.7,0,0,0,0,,,0,-49,-2,-25,-54,-41,18,9.371097750854297,12.39636774563612,9.006509131694346,9.371182897093012,.3826634877384196,8.410498452745275,8.438366410870266,,1,0,0,0
2020-11-04,2020,11,3,0,0,0,0,0,0,-129,0,12339,8509,4797,4883,2589,70,437,2495,0,200,.1530107788313478,201,328,253068,20.50960369559932,18.06666666666667,61.695,0,prcp_gsod_aero,24,tmax_obs,15.4,19.5,0,0,0,0,,,0,-49,2,-23,-53,-39,18,9.420520256898534,12.44141350629977,9.048879705849558,9.420601297459379,.3887673231218089,8.475746001502063,8.49351506406166,,1,0,0,0
2020-11-05,2020,11,4,0,0,0,0,0,0,-128,0,12396,8593,4827,4963,2546,60,520,2625,0,200,.1475475959987093,200,362,249045.7333333333,20.09081424115306,17.89166666666667,61.98,0,prcp_gsod_aero,23,tmax_gsod_aero,14,19.9,0,0,0,0,,,0,-50,1,-28,-53,-40,19,9.425129118907639,12.4253918265873,9.058703197313223,9.425209786838147,.3893998063891578,8.481980435660493,8.50976567558744,,1,0,0,0
2020-11-06,2020,11,5,0,0,0,0,0,0,-127,0,12635,8734,4840,5075,2667,53,636,2699,0,200,.1635140482785912,200,362,263534.2333333333,20.85747790528954,18.51666666666667,63.175,0,prcp_gsod_aero,24,tmax_gsod_aero,17.5,21.2,0,0,0,0,,,0,-47,2,-27,-51,-39,19,9.444226019822295,12.48193855629853,9.074978734045507,9.444305161921976,.3830629204590423,8.484669999710677,8.532081803909987,,1,0,0,0
2020-11-07,2020,11,6,1,0,0,0,0,0,-126,0,12319,8562,4773,4967,2508,71,1051,3121,0,200,.2298076142544038,200,615,292019.65,23.70481776118191,20.65,61.595,0,prcp_gsod_aero,24.8,tmax_aero,18.9,22.3,0,0,0,0,,,0,-42,6,-8,-38,-11,11,9.418898064961974,12.58457637350679,9.055089086704891,9.418979237087511,.3874502800551993,8.470730317005897,8.510571315107351,,1,0,0,0
2020-11-08,2020,11,7,1,0,0,0,0,0,-125,0,10385,7365,4139,4107,2078,61,1136,2702,0,200,.2657679345209437,200,701,269557.9666666667,25.95647247632804,22.16666666666667,51.925,0,prcp_gsod_aero,26.4,tmax_obs,18.4,21.8,0,0,0,0,,,0,-47,-7,-1,-43,-13,11,9.248117736310213,12.50453873587495,8.90449432889673,9.248214024404264,.3985556090515166,8.328209491748732,8.320448113956559,,1,0,0,0
2020-11-09,2020,11,1,0,0,0,0,0,0,-124,0,10737,7533,3995,4556,2137,49,430,2204,0,200,.1396106919996275,201,300,211647.65,19.71199124522678,17.46666666666667,53.685,0,prcp_gsod_aero,26.5,tmax_obs,18.5,20.2,0,0,0,0,,,0,-50,-5,-38,-53,-41,18,9.281450999434135,12.26267814265095,8.927048647825695,9.281544130982514,.3720778616000745,8.292798858200374,8.424200324567073,,1,0,0,0
2020-11-10,2020,11,2,0,0,0,0,0,0,-123,0,12060,8451,4586,4910,2509,55,432,2404,0,200,.1537313432835821,200,346,246665.4666666667,20.45318960751797,18.01666666666667,60.3,0,prcp_gsod_aero,23,tmax_gsod_aero,17.4,20.7,0,0,0,0,,,0,-46,-3,-20,-51,-40,17,9.397649470281177,12.41578831163555,9.042040056544483,9.397732385583243,.3802653399668325,8.430763463417851,8.499029220788566,,1,0,0,0
2020-11-11,2020,11,3,0,0,0,0,0,0,-122,0,12122,8404,4485,5085,2488,64,546,2603,0,200,.1567398119122257,200,350,250050.8666666667,20.62785568938019,18.31666666666667,60.61,0,prcp_gsod_aero,23.5,tmax_aero,18.2,21.3,0,0,0,0,,,0,-47,2,-18,-52,-39,17,9.402777262511231,12.42941964281452,9.036463061964891,9.402859753746583,.3699884507507012,8.408493774492897,8.53405030848266,,1,0,0,0
2020-11-12,2020,11,4,0,0,0,0,0,0,-121,0,12342,8484,4642,5093,2536,71,573,2593,0,199,.1522443688219089,199,316,251363.6666666667,20.366526224815,18.13333333333333,62.02010050251256,0,prcp_gsod_aero,25.6,tmax_obs,17.9,21.1,0,0,0,0,,,0,-49,-1,-27,-52,-40,18,9.420763358881013,12.43465604069475,9.045937315684574,9.420844379743929,.3761140819964349,8.442900586834382,8.535622326884605,,1,0,0,0
2020-11-13,2020,11,5,0,0,0,0,0,0,-120,0,12416,8554,4692,5171,2498,55,661,2832,0,199,.1589884020618557,199,345,254310.8666666667,20.48251181271478,18.3,62.39195979899498,0,prcp_gsod_aero,23,tmax_aero,19.2,22.1,0,0,0,0,,,0,-45,0,-23,-50,-37,18,9.426741242423001,12.44631268217898,9.054154288786855,9.426821780416843,.3778994845360825,8.453614209773367,8.550821372396221,,1,0,0,0
2020-11-14,2020,11,6,1,0,0,0,0,0,-119,0,10793,7417,3982,4507,2252,52,1054,2916,0,199,.1925321967942185,199,471,241562.1833333333,22.38137527409741,19.26666666666667,54.23618090452261,0,prcp_gsod_aero,26.6,tmax_obs,19.3,22.2,0,0,0,0,,,0,-44,3,-24,-41,-12,13,9.286653054825347,12.39488220685314,8.911529941736559,9.286745703178589,.3689428333178912,8.289539484624141,8.413387022690648,,1,0,0,0
2020-11-15,2020,11,7,1,0,0,0,0,0,-118,0,10826,7388,4168,4483,2126,49,1033,2755,0,199,.2596526879733974,199,724,278146.3,25.69243487899501,22.1,54.40201005025126,0,prcp_obs,25.2,tmax_aero,15.5,21.1,0,0,0,0,,,0,-44,-8,2,-43,-12,11,9.289705927356923,12.53590251323988,8.90761234131913,9.289798293310899,.3849990762978016,8.335191583433202,8.408047744155439,,1,0,0,0
2020-11-16,2020,11,1,0,0,0,0,0,0,-117,0,11430,7761,4237,4809,2318,66,469,2470,0,198,.1507436570428696,199,290,232541.7,20.34485564304462,17.91666666666667,57.72727272727273,0,prcp_obs,25,tmax_aero,13.8,19.9,0,0,0,0,,,0,-48,-5,-29,-53,-39,17,9.343996756788856,12.3568248427661,8.95686647085414,9.344084242025778,.3706911636045495,8.351610750626559,8.478244441277663,,1,0,0,0
2020-11-17,2020,11,2,0,0,0,0,0,0,-116,0,12023,8068,4502,5014,2436,71,463,2568,0,199,.1591948764867338,199,335,247269.4,20.5663644681028,18.21666666666667,60.41708542713568,0,prcp_gsod_aero,25,tmax_gsod_aero,14.8,23,0,0,0,0,,,0,-46,-4,-15,-49,-39,17,9.394576760974909,12.41823370950093,8.995660899074103,9.394659931432811,.3744489728021292,8.412277021466677,8.519989278718239,,1,0,0,0
2020-11-18,2020,11,3,0,0,0,0,0,0,-115,0,11186,7675,4114,4850,2166,56,593,2599,0,199,.1460754514571786,199,288,222171.6,19.86157697121402,17.63333333333333,56.21105527638191,0,,27.7,tmax_obs,18,22.3,1,0,0,0,,,0,-49,-3,-26,-53,-38,17,9.322418275381533,12.31120533523764,8.945723572455398,9.32250766884693,.3677811550151976,8.322151070212902,8.486733983931529,,1,0,0,0
2020-11-19,2020,11,4,0,0,0,0,0,0,-114,0,11722,7969,4389,5011,2270,52,486,2246,0,198,.1555195359153728,199,325,240037.3666666667,20.47750952624694,18.21666666666667,59.2020202020202,0,prcp_gsod_aero,26.7,tmax_obs,14.8,20,0,0,0,0,,,0,-48,-2,-24,-51,-38,17,9.369222697036374,12.38854988464945,8.983314293397749,9.369308003071827,.3744241596997099,8.386856689688234,8.519390774959724,,1,0,0,0
2020-11-20,2020,11,5,0,0,0,0,0,0,-113,0,11746,7968,4408,4967,2312,59,587,2501,0,198,.1530733866848289,200,302,236373.6333333333,20.12375560474488,17.86666666666667,59.32323232323233,0,prcp_gsod_aero,23.2,tmax_aero,17,20.6,0,0,0,0,,,0,-45,3,-22,-49,-36,18,9.371268036082466,12.37316902417073,8.983188799264434,9.371353167823886,.3752766899369998,8.391176350832751,8.510571315107351,,1,0,0,0
2020-11-21,2020,11,6,1,0,0,0,0,1,-112,0,11083,7447,4148,4639,2242,54,926,2721,0,197,.2129387349995489,198,528,261366.9166666667,23.58268669734428,20.23333333333333,56.25888324873097,0,prcp_gsod_aero,26,tmax_gsod_aero,18.2,22.5,0,0,0,0,,,0,-40,5,-9,-37,-9,10,9.313167681775653,12.4736805100611,8.915566545710645,9.313257905982869,.3742668952449698,8.330381569349418,8.442254104751743,,1,0,0,0
2020-11-22,2020,11,7,1,0,0,0,0,1,-111,0,10032,6708,3847,4227,1888,70,1047,2797,0,198,.2631578947368421,199,647,257459.2,25.66379585326954,21.9,50.66666666666666,0,prcp_gsod_aero,27,tmax_gsod_aero,19.2,24.1,0,0,0,0,,,0,-42,-6,1,-40,-10,9,9.213535262872702,12.45861653993,8.8110561229431,9.213634938925614,.3834728867623605,8.255048902752295,8.34924780056679,,1,0,0,0
2020-11-23,2020,11,1,0,1,0,0,1,0,-110,0,10164,6763,3812,4345,1934,73,765,2720,0,199,.2309130263675718,199,550,257526.9833333333,25.33716876557786,20.9,51.07537688442211,0,prcp_gsod_aero,31,tmax_gsod_aero,19.5,25.2,0,0,0,0,,,0,-63,-27,-16,-70,-72,19,9.226607344440055,12.45887978323989,8.81922185757494,9.226705726062447,.3750491932310114,8.245909264774094,8.376781037699493,,1,0,0,0
2020-11-24,2020,11,2,0,0,0,0,0,0,-109,0,8390,5776,3091,3637,1611,51,517,1440,0,199,.1194278903456496,200,134,158999.8,18.9511084624553,16.71666666666667,42.1608040201005,0,,32.6,tmax_obs,21.9,26.6,1,0,0,0,,,0,-51,-10,-37,-52,-38,17,9.034795799461252,11.97665822333994,8.661466680572662,9.03491498187007,.368414779499404,8.036249942132116,8.19891444498699,,1,0,0,0
2020-11-25,2020,11,3,0,0,0,0,0,0,-108,0,8993,6231,3311,3791,1848,43,175,2279,0,199,.1492271766929834,200,198,180559.8666666667,20.0778234923459,17.78333333333334,45.19095477386934,29.972,prcp_gsod_aero,31.8,tmax_obs,19.8,22.9,0,1,1,0,,,0,-49,-4,-26,-54,-38,17,9.104201775914515,12.10381767304778,8.737292112544221,9.104312967330653,.3681752474146559,8.105005537547246,8.240385115516334,,1,0,0,0
2020-11-26,2020,11,4,0,0,0,0,0,0,-107,0,11415,7667,4148,4869,2339,59,662,2670,0,199,.1550591327201051,200,246,231167.6333333333,20.25121623594685,17.96666666666667,57.36180904522613,0,prcp_gsod_aero,27.7,tmax_obs,17.5,21.9,0,0,0,0,,,0,-48,-6,-18,-49,-37,17,9.342683558963897,12.35089841174727,8.944680683558895,9.342771159156673,.3633815155497153,8.330381569349418,8.4906438561827,,1,0,0,0
2020-11-27,2020,11,5,0,0,0,0,0,0,-106,0,11790,7965,4401,4986,2335,68,609,2842,0,199,.1541136556403732,200,265,239735.75,20.33382103477523,17.98333333333333,59.24623115577889,0,prcp_gsod_aero,26.11111111111111,tmax_gsod_aero,17.5,22.9,0,0,0,0,,,0,-44,1,-19,-49,-34,17,9.375006993531416,12.38729255406579,8.982812222344149,9.375091807576673,.3732824427480916,8.389587066811091,8.514389264083503,,1,0,0,0
2020-11-28,2020,11,6,1,0,0,0,0,0,-105,0,7592,5415,2737,3362,1445,48,1187,2750,0,198,.1614857744994731,199,220,162369.3666666667,21.3869028802248,18.03333333333334,38.34343434343435,22.098,prcp_gsod_aero,30.2,tmax_obs,18,23.4,0,1,1,0,,,0,-48,-6,-38,-45,-12,14,8.934850340289763,11.99762906001721,8.596928159435091,8.934982049213234,.3605110642781876,7.914617709040679,8.120291313968561,,1,0,0,0
2020-11-29,2020,11,7,1,0,0,0,0,0,-104,0,9219,6246,3403,3966,1802,48,960,2612,0,199,.2320208265538562,200,443,222791.5333333333,24.16656181075316,20.73333333333333,46.32663316582914,0,prcp_gsod_aero,32,tmax_gsod_aero,17.6,24.4,0,0,0,0,,,0,-45,-6,-12,-44,-9,11,9.129021850798594,12.31399178511632,8.739696537843024,9.12913031655064,.3691289727736197,8.132412674500905,8.285513309079741,,1,0,0,0
2020-11-30,2020,11,1,0,0,0,0,0,0,-103,0,10589,7115,3912,4505,2105,67,463,2351,0,199,.142600812163566,200,237,210506.6,19.87974312966286,17.43333333333333,53.21105527638191,0,prcp_gsod_aero,33.3,tmax_obs,12.2,18.6,0,0,0,0,,,0,-44,-1,-26,-51,-37,16,9.267571005430455,12.25727228553229,8.869960510523953,9.267665438595452,.3694399848899801,8.271804031154709,8.412943170042439,,1,0,0,0
2020-12-01,2020,12,2,0,0,0,0,0,0,-102,0,10988,7404,3944,4826,2159,59,476,2400,0,199,.1491627229705133,199,198,218308.0666666667,19.86786190996238,17.6,55.21608040201005,0,prcp_gsod_aero,29,tmax_gsod_aero,16.1,21.4,0,0,0,0,,,0,-41,1,-14,-48,-36,15,9.304559047215165,12.29366249406176,8.909775673693389,9.304650051446924,.358937022206043,8.279950715722526,8.481773246184977,,1,0,0,0
2020-12-02,2020,12,3,0,0,0,0,0,0,-101,0,7684,5464,2757,3407,1478,42,595,1214,0,199,.1159552316501822,200,126,152843.4,19.89112441436752,15.95,38.61306532663317,0,,27,tmax_gsod_aero,19.5,23.4,1,0,0,0,,,0,-47,-5,-36,-51,-36,16,8.946895523888447,11.93716914679889,8.605936401250625,8.947025655972697,.3587975013014055,7.921898411023797,8.133587417660966,,1,0,0,0
2020-12-03,2020,12,4,0,0,0,0,0,0,-100,0,11200,7598,4046,4866,2217,71,412,2479,0,199,.1545535714285714,199,215,230255.4166666667,20.5585193452381,17.96666666666667,56.28140703517588,23.9,prcp_obs,28.5,tmax_aero,16.8,22.4,0,1,1,0,,,0,-40,9,-19,-46,-35,15,9.323669057283185,12.34694447899466,8.935640333747571,9.323758339011739,.36125,8.305484017727691,8.490027523343468,,1,0,0,0
2020-12-04,2020,12,5,0,0,0,0,0,0,-99,0,11248,7642,4042,4887,2248,71,692,2509,0,199,.1416251778093883,199,233,223731.2666666667,19.89075983878616,17.65,56.52261306532663,0,prcp_obs,29.1,tmax_obs,14.8,19.7,0,0,0,0,,,0,-37,13,-19,-43,-33,15,9.327945614050446,12.31820090823723,8.941414628006845,9.328034514792826,.359352773826458,8.304494897963567,8.494333897270154,,1,0,0,0
2020-12-05,2020,12,6,1,0,0,0,0,1,-98,0,10359,7140,3888,4413,1982,76,933,2579,0,199,.1930688290375519,199,339,227794.9333333333,21.99005051967693,19.06666666666667,52.05527638190955,0,prcp_gsod_aero,22.1,tmax_obs,11.5,17.2,0,0,0,0,,,0,-31,18,-8,-28,-4,7,9.245610986058102,12.33620108801535,8.87346805533363,9.245707515813473,.3753258036490009,8.265650165580329,8.392310009269547,,1,0,0,0
2020-12-06,2020,12,7,1,0,0,0,0,1,-97,0,10336,7051,3961,4447,1863,65,1049,2760,0,199,.2302631578947368,199,593,300817.65,29.10387480650155,21.15,51.93969849246231,0,prcp_gsod_aero,23,tmax_gsod_aero,15,19.1,0,0,0,0,,,0,-36,6,0,-35,-5,7,9.243388226022383,12.6142595461981,8.860924729719041,9.243484970568485,.3832236842105263,8.284251797621916,8.399984990510696,,1,0,0,0
2020-12-07,2020,12,1,0,1,0,0,1,0,-96,0,10952,7393,4137,4794,1951,70,948,2893,0,199,.2162162162162162,199,544,252948.2333333333,23.09607682006331,19.83333333333333,55.03517587939699,0,prcp_gsod_aero,25,tmax_gsod_aero,17.5,21.6,0,0,0,0,,,0,-50,-14,-11,-63,-67,16,9.301277366968284,12.44094013544321,8.9082888855571,9.301368670323747,.3777392257121987,8.327726166461412,8.475120414994329,,1,0,0,0
2020-12-08,2020,12,2,0,1,0,0,1,0,-95,0,10961,7353,4192,4669,2044,56,968,3027,0,199,.1984308001094791,199,432,246934.0333333333,22.52842198096281,19.75,55.08040201005025,0,prcp_gsod_aero,25.5,tmax_gsod_aero,19,23.1,0,0,0,0,,,0,-58,-22,-13,-67,-68,17,9.302098797215724,12.4168765084152,8.902863672196222,9.302190025606063,.3824468570385914,8.340933226000878,8.448700194970938,,1,0,0,0
2020-12-09,2020,12,3,0,0,0,0,0,0,-94,0,11349,7839,4130,5109,2052,58,538,2686,0,198,.1425676271037096,199,210,231171.0166666667,20.36928510588304,17.46666666666667,57.31818181818182,0,prcp_gsod_aero,31,tmax_gsod_aero,18.6,25.8,0,0,0,0,,,0,-38,7,-10,-43,-33,13,9.336884913301139,12.35091304748379,8.966866554188723,9.336973022909548,.3639087144241783,8.326032685955079,8.538758969330798,,1,0,0,0
2020-12-10,2020,12,4,0,0,0,0,0,0,-93,0,11506,7890,4237,5133,2079,57,641,2779,0,198,.1419259516773857,199,194,299962.6666666667,26.07010834926705,17.2,58.11111111111111,0,prcp_gsod_aero,32,tmax_gsod_aero,23.5,29.1,0,0,0,0,,,0,-42,2,-21,-44,-35,15,9.350623917423238,12.61141330145004,8.97335141383992,9.350710824823459,.3682426560055623,8.351610750626559,8.543445562560303,,1,0,0,0
2020-12-11,2020,12,5,0,0,0,0,0,0,-92,0,10959,7859,4075,4849,1983,52,833,2978,0,199,.1386075371840496,199,205,218272.1833333333,19.9171624539952,17.23333333333333,55.07035175879397,2.032,prcp_gsod_aero,35,tmax_obs,16,25.6,0,1,0,0,,,0,-39,5,-24,-43,-32,15,9.301916315463393,12.2934981103847,8.969414650866176,9.302007560502007,.3718404963956565,8.312626025674962,8.486527777105353,,1,0,0,0
2020-12-12,2020,12,6,1,0,0,0,0,0,-91,0,11074,7541,4129,4849,2032,64,1192,3136,0,199,.1719342604298356,199,341,238577.0333333333,21.54388959123473,18.58333333333333,55.64824120603015,0,prcp_gsod_aero,28.3,tmax_aero,14.8,23.2,0,0,0,0,,,0,-32,8,-11,-31,-2,8,9.312355297382913,12.38244752807564,8.928110078202646,9.312445594913337,.3728553368249955,8.32579052588609,8.486527777105353,,1,0,0,0
2020-12-13,2020,12,7,1,0,0,0,0,0,-90,0,9117,6304,3300,4201,1561,55,1027,2893,0,199,.2097181090270923,200,406,206364.2166666667,22.63510109319586,20.06666666666667,45.81407035175879,18,prcp_obs,30.4,tmax_obs,14.5,21.6,0,1,1,0,,,0,-40,-1,-24,-43,-8,11,9.117896081584902,12.23739792869638,8.748939631537715,9.118005760773388,.361961171437973,8.101677747454572,8.343077871169383,,1,0,0,0
2020-12-14,2020,12,1,0,0,0,0,0,0,-89,0,11632,8059,4214,5131,2215,72,654,2876,0,199,.140732462173315,200,234,227907.35,19.59313531636864,17.31666666666667,58.45226130653266,0,prcp_obs,27,tmax_gsod_aero,15.5,21.7,0,0,0,0,,,0,-36,0,-19,-44,-34,13,9.361515199773301,12.336694465701,8.994544758324512,9.361601165816767,.3622764786795048,8.346167594364134,8.543055850941965,,1,0,0,0
2020-12-15,2020,12,2,0,0,0,0,0,0,-88,0,11098,7709,4101,4936,2014,47,602,2498,0,199,.132546404757614,199,185,212251.25,19.12518021265093,16.83333333333333,55.76884422110553,0,prcp_gsod_aero,27.8,tmax_obs,17.8,21.1,0,0,0,0,,,0,-34,2,-17,-44,-34,13,9.314520190885846,12.26552599343776,8.950143756459262,9.314610293151979,.3695260407280591,8.31898612539206,8.504310565585223,,1,0,0,0
2020-12-16,2020,12,3,0,0,0,0,0,0,-87,0,11655,8155,4248,5260,2080,67,577,2579,0,199,.1431145431145431,199,214,230943.45,19.81496782496782,17.55,58.5678391959799,0,prcp_gsod_aero,25,tmax_gsod_aero,16.8,21.5,0,0,0,0,,,0,-33,9,-7,-42,-32,12,9.363490551469857,12.34992815433944,9.006386515055114,9.363576347875041,.3644787644787645,8.354203562921775,8.567886305731756,,1,0,0,0
2020-12-17,2020,12,4,0,0,0,0,0,0,-86,0,11200,7827,4088,5054,1989,69,779,2869,0,199,.1372321428571429,199,178,219959.2333333333,19.63921726190476,17.03333333333334,56.28140703517588,0,prcp_gsod_aero,28,tmax_gsod_aero,19.6,24.9,0,0,0,0,,,0,-35,6,-19,-42,-33,13,9.323669057283185,12.30119750513347,8.965334573804839,9.323758339011739,.365,8.315811131883541,8.527935287948139,,1,0,0,0
2020-12-18,2020,12,5,0,0,0,0,0,0,-85,0,10764,7490,3896,4940,1855,73,832,2810,0,199,.1397250092902267,199,185,207844.9166666667,19.3092639043726,17.05833333333333,54.09045226130653,0,prcp_gsod_aero,32,tmax_gsod_aero,20,26.8,0,0,0,0,,,0,-31,10,-17,-39,-31,13,9.283962511846797,12.24454748764208,8.921324076511265,9.284055409798464,.3619472315124489,8.267705664762426,8.505120610181969,,1,0,0,0
2020-12-19,2020,12,6,1,0,0,0,0,0,-84,0,8976,6365,3181,4120,1616,59,835,2290,0,198,.1573083778966132,198,199,182341.95,20.31438836898396,17.70833333333333,45.33333333333334,5.08,prcp_gsod_aero,33,tmax_obs,20.1,24.2,0,1,0,0,,,0,-24,17,-19,-23,-2,8,9.102309627762478,12.11363904938905,8.758569510991507,9.102421029756689,.3543894830659536,8.064950891749144,8.323608442343572,,1,0,0,0
2020-12-20,2020,12,7,1,0,0,0,0,0,-83,0,8831,6126,3371,3868,1538,54,940,2524,0,199,.193862529724833,199,313,198962.4833333333,22.53000603933115,19.3,44.37688442211055,0,prcp_gsod_aero,27.6,tmax_obs,12.7,18.7,0,0,0,0,,,0,-28,12,-14,-30,3,8,9.086023537468803,12.20087155997023,8.72029728739272,9.086136768516877,.3817234741252406,8.12296471523406,8.260492856573185,,1,0,0,0
2020-12-21,2020,12,1,0,0,0,0,0,0,-82,0,11292,7709,4041,5218,1971,62,661,2694,0,199,.1420474672334396,199,212,223991.2166666667,19.8362749439131,17.23333333333333,56.74371859296483,0,prcp_gsod_aero,23.8,tmax_aero,11.4,20.1,0,0,0,0,,,0,-20,18,-15,-35,-33,11,9.331849789373379,12.31936211875887,8.950143756459262,9.331938343723671,.3578639744952178,8.304247465078474,8.559869465696673,,1,0,0,0
2020-12-22,2020,12,2,0,0,0,0,0,0,-81,0,10653,7408,3823,4839,1934,57,633,2605,0,199,.1447479583215996,199,186,212917.9333333333,19.98666416345943,17.1,53.53266331658291,0,prcp_gsod_aero,28.27777777777778,tmax_gsod_aero,18,24.8,0,0,0,0,,,0,-21,22,-5,-40,-33,9,9.273596821611198,12.26866208093362,8.910315776326016,9.273690687476945,.3588660471228762,8.248790733696414,8.484463366793319,,1,0,0,0
2020-12-23,2020,12,3,0,0,0,0,0,0,-80,0,9773,6779,3544,4498,1694,37,725,2370,0,199,.138749616289778,200,115,269052.6333333334,27.53019884716396,17.03333333333334,49.11055276381909,0,prcp_gsod_aero,30.22222222222223,tmax_gsod_aero,22.2,26.9,0,0,0,0,,,0,-21,42,-10,-35,-30,8,9.187378760338836,12.50266230239367,8.821584877430965,9.1874810778301,.3626317405095672,8.173011311724972,8.411388132519262,,1,0,0,0
2020-12-24,2020,12,4,0,0,0,0,0,0,-79,0,6296,4492,2283,2925,1045,43,711,1188,0,199,.1253176620076239,199,75,118849.7833333333,18.8770303896654,15.81666666666667,31.63819095477387,0,prcp_gsod_aero,32.5,tmax_obs,21.9,26.7,0,0,0,0,,,0,-51,11,-53,-58,-54,11,8.747669790097239,11.68561564976046,8.410053315858335,8.747828608488742,.3626111817026684,7.733245646529795,7.981049759665957,,1,0,0,0
2020-12-25,2020,12,5,0,1,0,0,1,0,-78,0,6000,4204,2111,2826,1015,48,1070,2458,0,199,.18,199,195,130805.45,21.80090833333333,18.775,30.15075376884422,0,prcp_gsod_aero,32.5,tmax_obs,22.9,25.9,0,0,0,0,,,0,-86,-82,-50,-81,-78,16,8.699514748210191,11.78146638380387,8.343791731996841,8.699681400989514,.3518333333333333,7.65491704784832,7.946617563244473,,1,0,0,0
2020-12-26,2020,12,6,1,0,0,0,0,1,-77,0,8284,5679,3033,3804,1393,54,592,2382,0,199,.1757605021728634,199,292,178813.0166666667,21.58534725575407,18.76666666666667,41.62814070351759,0,prcp_gsod_aero,28.22222222222222,tmax_gsod_aero,22.7,26.1,0,0,0,0,,,0,-48,-11,-29,-47,-13,10,9.022081222515475,12.09409593922089,8.644530439877432,9.022201929860664,.3661274746499276,8.017307507688582,8.24380842366528,,1,0,0,0
2020-12-27,2020,12,7,1,0,0,0,0,1,-76,0,9037,6059,3434,4026,1527,50,1136,2954,0,199,.1976319575080226,199,345,204671.75,22.64819630408321,19.55,45.41206030150754,0,prcp_gsod_aero,30.4,tmax_obs,21.7,25.5,0,0,0,0,,,0,-47,-15,-21,-45,-5,9,9.109082539901955,12.22916275528628,8.709300048944989,9.109193189971226,.3799933606285272,8.141481041457421,8.300528606199737,,1,0,0,0
2020-12-28,2020,12,1,0,0,0,0,0,0,-75,0,10238,6947,3781,4621,1773,63,756,2762,0,199,.134303574916976,199,201,196295.5333333333,19.17323044865534,16.8,51.44723618090453,0,prcp_gsod_aero,29.27777777777778,tmax_gsod_aero,23.5,27.1,0,0,0,0,,,0,-38,2,-28,-47,-37,13,9.233861567017529,12.18737662571802,8.846065190692881,9.233959237574817,.3693104121898808,8.237743803890933,8.438366410870266,,1,0,0,0
2020-12-29,2020,12,2,0,0,0,0,0,0,-74,0,9933,6779,3584,4604,1692,53,567,2465,0,198,.1301721534279674,198,170,189719.6333333333,19.09993288365381,16.78333333333334,50.16666666666666,.3,prcp_obs,30.1,tmax_aero,22.4,27.4,0,0,0,0,,,0,-36,9,-13,-44,-37,12,9.203617826215355,12.15330264731694,8.821584877430965,9.203718495667296,.3608174770965469,8.18423477409482,8.434680769841773,,1,0,0,0
2020-12-30,2020,12,3,0,0,0,0,0,0,-73,0,8721,6194,3125,4018,1529,49,951,2718,0,199,.1350762527233116,199,135,170480.25,19.54824561403509,17.05,43.82412060301508,0,prcp_obs,32.4,tmax_obs,19.1,24.6,0,0,0,0,,,0,-35,27,-22,-45,-35,10,9.073489189226986,12.0463747332191,8.731336360533149,9.073603848402712,.3583304666895998,8.047189562170502,8.298539545374879,,1,0,0,0
2020-12-31,2020,12,4,0,0,0,0,0,0,-72,0,6301,4435,2257,2952,1057,35,626,1232,0,199,.1369623869227107,199,82,120378.2166666667,19.10462095963603,16.46666666666667,31.66331658291457,0,prcp_gsod_aero,29.11111111111111,tmax_gsod_aero,13.5,22,0,0,0,0,,,0,-59,5,-53,-62,-56,12,8.748463629942055,11.69839387079255,8.397282894743681,8.748622322317219,.3581971115695921,7.721791776817535,7.990238185720363,,1,0,0,0
2021-01-01,2021,1,5,0,1,0,0,1,0,-71,0,5866,4128,2144,2761,914,47,1186,2441,0,199,.1943402659393113,199,244,133766.95,22.80377599727242,19.28333333333334,29.47738693467337,0,prcp_gsod_aero,31,tmax_gsod_aero,19.4,26.6,0,0,0,0,,,0,-86,-84,-49,-81,-78,16,8.676928249537397,11.80385438570078,8.325548307161398,8.677098708925859,.3654960790998977,7.670428522190693,7.923348211930154,,1,0,0,0
2021-01-02,2021,1,6,1,0,0,0,0,1,-70,0,7421,5066,2747,3401,1219,54,542,2256,0,199,.1773345910254683,199,287,165546.6666666667,22.30786506760095,18.55,37.29145728643216,0,prcp_gsod_aero,32,tmax_aero,22.3,27.6,0,0,0,0,164004,17512,1,-57,-18,-39,-54,-18,11,8.912069097970134,12.01700840786883,8.530306830561621,8.912203841620542,.3701657458563536,7.918264686095274,8.131824785007195,12.0076460967528,1,0,0,0
2021-01-03,2021,1,7,1,0,0,0,0,1,-69,0,8110,5406,2976,3697,1388,49,950,2747,0,199,.1933415536374846,199,326,182382.75,22.48862515413071,19.43333333333333,40.75376884422111,0,prcp_gsod_aero,33.7,tmax_obs,22.7,27.3,0,0,0,0,210696,18001,1,-54,-20,-31,-49,-7,9,9.000853147109458,12.1138627797817,8.595264726836392,9.000976444070345,.3669543773119606,7.998335395952982,8.215276958936633,12.25817161527415,1,0,0,0
2021-01-04,2021,1,1,0,0,0,0,0,0,-68,0,8703,6127,3144,4015,1500,44,625,2609,0,200,.1273124210042514,200,170,165810.8,19.05214293921636,16.66666666666667,43.515,0,prcp_gsod_aero,32.3,tmax_obs,22.6,25.9,0,0,0,0,,,0,-47,-5,-33,-52,-39,14,9.071423072789514,12.01860265828325,8.720460512725655,9.071537969095724,.3612547397449156,8.053251153549097,8.297792626380861,,1,0,0,0
2021-01-05,2021,1,2,0,0,0,0,0,0,-67,0,8165,5663,2963,3778,1382,42,584,2077,0,200,.1199020208205756,200,176,152579.8666666667,18.68706266585017,16.15,40.825,0,,31,tmax_obs,22.3,25.4,1,0,0,0,,,0,-46,-7,-38,-52,-40,15,9.007612005404566,11.93544345378532,8.641709066113805,9.007734471879521,.362890385793019,7.993957547573565,8.236950048061456,,1,0,0,0
2021-01-06,2021,1,3,0,0,0,0,0,0,-66,0,10183,6961,3674,4638,1814,57,537,2535,0,200,.1438672296965531,201,235,198374.5333333333,19.48095191331959,17.35,50.915,15,prcp_obs,31.2,tmax_obs,20.2,22.8,0,1,1,0,,,0,-43,1,-24,-51,-37,14,9.228474942171665,12.19791210537898,8.848078421168667,9.228573140237243,.3607974074437789,8.209036265775071,8.442038517815478,,1,0,0,0
2021-01-07,2021,1,4,0,0,0,0,0,0,-65,0,10422,7062,3807,4835,1714,66,623,2766,0,200,.1446939167146421,200,257,204502,19.6221454615237,17.3,52.11,0,prcp_obs,34,tmax_gsod_aero,18.6,25.2,0,0,0,0,,,0,-46,-4,-29,-51,-38,15,9.25167423546916,12.22833303436827,8.862483576488332,9.251770181739323,.3652849740932643,8.244596756382498,8.483636407887394,,1,0,0,0
2021-01-08,2021,1,5,0,0,0,0,0,0,-64,0,8988,6347,3255,4142,1523,68,678,2528,0,200,.1348464619492657,200,180,178432.3166666667,19.85228267319389,17.1,44.94,0,prcp_gsod_aero,33.9,tmax_obs,21.4,26.4,0,0,0,0,,,0,-47,-3,-31,-50,-37,15,9.10364563330522,12.09196462995755,8.75573753930647,9.103756886573398,.3621495327102804,8.087947554642669,8.328934041955529,,1,0,0,0
2021-01-09,2021,1,6,1,0,0,0,0,0,-63,0,9056,6189,3426,3877,1677,76,650,2394,0,200,.1931316254416961,200,336,201654.4,22.26749116607774,18.93333333333333,45.28,.8,prcp_obs,31.8,tmax_obs,20.4,24.1,0,0,0,0,,,0,-45,-3,-27,-42,-6,9,9.111182800442965,12.21431062004858,8.730528801739361,9.111293218374948,.3783127208480566,8.139148678884066,8.262816937670928,,1,0,0,0
2021-01-10,2021,1,7,1,0,0,0,0,0,-62,0,8575,5779,3130,3924,1458,63,828,2692,0,200,.2162099125364431,201,425,229024.9333333333,26.70844703595724,20.21666666666667,42.875,0,prcp_obs,29.11111111111111,tmax_gsod_aero,22.2,26.8,0,0,0,0,,,0,-49,-14,-28,-47,-4,9,9.056606272034141,12.34158615579433,8.661985936317779,9.056722883310583,.3650145772594752,8.048788283534199,8.274866820685254,,1,0,0,0
2021-01-11,2021,1,1,0,0,0,0,0,0,-61,0,6303,4668,2235,2955,1061,52,397,2188,0,200,.130096779311439,200,111,119325.7,18.93157226717436,16.8,31.515,35.1,prcp_obs,33.3,tmax_obs,18.5,22.2,0,1,1,0,,,0,-54,-15,-52,-59,-42,17,8.74878098951311,11.68961200818834,8.448485993406447,8.748939631537715,.3545930509281295,7.711996507047669,7.991253929840199,,1,0,0,0
2021-01-12,2021,1,2,0,0,0,0,0,0,-60,0,10131,7048,3790,4596,1689,56,449,2351,0,200,.1477642878294344,201,241,302383.2333333333,29.8473233968348,17.55,50.655,19.1,prcp_obs,24.3,tmax_aero,15.6,21.2,0,1,1,0,,,0,-43,-4,-19,-49,-38,13,9.223355309053677,12.61945047642409,8.860499167616016,9.223454011121566,.3740992991807324,8.240121298076472,8.432941638968647,,1,0,0,0
2021-01-13,2021,1,3,0,0,0,0,0,0,-59,0,10453,7175,3925,4696,1762,70,584,2464,0,200,.1428298096240314,200,242,207110.7166666667,19.81351924487388,17.16666666666667,52.265,0,prcp_obs,25,tmax_gsod_aero,18.1,22.4,0,0,0,0,174625,17179,1,-48,-8,-23,-53,-38,11,9.254644297532707,12.2410087923832,8.878358040627822,9.254739959272866,.3754902898689371,8.275121630216509,8.454466361507933,12.07039609655926,1,0,0,0
2021-01-14,2021,1,4,0,0,0,0,0,0,-58,0,10457,7305,3871,4676,1844,66,575,2588,0,200,.1477479200535526,200,219,207251.7,19.81942239648083,17.33333333333333,52.285,0,prcp_gsod_aero,27.22222222222223,tmax_gsod_aero,18.6,23.2,0,0,0,0,173630,17381,1,-50,-15,-32,-56,-42,11,9.255026889598589,12.2416892756177,8.8963143241848,9.255122514748075,.3701826527684805,8.261268150577648,8.450198322591959,12.06468187733818,1,0,0,0
2021-01-15,2021,1,5,0,0,0,0,0,0,-57,0,7109,5161,2493,3396,1176,44,659,2178,0,200,.110142073428049,200,116,127885.15,17.98918975945984,15.53333333333333,35.545,0,prcp_aero,28.6,tmax_obs,20.7,22.4,0,0,0,0,167617,17341,1,-55,-22,-54,-58,-43,14,8.869116865929483,11.758887874493,8.548885638148727,8.869257522797287,.3506822337881559,7.821242083523558,8.130353547431238,12.02943689386715,1,0,0,0
2021-01-16,2021,1,6,1,0,0,0,0,0,-56,0,8245,5719,3031,3691,1467,56,691,2126,0,200,.1705275924802911,200,283,173666.15,21.06320800485143,18.11666666666667,41.225,7.1,prcp_obs,32,tmax_gsod_aero,19.6,24.2,0,1,0,0,87824,14904,1,-50,-14,-43,-50,-16,9,9.0173622349937,12.06489005701499,8.651549243915316,9.017483513266845,.3676167374166162,8.016647877057803,8.213652703029998,11.38309009078967,1,0,0,0
2021-01-17,2021,1,7,1,0,0,0,0,0,-55,0,9233,6105,3584,4093,1501,55,573,2400,0,200,.239358821618109,201,471,221774.25,24.01973897974656,21.21666666666667,46.165,0,prcp_obs,31.7,tmax_obs,16,21.2,0,0,0,0,47261,11159,1,-47,-17,-19,-48,-10,7,9.130539301772627,12.30941525157719,8.716863386544805,9.130647603066935,.3881728582259287,8.18423477409482,8.317033476492403,10.76344071005999,1,0,0,0
2021-01-18,2021,1,1,0,0,0,0,0,0,-54,0,10887,7371,4011,4988,1825,63,613,2718,0,200,.1361256544502618,200,238,212337.0333333333,19.50372309482257,17.05,54.435,0,prcp_obs,27.5,tmax_gsod_aero,14.3,23.1,0,0,0,0,170201,17663,1,-49,-15,-33,-55,-42,12,9.295324695881179,12.26593007116608,8.905308661189288,9.295416544331301,.3684210526315789,8.296795865770053,8.514790306799927,12.04473537054481,1,0,0,0
2021-01-19,2021,1,2,0,0,0,0,0,0,-53,0,10534,7192,3850,4909,1707,68,542,2709,0,200,.1380292386557813,200,244,205388.9833333333,19.49772008100753,17.275,52.67,0,prcp_gsod_aero,31,tmax_gsod_aero,21.2,26.9,0,0,0,0,172754,17568,1,-49,-16,-25,-54,-42,12,9.262363400043334,12.2326609398548,8.880724576151456,9.26245832623829,.3654831972659958,8.255828427281831,8.498825534058053,12.05962389620989,1,0,0,0
2021-01-20,2021,1,3,0,0,0,0,0,0,-52,0,10611,7241,3945,4789,1807,70,615,2827,0,200,.1415512204316275,200,251,210585.95,19.84600414664028,17.25,53.055,0,prcp_gsod_aero,30.8,tmax_aero,23.2,27.6,0,0,0,0,174099,17385,1,-50,-13,-24,-54,-40,11,9.269646477873591,12.25764916230648,8.887514597388821,9.26974071525763,.3717839977381962,8.280204233279974,8.47407690034261,12.0673793819144,1,0,0,0
2021-01-21,2021,1,4,0,0,0,0,0,0,-51,0,10747,7361,3967,4945,1778,57,629,2854,0,200,.1396668837815204,201,234,209845.8166666667,19.52599019881517,17.18333333333333,53.735,0,prcp_gsod_aero,33.1,tmax_obs,22.2,26.6,0,0,0,0,171361,17622,1,-51,-15,-32,-55,-41,13,9.282381924841154,12.25412833368892,8.903951072058707,9.282474969735382,.3691262677956639,8.285765420514331,8.506132244056813,12.05152772133215,1,0,0,0
2021-01-22,2021,1,5,0,0,0,0,0,0,-50,0,10632,7288,3992,4911,1669,60,735,2899,0,200,.1395786305492852,200,210,207354.2333333333,19.50284361675445,16.98333333333333,53.16,0,prcp_gsod_aero,30,tmax_aero,22.6,26.8,0,0,0,0,174944,17578,1,-50,-14,-32,-53,-39,13,9.271623600393081,12.24218388183136,8.893984438939794,9.271717651651086,.3754702784048157,8.292047637431354,8.499232866039245,12.07222120169473,1,0,0,0
2021-01-23,2021,1,6,1,0,0,0,0,0,-49,0,8483,5791,3065,3916,1432,70,980,2892,0,199,.1660968996817164,201,306,192580.7166666667,22.70195881959999,18.3,42.62814070351759,0,prcp_gsod_aero,32,tmax_gsod_aero,24,28.6,0,0,0,0,92150,14897,1,-51,-17,-33,-45,-12,7,9.045819439807735,12.16827065218452,8.664060267225789,9.045937315684574,.3613108570081339,8.027802848370312,8.272826003650401,11.43117296309797,1,0,0,0
2021-01-24,2021,1,7,1,0,0,0,0,0,-48,0,7747,5271,2766,3581,1357,43,1042,3095,0,200,.191041693558797,200,336,171002.0333333333,22.0733230067553,19.05,38.735,0,prcp_gsod_aero,33.00000000000001,tmax_gsod_aero,25.5,29,0,0,0,0,43264,11095,1,-55,-26,-38,-49,-10,6,8.955060950631902,12.04943072625231,8.569975376855206,8.955190024526887,.3570414353943462,7.925157512224703,8.183397369998433,10.67507615940264,1,0,0,0
2021-01-25,2021,1,1,0,0,0,0,0,0,-47,0,9577,6505,3470,4494,1540,73,639,2846,0,200,.1190351884723817,200,179,180034.3,18.79861125613449,16.31666666666667,47.885,0,prcp_gsod_aero,33.5,tmax_aero,26,30.3,0,0,0,0,150555,16688,1,-54,-19,-41,-56,-41,12,9.16711966952162,12.1009026672745,8.780326390946605,9.167224080902555,.3623264070168111,8.151909872940905,8.410498452745275,11.92208374491601,1,0,0,0
2021-01-26,2021,1,2,0,0,0,0,0,0,-46,0,10086,6870,3722,4691,1629,44,594,2873,0,200,.1334523101328574,200,177,192020.4333333333,19.03831383435785,16.66666666666667,50.43,0,prcp_gsod_aero,35.5,tmax_obs,25.7,30,0,0,0,0,164907,17392,1,-51,-16,-33,-54,-41,13,9.21890360263667,12.16535706895844,8.834919385216395,9.219002745054835,.3690263731905612,8.222016437202196,8.453401058328458,12.01313695761639,1,0,0,0
2021-01-27,2021,1,3,0,0,0,0,0,0,-45,0,11161,7554,4094,5194,1811,62,632,3171,0,200,.1352029388047666,201,223,215903.4,19.34444942209479,16.88333333333333,55.805,0,prcp_gsod_aero,33.3,tmax_obs,22.7,27.6,0,0,0,0,174307,17729,1,-49,-10,-22,-53,-38,12,9.320180837655714,12.2825863644104,8.929832503272403,9.320270431348378,.3668130095869546,8.317277766221235,8.555259392222693,12.06857339134427,1,0,0,0
2021-01-28,2021,1,4,0,0,0,0,0,0,-44,0,8590,6171,3148,4015,1375,52,781,2882,0,200,.1244470314318976,200,152,159722.8166666667,18.59404152114862,16.18333333333333,42.95,3.048,prcp_gsod_aero,32.7,tmax_obs,21,24.7,0,1,0,0,178300,17679,1,-51,-13,-37,-53,-41,14,9.058354014978301,11.98119519604963,8.727616178321068,9.058470422638056,.3664726426076834,8.054522609537294,8.297792626380861,12.09122280385123,1,0,0,0
2021-01-29,2021,1,5,0,0,0,0,0,0,-43,0,9399,6650,3454,4302,1597,46,607,2816,0,200,.1422491754441962,200,220,183751.3666666667,19.55009752810583,17.1,46.995,15,prcp_obs,27,tmax_gsod_aero,18.6,23.9,0,1,1,0,174525,17719,1,-47,-9,-33,-52,-39,15,9.148358579620302,12.12133885468915,8.8023721336499,9.148464968258095,.3674859027556123,8.147288258706624,8.366835309827675,12.0698232768386,1,0,0,0
2021-01-30,2021,1,6,1,0,0,0,0,0,-42,0,4762,3660,1690,2254,787,31,1111,2145,0,200,.1085678286434271,200,103,86680.83333333333,18.20261094778105,15.46666666666667,23.81,0,prcp_obs,29.4,tmax_obs,16.77777777777778,21.1,0,0,0,0,80474,14644,1,-55,-16,-60,-52,-18,13,8.468423027046809,11.36998806950964,8.205218426395412,8.46863300080086,.3548929021419572,7.432483807917119,7.720461694599722,11.29568942987048,1,0,0,0
2021-01-31,2021,1,7,1,0,0,0,0,0,-41,0,4967,3596,1802,2356,771,38,701,1420,0,199,.1389168512180391,200,142,101289.3833333333,20.39246694852695,16.83333333333333,24.95979899497488,34,prcp_obs,24.1,tmax_obs,15.5,18.3,0,1,1,0,41251,10879,1,-49,-5,-56,-51,-16,12,8.510571315107351,11.52573688053252,8.187577395591511,8.510772623613315,.3627944433259513,7.496652438168283,7.764720544771477,10.62743063389323,1,0,0,0
2021-02-01,2021,2,1,0,0,0,0,0,0,-40,0,6212,4598,2181,3008,985,38,188,1970,0,200,.1157437218287186,200,103,115170.5,18.54000321957502,15.75,31.06,0,prcp_obs,23,tmax_gsod_aero,17.4,20.3,0,0,0,0,,,0,-50,-12,-51,-55,-43,15,8.734238184268579,11.65416891806188,8.433376705323127,8.734399150063695,.3510946555054733,7.687538766201629,8.00903068506973,,1,0,0,0
2021-02-02,2021,2,2,0,0,0,0,0,0,-39,0,10640,7175,3811,4997,1767,65,489,2734,0,200,.1300751879699248,201,205,204578.65,19.22731672932331,16.48333333333333,53.2,0,prcp_gsod_aero,25.72222222222222,tmax_gsod_aero,18.2,21.5,0,0,0,0,184520,17712,1,-43,-4,-27,-50,-41,13,9.272375762895635,12.2287077771037,8.878358040627822,9.272469743441732,.3581766917293233,8.24564690087386,8.516593011344206,12.12551313767176,1,0,0,0
2021-02-03,2021,2,3,0,0,0,0,0,0,-38,0,10922,7443,3905,5139,1800,78,657,2671,0,200,.1198498443508515,201,205,204694.4666666667,18.74148202404932,16.19166666666667,54.61,0,prcp_aero,26.4,tmax_obs,19.2,22.6,0,0,0,0,224652,18992,1,-45,-2,-31,-51,-39,13,9.298534382712099,12.22927373985592,8.915029272359911,9.298625936843543,.3575352499542208,8.270013062273787,8.54461378699223,12.32230781719627,1,0,0,0
2021-02-04,2021,2,4,0,0,0,0,0,0,-37,0,12233,8290,4408,5663,2089,73,682,3205,0,200,.145835036377013,201,266,240190.05,19.63459903539606,16.95,61.165,.5,prcp_aero,29,tmax_gsod_aero,17.3,23,0,0,0,0,,,0,-43,-3,-24,-48,-40,13,9.411892497046916,12.38918576395654,9.022805248129341,9.411974239802511,.3603367939180904,8.391176350832751,8.641709066113805,,1,0,0,0
2021-02-05,2021,2,5,0,0,0,0,0,0,-36,0,11909,8120,4263,5585,1982,79,838,3133,0,200,.1401461079855571,200,262,233460.2,19.60367789067092,17.13333333333333,59.545,0,prcp_aero,29.3,tmax_aero,16.2,22.6,0,0,0,0,,,0,-42,-1,-26,-46,-38,13,9.385049695767997,12.36076689188409,9.002085433155724,9.385133662349347,.357964564614997,8.357728416765211,8.627839711503301,,1,0,0,0
2021-02-06,2021,2,6,1,0,0,0,0,0,-35,0,10493,7150,3807,4833,1778,75,1155,3155,0,200,.1787858572381588,200,363,226489.1833333333,21.58478827154611,18.53333333333334,52.465,0,prcp_gsod_aero,29,tmax_gsod_aero,16.9,24.6,0,0,0,0,,,0,-41,-2,-20,-36,-11,6,9.25846364715791,12.33045246706216,8.874867635688053,9.258558944246657,.3628133041075002,8.244596756382498,8.483222671845084,,1,0,0,0
2021-02-07,2021,2,7,1,0,0,0,0,0,-34,0,9757,6526,3493,4545,1639,80,1122,3351,0,200,.208158245362304,200,408,223455.9,22.90211130470431,19.56666666666667,48.785,0,prcp_gsod_aero,33.1,tmax_obs,21,26.7,0,0,0,0,,,0,-44,-11,-20,-39,-12,5,9.18574025510795,12.31696935813027,8.783549477153265,9.185842740375783,.3579993850568822,8.158516244806831,8.421783006611578,,1,0,0,0
2021-02-08,2021,2,1,0,0,0,0,0,0,-33,0,10356,7138,3678,4845,1765,68,690,2846,0,200,.1206064117419853,201,167,190561.5,18.4010718424102,15.96666666666667,51.78,2,prcp_aero,32.2,tmax_obs,19.5,22.7,0,1,0,0,,,0,-46,-6,-39,-49,-41,12,9.245321340871428,12.15773025609467,8.873187904050106,9.24541789858888,.3551564310544612,8.210124405164267,8.485702524324866,,1,0,0,0
2021-02-09,2021,2,2,0,0,0,0,0,0,-32,0,10608,7269,3789,4965,1785,69,444,2410,0,200,.1192496229260935,200,190,197927.1666666667,18.65829248366013,16.13333333333333,53.04,0,prcp_obs,27.1,tmax_aero,17,21.2,0,0,0,0,,,0,-43,-6,-32,-47,-40,13,9.269363712425644,12.19565439688722,8.891374009484636,9.269457976459272,.357183257918552,8.239857411018601,8.510168576479273,,1,0,0,0
2021-02-10,2021,2,3,0,0,0,0,0,0,-31,0,10513,7355,3755,4841,1848,69,217,2589,0,200,.1358318272614858,201,195,204951.3666666667,19.49504106027458,17.01666666666667,52.565,9.398,prcp_gsod_aero,25.5,tmax_obs,19.5,19.7,0,1,0,0,,,0,-43,0,-26,-47,-38,12,9.26036786557583,12.23052799420333,8.903135633035538,9.260462981379394,.3571768286882907,8.230843564198235,8.484876589939695,,1,0,0,0
2021-02-11,2021,2,4,0,0,0,0,0,0,-30,0,9781,6807,3475,4611,1636,59,702,2199,0,200,.1092935282690931,201,147,194360.4833333333,19.87122823160549,15.81666666666667,48.905,0,,23.5,,13.9,18.7,1,0,0,1,,,0,-46,-6,-43,-48,-39,14,9.188197007290492,12.17746987531101,8.825706773447951,9.188299241099303,.3552806461507003,8.153349757998893,8.436200032206706,,1,0,0,0
2021-02-12,2021,2,5,0,0,0,0,0,0,-29,0,11109,7506,3999,5236,1818,56,629,2575,0,200,.1349356377711765,201,203,213575.9333333333,19.22548684250008,16.51666666666667,55.545,0,,23.5,,13.9,18.7,1,0,0,1,,,0,-41,2,-34,-45,-38,13,9.315510869581722,12.27174770805982,8.923457979694966,9.315600882633676,.3599783958952201,8.293799608846818,8.56331312702979,,1,0,0,0
2021-02-13,2021,2,6,1,0,0,0,0,1,-28,0,9112,6278,3229,4271,1555,57,1083,1817,0,200,.1651668129938543,200,337,189088.4833333333,20.75158947907521,17.75,45.56,0,,25.5,tmax_gsod_aero,19.6,24.9,1,0,0,0,106847,15403,1,-39,3,-36,-39,-13,8,9.117347505127018,12.1499703502712,8.744806737401898,9.117457244496126,.3543678665496049,8.079927770758275,8.359603270841467,11.57915318361004,1,0,0,0
2021-02-14,2021,2,7,1,0,0,0,0,1,-27,0,8371,5644,3084,3905,1334,48,918,2145,0,200,.2159837534344762,200,539,195468.3166666667,23.35065304822204,20.03333333333334,41.855,4.318000000000001,prcp_gsod_aero,26.22222222222223,tmax_gsod_aero,19.9,23.6,0,1,0,0,57816,11897,1,-31,0,-25,-38,-9,10,9.032528630660057,12.18315358218781,8.638348312972704,9.03264808356589,.3684147652610202,8.033982734683221,8.270013062273787,10.96502083296282,1,0,0,0
2021-02-15,2021,2,1,0,1,0,0,1,0,-26,0,11273,7466,4275,5208,1719,71,630,3007,0,200,.2229220260800142,200,645,260920.1666666667,23.14558384340164,20.46666666666667,56.365,2,prcp_obs,28.6,tmax_obs,18.5,22.8,0,1,0,0,64246,12542,1,-54,-21,-19,-66,-72,16,9.330165765044532,12.47196976467522,8.918114659474529,9.33025446864152,.3792246961767054,8.360539381370861,8.557951183888406,11.07047474401009,1,0,0,0
2021-02-16,2021,2,2,0,1,0,0,1,0,-25,0,10838,7232,3967,5048,1760,63,1076,3079,0,200,.1873039306145045,200,454,235251.6666666667,21.70618810358615,18.8,54.19,0,prcp_obs,28.8,tmax_obs,16.9,21.2,0,0,0,0,61118,12310,1,-58,-23,-26,-67,-72,16,9.29081375612606,12.36841114208424,8.886270902072013,9.290906019815751,.3660269422402657,8.285765420514331,8.52674740422105,11.02056170079192,1,0,0,0
2021-02-17,2021,2,3,0,0,0,0,0,0,-24,0,12715,8517,4567,5942,2117,89,592,3103,0,200,.1314195831694849,201,251,239321.0833333333,18.821949141434,16.61666666666667,63.575,0,prcp_gsod_aero,27,tmax_gsod_aero,18.1,22,0,0,0,0,210522,18128,1,-39,7,-15,-42,-37,11,9.45053767785622,12.3855613742083,9.049819445141081,9.450616322030694,.3591820684231223,8.426611813185,8.689801056022553,12.2573454397076,1,0,0,0
2021-02-18,2021,2,4,0,0,0,0,0,0,-23,0,13260,8851,4813,6226,2136,85,760,3338,0,200,.128657616892911,201,235,254084.6333333333,19.16173705379588,16.75,66.3,0,prcp_gsod_aero,28,tmax_gsod_aero,16.9,24.4,0,0,0,0,220743,18141,1,-42,2,-22,-42,-38,13,9.492507263739853,12.44542269260092,9.088285725968877,9.4925826756776,.3629713423831071,8.479075869303109,8.736489351001554,12.30475440788416,1,0,0,0
2021-02-19,2021,2,5,0,0,0,0,0,0,-22,0,13058,8777,4655,6223,2091,89,876,3312,0,200,.1321029254097105,201,286,257187.4833333333,19.69577908817073,16.65,65.29000000000001,0,prcp_gsod_aero,31.9,tmax_obs,21.6,24.7,0,0,0,0,216205,18209,1,-39,4,-22,-42,-35,13,9.477156251746578,12.45756060504996,9.079889942592118,9.477232830220407,.3564864450911319,8.445697189711167,8.736007384569218,12.28398231065433,1,0,0,0
2021-02-20,2021,2,6,1,0,0,0,0,0,-21,0,12066,8187,4427,5578,1981,80,1272,3515,0,200,.1790982927233549,200,498,260316.2333333333,21.57436046190397,18.71666666666667,60.33,0,prcp_gsod_aero,24.22222222222222,tmax_gsod_aero,22.5,24.7,0,0,0,0,116594,15741,1,-35,7,-10,-33,-11,7,9.398146859000708,12.46965245297715,9.010302809376448,9.398229733073601,.3668987236863915,8.395477432732141,8.626585568187434,11.66645309359854,1,0,0,0
2021-02-21,2021,2,7,1,0,0,0,0,0,-20,0,11424,7594,4207,5292,1863,62,1314,3667,0,199,.2161239495798319,200,545,264574.9166666667,23.15956903594771,20.06666666666667,57.4070351758794,0,prcp_gsod_aero,28,tmax_gsod_aero,18.2,28.3,0,0,0,0,58496,12252,1,-38,-3,-11,-36,-13,7,9.343471684579365,12.48587972899133,8.935113740791747,9.343559215762406,.3682598039215687,8.344505083590521,8.573951525234847,10.97671365481382,1,0,0,0
2021-02-22,2021,2,1,0,0,0,0,0,0,-19,0,8399,6104,2940,4042,1368,49,689,2393,0,200,.1132277652101441,201,160,153501.1166666667,18.27611818867326,15.9,41.995,29.972,prcp_gsod_aero,30.5,tmax_obs,18.9,24.3,0,1,1,0,188038,18260,1,-47,-9,-46,-49,-40,15,9.035867930125628,11.94146312068434,8.716699572964293,9.035986984831405,.3500416716275747,7.986164860332727,8.304494897963567,12.14439934904662,1,0,0,0
2021-02-23,2021,2,2,0,0,0,0,0,0,-18,0,13639,9037,5031,6313,2215,80,540,3235,0,200,.1389398049710389,200,289,267652.8166666667,19.6240792335704,16.98333333333333,68.19499999999999,.508,prcp_gsod_aero,27.6,tmax_obs,17.9,23.1,0,0,0,0,221811,18752,1,-37,4,-11,-40,-36,12,9.520688614926876,12.49744595946003,9.109082539901955,9.520761931397454,.3688686853874917,8.523374050491318,8.750366278367626,12.30958094689769,1,0,0,0
2021-02-24,2021,2,3,0,0,0,0,0,0,-17,0,13612,9152,4892,6406,2226,88,827,3407,0,200,.1315016162209815,201,256,259996.6833333333,19.10054976001567,16.68333333333333,68.06,0,prcp_gsod_aero,31,tmax_gsod_aero,17.4,24.1,0,0,0,0,220421,18841,1,-38,5,-10,-41,-34,11,9.518707035620796,12.46842415350604,9.121727713619579,9.518780497512474,.3593887746106377,8.495356496807062,8.764990330169104,12.30329463302864,1,0,0,0
2021-02-25,2021,2,4,0,0,0,0,0,0,-16,0,12821,8704,4708,5977,2059,77,870,3301,0,200,.1290070977302862,200,227,244670.3166666667,19.08355952473806,16.6,64.105,0,prcp_gsod_aero,31,tmax_aero,18.2,25.2,0,0,0,0,228979,18973,1,-40,1,-21,-41,-35,12,9.4588397305527,12.4076669370734,9.071537969095724,9.458917724547202,.3672100460182513,8.457018468380168,8.695674048824253,12.34138557527463,1,0,0,0
2021-02-26,2021,2,5,0,0,0,0,0,0,-15,0,12829,8755,4554,6101,2081,93,895,3376,0,200,.1361758515862499,200,256,247517.85,19.29361992361057,16.76666666666667,64.145,0,prcp_gsod_aero,32.5,tmax_obs,23.2,27.3,0,0,0,0,226216,18758,1,-37,5,-19,-40,-33,12,9.459463512249339,12.41923797960239,9.077380244719953,9.459541457609682,.3549770052225427,8.423761246623686,8.716207971151853,12.32924557402647,1,0,0,0
2021-02-27,2021,2,6,1,0,0,0,0,0,-14,0,11879,8061,4314,5531,1952,82,1359,3575,0,200,.1703005303476724,200,387,252387,21.24648539439347,18.2,59.395,0,prcp_gsod_aero,31,tmax_obs,22.4,26,0,0,0,0,122007,15925,1,-33,11,-9,-29,-10,6,9.382527414289539,12.43871890277599,8.994792897283601,9.382611592916636,.363161882313326,8.369620826949102,8.618123909994678,11.71183369911857,1,0,0,0
2021-02-28,2021,2,7,1,0,0,0,0,0,-13,0,11032,7583,4041,5153,1750,88,1323,3502,0,200,.2089376359680928,201,482,252208.9333333333,22.86157843848199,19.65,55.16,0,prcp_gsod_aero,29.9,tmax_obs,22.6,25.9,0,0,0,0,57543,12085,1,-37,3,-12,-34,-12,6,9.308555419473137,12.43801312350868,8.933664178700935,9.308646060760307,.3662980420594634,8.304247465078474,8.547334348328224,10.9602877733898,1,0,0,0
2021-03-01,2021,3,1,0,0,0,0,0,0,-12,0,13198,8923,4767,6212,2142,77,776,3237,0,200,.1280497045006819,201,260,249325.0166666667,18.89112112946406,16.58333333333333,65.99,0,prcp_gsod_aero,29.8,tmax_obs,22.9,26.1,0,0,0,0,,,0,-38,4,-24,-42,-35,12,9.487820581943367,12.42651261211722,9.096387491900151,9.487896348128954,.3611910895590241,8.469472455204826,8.734238184268579,,1,0,0,0
2021-03-02,2021,3,2,0,0,0,0,0,0,-11,0,13312,8950,4891,6230,2109,82,659,3216,0,200,.12890625,200,269,255294.7,19.17778695913462,16.81666666666667,66.56,0,prcp_gsod_aero,28,tmax_gsod_aero,23.5,26,0,0,0,0,146028,14653,1,-36,6,-14,-41,-35,12,9.49642116306099,12.45017384312376,9.099408811268901,9.496496280431916,.3674128605769231,8.495152060539358,8.737131611781498,11.8915536631248,1,0,0,0
2021-03-03,2021,3,3,0,0,0,0,0,0,-10,0,13613,9197,4929,6374,2232,78,846,3480,0,200,.1309042826709763,200,246,258298.4666666667,18.97439702245403,16.81666666666667,68.065,0,prcp_gsod_aero,29.9,tmax_obs,23.4,26,0,0,0,0,234638,19225,1,-36,12,-12,-40,-33,11,9.518780497512474,12.46187104281647,9.126632622902697,9.518853954007897,.3620803643575993,8.502891406705377,8.759982494977281,12.36579917991913,1,0,0,0
2021-03-04,2021,3,4,0,0,0,0,0,0,-9,0,13632,9288,4907,6476,2165,84,902,3501,0,200,.1288879107981221,200,260,257486.4333333333,18.88838272691706,16.49166666666667,68.16,0,prcp_gsod_aero,29,tmax_obs,23.5,25.7,0,0,0,0,,,0,-38,9,-20,-40,-34,12,9.520175249069098,12.45872231161382,9.136478523377727,9.520248603186129,.3599618544600939,8.498418036089904,8.775858314797526,,1,0,0,0
2021-03-05,2021,3,5,0,0,0,0,0,0,-8,0,13958,9533,5046,6610,2221,81,973,3482,0,200,.1365525146869179,201,273,303861.8,21.76972345608253,16.65,69.79000000000001,0,prcp_gsod_aero,29.2,tmax_obs,19.5,22.7,0,0,0,0,,,0,-32,14,-18,-37,-32,12,9.543808099577097,12.6243282717609,9.162514742493578,9.543879740512757,.361513110760854,8.526351129201004,8.796338932845732,,1,0,0,0
2021-03-06,2021,3,6,1,0,0,0,0,0,-7,0,12346,8556,4553,5715,2000,78,1295,3530,0,200,.1847561963388952,201,447,266694.8166666667,21.60171850531886,18.35,61.73,0,prcp_gsod_aero,23.22222222222222,tmax_gsod_aero,14.1,20.7,0,0,0,0,,,0,-27,18,-6,-26,-10,6,9.421087402953841,12.49386027491063,9.054388070202297,9.421168397567744,.3687834116312976,8.423541635334782,8.650849576228911,,1,0,0,0
2021-03-07,2021,3,7,1,0,0,0,0,0,-6,0,11551,7912,4308,5422,1753,68,1442,3694,0,200,.2083802268201887,201,515,261128.4333333333,22.60656508815976,19.68333333333333,57.755,0,prcp_gsod_aero,27,tmax_gsod_aero,16,23.2,0,0,0,0,,,0,-32,8,-2,-29,-13,6,9.35452729228868,12.47276764700923,8.976135873302548,9.354613861132608,.3729547225348455,8.368229038276279,8.598220030058611,,1,0,0,0
2021-03-08,2021,3,1,0,0,0,0,0,0,-5,0,13428,9205,4740,6387,2219,82,847,3306,0,200,.1178879952338397,200,245,248477.8666666667,18.50445834574521,16.11666666666667,67.14,0,prcp_gsod_aero,32,tmax_gsod_aero,21.1,26.2,0,0,0,0,,,0,-35,7,-16,-38,-34,11,9.505097358099926,12.42310905281228,9.127502093667179,9.505171826581176,.3529937444146559,8.463792414689122,8.762019953561589,,1,0,0,0
2021-03-09,2021,3,2,0,0,0,0,0,0,-4,0,13956,9466,5094,6507,2256,99,616,3300,0,205,.1347090856979077,208,264,263525.1666666667,18.88257141492309,16.41666666666667,68.07804878048781,0,prcp_gsod_aero,33.5,tmax_obs,15.1,21.1,0,0,0,0,,,0,-34,10,-11,-37,-33,11,9.543664802306665,12.48190415157425,9.155461710466193,9.543736453508645,.3650042992261393,8.535818655539403,8.780633799494984,,1,0,0,0
2021-03-10,2021,3,3,0,0,0,0,0,0,-3,0,13441,9282,4846,6328,2198,69,692,3189,0,208,.1284874637303772,209,241,253129.7833333333,18.83266002033579,16.41666666666667,64.62019230769231,0,prcp_gsod_aero,26.11111111111111,tmax_gsod_aero,18.9,23.7,0,0,0,0,,,0,-35,13,-9,-37,-31,11,9.506065016071148,12.44165761378373,9.135832319801121,9.506139412529912,.3605386503980358,8.485908901376471,8.752739509447491,,1,0,0,0
2021-03-11,2021,3,4,0,0,0,0,0,0,-2,0,11990,8499,4348,5720,1847,75,632,2837,0,215,.1260216847372811,216,245,226083.4166666667,18.85599805393384,16.5,55.76744186046512,0,prcp_gsod_aero,31,tmax_gsod_aero,21.5,25.8,0,0,0,0,,,0,-37,8,-21,-39,-32,12,9.391828248021559,12.32865931044865,9.047703788498627,9.391911647379434,.3626355296080067,8.377471248241101,8.651724084373843,,1,0,0,0
2021-03-12,2021,3,5,0,0,0,0,0,0,-1,0,12456,8728,4388,5944,2037,87,861,2991,0,217,.1372832369942197,219,227,237143.9833333333,19.03853430742882,16.40833333333334,57.40092165898618,0,prcp_gsod_aero,31.2,tmax_obs,20,24.4,0,0,0,0,,,0,-34,10,-19,-36,-30,12,9.429957713513835,12.37642276026212,9.074291527512907,9.430037992886092,.3522800256904303,8.386628821395121,8.690137586397595,,1,0,0,0
2021-03-13,2021,3,6,1,0,0,0,0,0,0,1,3916,3046,1348,1848,687,33,507,1053,0,217,.2653217568947906,222,94,103982.7,26.55329417773238,20.94166666666667,18.04608294930875,0,prcp_gsod_aero,29,tmax_obs,18.4,23.7,0,0,0,0,134465,17327,1,-27,15,-4,-25,-10,6,8.272826003650401,11.55197981813261,8.021584533455107,8.27308133366583,.3442288049029622,7.206377291472252,7.521859252201629,11.80905922111181,1,0,0,0
2021-03-14,2021,3,7,1,0,0,0,0,0,1,1,2707,2018,987,1297,405,18,363,874,0,214,.3088289619504987,225,50,74406.26666666666,27.48661494889792,22.58333333333333,12.64953271028037,0,prcp_gsod_aero,29,tmax_gsod_aero,19.3,24.7,0,0,0,0,66883,13651,1,-34,5,-8,-30,-14,7,7.903596289614301,11.21729544666477,7.609862200913554,7.903965634032166,.3646102696712227,6.894670039433482,7.167809184316444,11.11070010321189,1,0,0,0
2021-03-15,2021,3,1,0,0,0,0,0,0,2,1,10022,6959,3527,4787,1648,60,424,1508,0,224,.1085611654360407,227,180,184214.05,18.38096687287966,15.61666666666667,44.74107142857143,0,,30.5,tmax_obs,21.2,24.4,1,0,0,0,250688,20867,1,-37,5,-27,-39,-31,12,9.21253795551967,12.12385367568168,8.84779106484485,9.212637731024866,.3519257633206945,8.168202930236053,8.473659189392508,12.4319644170255,1,0,0,0
2021-03-16,2021,3,2,0,0,0,0,0,0,3,1,8436,5987,2943,4083,1347,63,399,2026,0,224,.0968468468468468,228,102,147586.35,17.49482574679943,14.8,37.66071428571429,3.81,prcp_gsod_aero,27,tmax_obs,21.5,22.6,0,1,0,0,250016,20828,1,-40,2,-36,-39,-32,13,9.040263541598666,11.9021687071972,8.697345730925353,9.040382074165628,.3488620199146515,7.987184748233473,8.314587291319576,12.42928019479647,1,0,0,0
2021-03-17,2021,3,3,0,0,0,0,0,0,4,1,9064,6435,3230,4370,1408,56,503,2144,0,225,.1095542806707855,229,137,170149.2833333333,18.77198624595469,15.36666666666667,40.28444444444445,1.5,prcp_obs,23.7,tmax_obs,17.72222222222222,19.3,0,1,0,0,263074,21408,1,-38,7,-30,-39,-31,13,9.112065802707843,12.04443146795035,8.769507120030227,9.112176123188952,.3563548102383054,8.080237416216702,8.382518288089635,12.48019064040441,1,0,0,0
2021-03-18,2021,3,4,0,0,0,0,0,0,5,1,10795,7517,3848,5153,1728,66,540,2356,0,227,.1192218619731357,230,163,201273.9333333333,18.64510730276362,16.03333333333334,47.55506607929515,0,prcp_gsod_aero,20.8,tmax_obs,10.5,16.2,0,0,0,0,294287,21418,1,-35,9,-16,-34,-30,12,9.286838342948908,12.21242211160543,8.924922401177469,9.286930974137896,.3564613246873553,8.255308811785596,8.547334348328224,12.59231076063295,1,0,0,0
2021-03-19,2021,3,5,0,0,0,0,0,0,6,1,10556,7327,3706,5082,1695,73,625,2235,0,226,.1149109511178477,229,154,196349.6666666667,18.60076417835039,15.95,46.70796460176991,0,prcp_gsod_aero,22,tmax_gsod_aero,12.4,17.9,0,0,0,0,273214,21211,1,-34,11,-22,-35,-28,13,9.264449697623215,12.18765236235596,8.899321434159964,9.264544425989694,.3510799545282304,8.217708406845306,8.533460163880109,12.51801064987533,1,0,0,0
2021-03-20,2021,3,6,1,0,0,0,0,0,7,1,1720,1397,574,861,273,12,322,733,0,208,.2168604651162791,221,49,37992.41666666666,22.08861434108527,18.46666666666667,8.26923076923077,17.5,prcp_obs,24.2,tmax_obs,17,19.6,0,1,1,0,111696,16883,1,-38,8,-48,-38,-18,13,7.450079569807499,10.54514185738999,7.242082359256962,7.450660796211539,.3337209302325582,6.352629396319567,6.758094504427731,11.62353617421018,1,0,0,0
2021-03-21,2021,3,7,1,0,0,0,0,0,8,1,3419,2545,1212,1612,563,32,324,784,0,222,.3410353904650483,226,178,96624.64999999999,28.26108511260602,24.45,15.4009009009009,0,prcp_gsod_aero,23.22222222222222,tmax_gsod_aero,15.5,19.3,0,0,0,0,72532,14094,1,-27,12,0,-26,-14,9,8.137103389639302,11.47858916363219,7.841885928984623,8.137395830056651,.3544896168470313,7.10002716662926,7.385230923066573,11.19178312277392,1,0,0,0
2021-03-22,2021,3,1,0,0,0,0,0,0,9,1,10516,7199,3681,5166,1618,51,435,2016,0,227,.1166793457588437,230,171,191664.3,18.22596995055154,15.91666666666667,46.32599118942731,0,prcp_gsod_aero,24.4,tmax_obs,13.6,19.3,0,0,0,0,263632,20839,1,-35,7,-24,-37,-29,12,9.260653185849773,12.16350068320906,8.881697406469304,9.260748274520028,.350038037276531,8.210939733379021,8.549853973655786,12.48230947029721,1,0,0,0
2021-03-23,2021,3,2,0,0,0,0,0,0,10,1,11630,8072,4152,5515,1873,90,473,2483,0,226,.1269991401547722,229,187,216752.25,18.63733877901978,16.20833333333333,51.46017699115044,0,prcp_gsod_aero,23.72222222222223,tmax_gsod_aero,15.5,20.7,0,0,0,0,276809,21265,1,-27,11,-5,-32,-28,9,9.36134324551271,12.28651027521175,8.996156562033445,9.361429226339039,.3570077386070507,8.331345424845724,8.615226931687603,12.53108301664794,1,0,0,0
2021-03-24,2021,3,3,0,1,0,0,1,0,11,1,6297,4585,2281,2920,1062,34,792,1360,0,225,.2494838812132762,228,233,381087.35,60.51887406701604,19.61666666666667,27.98666666666667,0,,25.72222222222222,tmax_gsod_aero,19.2,22.8,1,0,0,0,101279,14627,1,-49,-7,5,-56,-68,19,8.747828608488742,12.85078389292348,8.430545384690566,8.74798740166097,.3622359853898682,7.732369222284388,7.979338895262328,11.52563436371157,1,0,0,0
2021-03-25,2021,3,4,0,0,0,0,0,0,12,1,3304,2603,1132,1670,478,24,150,1330,0,221,.0926150121065375,228,33,55985.71666666667,16.94482949959645,14.4,14.95022624434389,64,prcp_obs,27.4,tmax_obs,20.2,21.3,0,1,1,0,227924,20857,1,-53,-15,-58,-48,-34,17,8.102889134640869,10.93285187766026,7.864419904994565,8.103191752285786,.3426150121065376,7.031741258763129,7.420578905410801,12.33676751903534,1,0,0,0
2021-03-26,2021,3,5,0,0,0,0,0,0,13,1,9781,6859,3381,4741,1599,60,508,2081,0,226,.1202331049994888,230,135,179231.3333333333,18.32443853730021,15.95,43.2787610619469,2.032,prcp_gsod_aero,23.22222222222222,tmax_gsod_aero,18.6,21.1,0,1,0,0,271363,21132,1,-35,13,-27,-35,-28,14,9.188197007290492,12.09643261542876,8.833316937499321,9.188299241099303,.3456701768735303,8.125926802707886,8.464003362902119,12.51121268694909,1,0,0,0
2021-03-27,2021,3,6,1,0,0,0,0,0,14,1,2848,2194,1028,1341,462,17,380,819,0,219,.2622893258426967,224,90,70139.98333333334,24.62780313670412,20.4,13.00456621004566,2.286,prcp_gsod_aero,23.5,tmax_aero,18.5,20.8,0,1,0,0,129465,17430,1,-30,17,-25,-29,-13,11,7.954372272531867,11.15824828607414,7.693481640835175,7.954723334497908,.3609550561797753,6.93537044601511,7.201170883281678,11.77116585332187,1,0,0,0
2021-03-28,2021,3,7,1,0,0,1,0,0,15,1,3301,2454,1272,1520,487,22,317,773,0,221,.3504998485307483,226,200,93996.66666666667,28.47520953246491,23.96666666666667,14.93665158371041,0,prcp_gsod_aero,24.7,tmax_obs,16.8,20.4,0,0,0,0,65456,13679,1,-32,9,-6,-29,-16,11,8.101980731853193,11.45101459963048,7.805474625270857,8.102283624480073,.3853377764313845,7.148345743900068,7.326465613840322,11.08913344016918,1,0,0,0
2021-03-29,2021,3,1,0,0,0,1,0,0,16,1,10436,7146,3757,4935,1674,70,457,2225,0,227,.1207359141433499,230,150,193886.8,18.57865082407053,15.98333333333333,45.97356828193833,0,prcp_gsod_aero,24.7,tmax_obs,17,20.2,0,0,0,0,265154,21130,1,-36,7,-24,-37,-29,13,9.253016646256619,12.17502976258544,8.874308038583354,9.253112463820052,.3600038328861633,8.231376045573969,8.504107951867582,12.48806606825198,1,0,0,0
2021-03-30,2021,3,2,0,0,0,0,0,0,17,1,10690,7394,3875,5110,1651,54,446,2151,0,226,.1313376987839102,230,167,205959.1833333333,19.2665279077019,16.51666666666667,47.30088495575221,0,prcp_gsod_aero,24,tmax_obs,13.1,19.2,0,0,0,0,267067,21058,1,-33,9,-10,-35,-28,11,9.27706400401909,12.23543328898099,8.908424139496578,9.2771575450135,.362488306828812,8.262300941787448,8.538954683197749,12.49525484223272,1,0,0,0
2021-03-31,2021,3,3,0,0,0,0,0,0,18,1,10830,7411,3877,5160,1715,78,495,2205,0,226,.1257617728531856,231,165,215932.1833333333,19.93833641120345,16.21666666666667,47.92035398230089,0,prcp_gsod_aero,24,tmax_obs,15.2,19.9,0,0,0,0,280034,21076,1,-28,22,-6,-31,-28,9,9.290075339995036,12.28271967131926,8.910720661951359,9.290167671835738,.3579870729455217,8.262816937670928,8.548691858475609,12.54266630335096,1,0,0,0
2021-04-01,2021,4,4,0,0,1,0,1,0,19,1,7882,5523,2785,3782,1264,51,663,1887,0,225,.1594772900279117,228,241,160671.1833333333,20.38457032901971,17.38333333333333,35.03111111111111,0,prcp_gsod_aero,22.5,tmax_aero,18.6,20.8,0,0,0,0,,,0,-37,20,-20,-48,-52,14,8.972336957754949,11.98711521600269,8.616676469901188,8.972463821059908,.3533367165693986,7.932003152361385,8.238008249218403,,1,0,0,0
2021-04-02,2021,4,5,0,1,0,0,1,0,20,1,4186,3001,1512,2033,619,22,349,907,0,225,.369326325848065,229,367,123805.4666666667,29.5760789934703,24.28333333333334,18.60444444444444,0,prcp_gsod_aero,23,tmax_aero,18.5,21.2,0,0,0,0,191833,17914,1,-57,-14,-16,-63,-72,22,8.339500903005945,11.7264667955006,8.006700845440367,8.339739766019143,.3612040133779264,7.321188556739478,7.617267813628347,12.16438048085499,1,0,0,0
2021-04-03,2021,4,6,1,0,0,1,0,1,21,1,3787,2631,1456,1761,539,31,307,788,0,227,.3316609453393187,230,260,110324.1,29.13232109849485,23.46666666666667,16.68281938325991,0,prcp_gsod_aero,23.11111111111111,tmax_gsod_aero,18.7,21.9,0,0,0,0,182254,15001,1,-33,12,-9,-33,-16,9,8.239329427901796,11.61117767638863,7.875119281040293,8.239593454305968,.3844731977818854,7.283448228756631,7.473637108496206,12.11315659750385,1,0,0,0
2021-04-04,2021,4,7,1,0,0,1,0,1,22,1,2829,2056,1046,1358,406,19,265,632,0,218,.3630258041710852,224,203,85618.86666666667,30.26471073406386,25.16666666666667,12.97706422018349,0,prcp_gsod_obs,23.5,tmax_aero,19.1,22.2,0,0,0,0,,,0,-40,-1,-17,-31,-11,5,7.947678571301568,11.35766094282865,7.628517626575055,7.948031990637284,.3697419582891481,6.952728644624869,7.213768308118642,,1,0,0,0
2021-04-05,2021,4,1,0,0,0,0,0,0,23,1,9963,6818,3636,4732,1541,54,401,2058,0,227,.1232560473752886,229,189,184922.1333333333,18.56088862123189,15.88333333333333,43.88986784140969,0,prcp_gsod_aero,26,tmax_gsod_aero,20.8,23.9,0,0,0,0,,,0,-37,6,-21,-38,-29,12,9.206633510044856,12.12769011455591,8.827321452697849,9.206733876382071,.3649503161698284,8.19863945529737,8.462103225098277,,1,0,0,0
2021-04-06,2021,4,2,0,0,0,0,0,0,24,1,10388,7200,3709,4958,1655,66,428,2145,0,226,.1277435502502888,229,179,195598.6,18.82928378898729,16.4,45.9646017699115,0,prcp_gsod_aero,26,tmax_aero,20.1,24.4,0,0,0,0,,,0,-36,10,-14,-36,-29,13,9.248406572782638,12.18381987909303,8.881836305004146,9.248502833070532,.3570465922217944,8.218517577489591,8.508757712595136,,1,0,0,0
2021-04-07,2021,4,3,0,0,0,0,0,0,25,1,10466,7180,3727,4991,1703,45,473,2131,0,225,.1245939231798204,227,157,197364.0666666667,18.85764061405185,16.10833333333333,46.51555555555556,0,prcp_gsod_aero,27,tmax_gsod_aero,22,25.1,0,0,0,0,,,0,-36,16,-10,-37,-29,12,9.255887186932153,12.19280535631456,8.87905466204227,9.255982729854884,.3561054844257596,8.223358899479258,8.515391569469609,,1,0,0,0
2021-04-08,2021,4,4,0,0,0,0,0,0,26,1,8228,5933,2969,3915,1293,51,476,762,0,225,.1135148274185707,228,127,150669.4,18.31178901312591,15.85,36.56888888888889,0,,29.4,tmax_obs,21.4,24.4,1,0,0,0,,,0,-42,5,-32,-38,-30,15,9.015298250772847,11.92284331157462,8.688285266258644,9.015419779605713,.3608410306271269,7.99598047476376,8.272570608424903,,1,0,0,0
2021-04-09,2021,4,5,0,0,0,0,0,0,27,1,6506,4753,2190,3296,981,39,126,1304,0,226,.1200430371964341,229,98,118838.55,18.26599292960344,15.75,28.78761061946903,32,prcp_obs,26.2,tmax_obs,20.5,21.5,0,1,1,0,,,0,-45,6,-47,-45,-31,18,8.780480107033297,11.68552112822308,8.46653127661401,8.780633799494984,.3366123578235475,7.691656822810547,8.100464891029363,,1,0,0,0
2021-04-10,2021,4,6,1,0,0,0,0,0,28,1,1495,1168,537,736,211,11,155,397,0,209,.2374581939799331,222,42,33838.68333333333,22.63457079152731,17.96666666666667,7.15311004784689,0,prcp_obs,23.4,tmax_obs,20.2,21.3,0,0,0,0,,,0,-43,13,-57,-43,-19,16,7.309881485824787,10.42935990437376,7.063048163388173,7.310550158534422,.3591973244147158,6.285998094508865,6.601230118728877,,1,0,0,0
2021-04-11,2021,4,7,1,0,0,0,0,0,29,1,2703,1998,1003,1225,441,34,112,527,0,219,.3392526822049575,226,122,74467.68333333333,27.55001233197682,23.75,12.34246575342466,9.143999999999998,prcp_gsod_aero,21.7,tmax_obs,15,19.4,0,1,0,0,,,0,-38,14,-35,-42,-23,16,7.902117546276448,11.21812052949693,7.599901959208498,7.902487437162855,.3710691823899371,6.910750787961936,7.110696122978827,,1,0,0,0
2021-04-12,2021,4,1,0,0,0,0,0,0,30,1,9711,6717,3500,4542,1598,71,220,1737,0,226,.1394295129234888,228,175,186906.4,19.24687467819998,16.9,42.96902654867257,0,prcp_aero,24,tmax_gsod_aero,11.8,18.1,0,0,0,0,,,0,-39,8,-26,-42,-29,15,9.181014542594355,12.13836323576803,8.812396905266864,9.181117513299279,.3604160230666255,8.160518247477505,8.421122722665503,,1,0,0,0
2021-04-13,2021,4,2,0,0,0,0,0,0,31,1,10268,7079,3688,4874,1637,69,231,1844,0,226,.1337164004674718,229,163,197183.1,19.2036521231009,16.65833333333334,45.43362831858407,0,prcp_gsod_aero,25.8,tmax_obs,12,19,0,0,0,0,213495,20566,1,-39,9,-17,-42,-30,15,9.236787541991031,12.19188801768108,8.86488793377419,9.236884927198295,.3591741332294507,8.212839584676484,8.491670234185152,12.27136869217284,1,0,0,0
2021-04-14,2021,4,3,0,0,0,0,0,0,32,1,10714,7267,3834,5071,1753,56,256,1908,0,226,.1412170991226433,229,160,205683.8833333333,19.19767438242798,16.73333333333333,47.4070796460177,0,prcp_gsod_aero,25.8,tmax_obs,14,18.9,0,0,0,0,210049,20427,1,-39,14,-14,-42,-31,14,9.279306576440906,12.2340957222231,8.891098830616636,9.279399907907678,.3578495426544708,8.251663923605589,8.531293315795018,12.25509611581495,1,0,0,0
2021-04-15,2021,4,4,0,0,0,0,0,0,33,1,10427,7125,3661,4984,1705,77,311,1834,0,226,.136376714299415,229,148,201612.9333333333,19.33566062466034,16.98333333333333,46.13716814159292,0,prcp_gsod_aero,24,tmax_gsod_aero,15.6,20.5,0,0,0,0,211256,20522,1,-41,8,-27,-44,-30,16,9.252153874789594,12.21410496656076,8.871365005136852,9.252249775053393,.3511077011604488,8.205491613120236,8.513988060467289,12.26082594718294,1,0,0,0
2021-04-16,2021,4,5,0,0,0,0,0,0,34,1,9249,6494,3292,4369,1533,55,318,912,0,226,.146394204778895,229,128,184287.0833333333,19.92508199084586,17.3,40.92477876106194,0,prcp_gsod_aero,23.7,tmax_aero,16.4,20.7,0,0,0,0,204607,19732,1,-48,7,-28,-45,-30,19,9.13227071655426,12.12425005619552,8.778633952662791,9.132378830506472,.3559303708509028,8.099250561796961,8.382289428951436,12.22884634501314,1,0,0,0
2021-04-17,2021,4,6,1,0,0,0,0,0,35,1,5233,3721,1948,2291,956,38,118,412,0,226,.314733422510988,230,238,150327.7666666667,28.72688069303777,22.43333333333333,23.15486725663717,0,prcp_gsod_aero,26.3,tmax_obs,16.2,20.7,0,0,0,0,85685,15521,1,-44,14,-16,-41,-16,15,8.562740006372207,11.92057330030629,8.221747728346623,8.562931083090092,.3722530097458437,7.574558484202481,7.736743682453495,11.35843306009495,1,0,0,0
2021-04-18,2021,4,7,1,0,0,0,0,0,36,1,3386,2494,1260,1528,569,29,63,260,0,223,.3789131718842292,227,190,100230.2666666667,29.60137822405985,25.1,15.18385650224215,0,prcp_gsod_aero,25.7,tmax_obs,17.6,20.2,0,0,0,0,36516,11273,1,-49,3,-26,-47,-24,16,8.12740456269308,11.51522548456278,7.821643126239982,8.127699852817772,.3721204961606616,7.138866999945524,7.331714969726466,10.50550579968497,1,0,0,0
2021-04-19,2021,4,1,0,0,0,0,0,0,37,1,8792,6181,3114,4131,1493,54,180,782,0,227,.1388762511373976,229,131,170862.2,19.43382620564149,17.20833333333333,38.73127753303965,0,prcp_gsod_aero,23,tmax_gsod_aero,17.4,21.2,0,0,0,0,179964,19868,1,-47,-2,-29,-49,-35,18,9.081597496083457,12.04861266266158,8.729235349659273,9.081711229379001,.3541856232939036,8.043663352393944,8.326274787396764,12.10051210986968,1,0,0,0
2021-04-20,2021,4,2,0,0,0,0,0,0,38,1,10186,7067,3676,4755,1695,60,187,860,0,227,.1506970351462792,229,171,202160.2166666667,19.84686988677269,17.43333333333333,44.87224669603524,0,prcp_gsod_aero,25.1,tmax_obs,18.3,21.6,0,0,0,0,192578,20010,1,-44,4,-18,-45,-32,17,9.22876950744455,12.21681581381984,8.863191340690854,9.228867676590067,.3608874926369527,8.209580483475577,8.466951974979491,12.16825654544592,1,0,0,0
2021-04-21,2021,4,3,0,0,0,0,0,0,39,1,9990,6895,3584,4635,1700,71,194,924,0,227,.1406406406406406,230,170,194803.1166666667,19.49981147814481,16.93333333333333,44.00881057268722,0,prcp_gsod_aero,24,tmax_aero,18.7,21.7,0,0,0,0,193295,19946,1,-45,8,-16,-46,-32,16,9.2093398716426,12.17974466937812,8.838551790227402,9.209439966733019,.3587587587587587,8.18423477409482,8.441391477999956,12.17197279833317,1,0,0,0
2021-04-22,2021,4,4,0,0,0,0,0,0,40,1,9750,6783,3475,4587,1634,54,211,959,0,224,.1313846153846154,226,127,188275.3833333333,19.31029572649573,16.98333333333333,43.52678571428572,0,prcp_gsod_aero,25.4,tmax_obs,19,21.7,0,0,0,0,194327,20086,1,-48,4,-29,-47,-33,18,9.185022563991893,12.14566097499634,8.82217476094608,9.185125122835119,.3564102564102564,8.153349757998893,8.430981494597171,12.177297586082,1,0,0,0
2021-04-23,2021,4,5,0,0,0,0,0,0,41,1,9547,6712,3486,4436,1562,63,219,482,0,227,.1387870535246674,229,153,185474.9,19.42755839530743,16.86666666666667,42.05726872246696,0,,24.22222222222222,tmax_gsod_aero,16.72222222222223,22.6,1,0,0,0,195655,20129,1,-47,7,-27,-46,-31,19,9.163982247998034,12.13067484190136,8.811652248147043,9.16408698745872,.3651408819524458,8.156510226079966,8.397508348470257,12.18410818315152,1,0,0,0
2021-04-24,2021,4,6,1,0,0,1,0,0,42,1,3608,2681,1239,1705,626,38,84,368,0,223,.3046008869179601,227,143,96704.39999999999,26.80277161862528,22.66666666666667,16.17937219730942,20.066,prcp_gsod_aero,27.3,tmax_obs,15.3,18.2,0,1,1,0,84859,15635,1,-43,17,-28,-42,-17,16,8.190908881182514,11.47941418195741,7.893945138235959,8.191186004642789,.3434035476718403,7.122059881629142,7.441320389717617,11.34874633457187,1,0,0,0
2021-04-25,2021,4,7,1,0,0,0,0,0,43,1,3625,2699,1329,1614,648,34,81,299,0,224,.3795862068965517,228,204,111557.4166666667,30.77445977011494,25.76666666666667,16.18303571428572,0,prcp_gsod_aero,22.8,tmax_obs,10.8,16.2,0,0,0,0,38347,11353,1,-45,6,-15,-45,-22,15,8.195609567288775,11.62229468502536,7.900636613018005,8.195885391314796,.3666206896551724,7.192182058713246,7.386470848829895,10.55443157687764,1,0,0,0
2021-04-26,2021,4,1,0,0,0,0,0,0,44,1,9384,6417,3426,4358,1550,50,170,834,0,227,.1280903665814152,229,125,177798.45,18.94697890025575,16.53333333333334,41.33920704845815,0,prcp_gsod_aero,20.5,tmax_aero,11,16.4,0,0,0,0,187419,19787,1,-46,1,-30,-47,-31,17,9.146761390333312,12.08840588436365,8.766705997750515,9.14686794902061,.3650895140664962,8.139148678884066,8.379768515504566,12.14110203105372,1,0,0,0
2021-04-27,2021,4,2,0,0,0,0,0,0,45,1,9756,6722,3465,4606,1619,66,156,885,0,227,.1398113981139811,229,135,189298.8166666667,19.40332274156075,16.91666666666667,42.97797356828194,0,prcp_gsod_aero,20.38888888888889,tmax_gsod_aero,11.5,16.2,0,0,0,0,198949,20085,1,-45,4,-17,-45,-31,17,9.18563775933581,12.15108208607733,8.813141008285051,9.18574025510795,.3551660516605166,8.150467911624004,8.43511508038063,12.2008037894539,1,0,0,0
2021-04-28,2021,4,3,0,0,0,0,0,0,46,1,9981,6837,3601,4620,1700,60,172,938,0,227,.1358581304478509,229,144,194242.2,19.46119627291855,17.03333333333334,43.96916299559472,0,prcp_gsod_aero,23,tmax_gsod_aero,11.4,17.4,0,0,0,0,197423,19995,1,-45,9,-12,-44,-31,16,9.208438564686587,12.17686111298353,8.830104317913794,9.208538750029554,.3607854924356277,8.188966863648876,8.438149984075784,12.19310391388519,1,0,0,0
2021-04-29,2021,4,4,0,0,0,0,0,0,47,1,9906,6871,3530,4673,1641,62,183,943,0,227,.1480920654149001,229,161,197036.9833333333,19.89067063732418,16.975,43.63876651982379,0,prcp_gsod_aero,24.5,tmax_obs,12.2,18.8,0,0,0,0,197725,20130,1,-47,7,-23,-45,-31,17,9.200895913148184,12.19114672275707,8.835064935031076,9.200996856973029,.3563496870583485,8.169053149927343,8.449556542700426,12.19463245538762,1,0,0,0
2021-04-30,2021,4,5,0,0,0,0,0,0,48,1,9762,6832,3494,4617,1596,55,198,969,0,226,.1513009629174349,229,140,194280.55,19.90171583691866,17.55,43.19469026548673,0,prcp_gsod_aero,24.4,tmax_obs,14.6,19.2,0,0,0,0,200345,20237,1,-45,20,-21,-43,-29,18,9.186252576447092,12.17705852742129,8.829372735468406,9.186355009225672,.3579184593321041,8.158802490694002,8.437500422506989,12.20779615942645,1,0,0,0
2021-05-01,2021,5,6,1,1,0,0,1,0,49,1,4714,3425,1754,2091,840,29,119,440,0,226,.3862961391599491,227,274,145318.9166666667,30.82709305614482,25.54166666666667,20.85840707964602,0,prcp_gsod_aero,23,tmax_gsod_aero,15.9,20.2,0,0,0,0,,,0,-57,-26,-7,-51,-40,16,8.458292083496076,11.88668603149498,8.138856750696325,8.458504195067558,.3720831565549427,7.469654172932128,7.645397699428633,,1,0,0,0
2021-05-02,2021,5,7,1,0,0,0,0,1,50,1,4206,3067,1554,1830,797,25,133,398,0,221,.4037089871611983,226,257,132687.9333333333,31.54729751149152,26.23333333333333,19.0316742081448,0,prcp_gsod_aero,24,tmax_gsod_aero,15,20.4,0,0,0,0,186108,17691,1,-43,21,-9,-44,-21,14,8.344267356262645,11.79575528425909,8.028455164114252,8.344505083590521,.369472182596291,7.348587530927593,7.512071245835466,12.13408242934745,1,0,0,0
2021-05-03,2021,5,1,0,0,0,0,0,0,51,1,6553,4731,2282,3196,1029,46,183,531,0,226,.1103311460399817,229,58,119052.8666666667,18.16768909914034,15.51666666666667,28.99557522123894,12.954,prcp_gsod_aero,26.7,tmax_obs,18.8,21.5,0,1,1,0,244592,19876,1,-51,1,-46,-49,-33,18,8.787678239039497,11.68732293114351,8.461891875631148,8.787830829258759,.3482374484968717,7.732807530422021,8.069655306886165,12.40734679524082,1,0,0,0
2021-05-04,2021,5,2,0,0,0,0,0,0,52,1,8378,5847,3050,3872,1403,53,153,715,0,225,.1400095488183337,229,91,160530.4666666667,19.16095329036365,16.45833333333333,37.23555555555556,4.318000000000001,prcp_gsod_aero,23,tmax_obs,10.2,14.9,0,1,0,0,,,0,-44,12,-24,-45,-31,17,9.033364501506981,11.98623902700634,8.67368398817567,9.033483854613287,.364048698973502,8.022896869601457,8.261526448396468,,1,0,0,0
2021-05-05,2021,5,3,0,0,0,0,0,0,53,1,8403,5816,3005,4010,1348,40,145,737,0,225,.1363798643341664,229,115,158910.0166666667,18.91110516085525,16.26666666666667,37.34666666666666,0,prcp_gsod_aero,17,tmax_obs,7.8,12.2,0,0,0,0,,,0,-44,16,-19,-44,-31,16,9.036344063928219,11.97609338808785,8.668368019213355,9.036463061964891,.3576103772462216,8.008032846969307,8.296546520300614,,1,0,0,0
2021-05-06,2021,5,4,0,0,0,0,0,0,54,1,8489,5925,2961,4090,1378,60,145,805,0,223,.1464247850159029,228,114,163638.1333333333,19.27649114540386,16.58333333333333,38.06726457399103,0,prcp_gsod_aero,18,tmax_gsod_aero,5.3,11.8,0,0,0,0,,,0,-45,13,-28,-44,-31,17,9.046526486737967,12.00541276482436,8.686935966003333,9.046644279305394,.3488043350217929,7.993282328101591,8.316300249036848,,1,0,0,0
2021-05-07,2021,5,5,0,0,0,0,0,0,55,1,8833,6174,3125,4259,1378,71,177,892,0,226,.1409487150458508,229,106,171466.5333333333,19.41203819012038,17.05,39.08407079646018,0,prcp_gsod_aero,19.1,tmax_obs,5,11.4,0,0,0,0,,,0,-43,15,-23,-43,-32,19,9.086249986745132,12.05214338563216,8.728102205062104,9.086363192156473,.3537869353560512,8.047189562170502,8.356789669923213,,1,0,0,0
2021-05-08,2021,5,6,1,0,0,0,0,0,56,1,3988,2975,1484,1839,632,33,124,429,0,223,.3442828485456369,226,147,110113.7166666667,27.61126295553327,23.44166666666667,17.88340807174888,0,prcp_gsod_aero,18.2,tmax_obs,8.800000000000001,14.8,0,0,0,0,,,0,-33,25,-8,-33,-12,13,8.291045131081729,11.60926889866264,7.99799931797973,8.291295851905407,.3721163490471414,7.302496423727326,7.516977224604321,,1,0,0,0
2021-05-09,2021,5,7,1,0,0,0,0,0,57,1,3146,2265,1132,1458,527,29,116,361,0,226,.3591862682771774,228,186,91426.33333333333,29.06113583386311,24.45833333333333,13.92035398230089,0,prcp_gsod_aero,18.5,tmax_obs,12.6,15.4,0,0,0,0,,,0,-45,12,-24,-42,-21,14,8.053887083618223,11.42328882681426,7.725330037917135,8.054204897064407,.3598219961856325,7.031741258763129,7.284820912568604,,1,0,0,0
2021-05-10,2021,5,1,0,0,0,0,0,0,58,1,8639,5941,3036,4145,1406,52,168,770,0,227,.1283713392753791,230,118,221468.55,25.63590114596597,16.21666666666667,38.05726872246696,0,prcp_gsod_aero,18.22222222222222,tmax_gsod_aero,11.8,14.6,0,0,0,0,,,0,-44,9,-27,-43,-30,16,9.064042114358884,12.30803587193032,8.689632748355741,9.064157861798101,.3514295636068989,8.01829613851552,8.329658067569396,,1,0,0,0
2021-05-11,2021,5,2,0,0,0,0,0,0,59,1,8579,5927,3010,4165,1347,57,160,771,0,227,.1375451684345495,229,125,163097.0333333333,19.0111940008548,16.28333333333334,37.79295154185022,0,prcp_gsod_aero,18.8,tmax_obs,5,11.7,0,0,0,0,,,0,-43,11,-17,-42,-29,16,9.057072635572965,12.00210059919373,8.687273461787838,9.057189192482008,.3508567432101644,8.009695357742922,8.334471554600944,,1,0,0,0
2021-05-12,2021,5,3,0,0,0,0,0,0,60,1,8839,6135,3052,4287,1443,57,152,899,0,228,.1303314854621564,230,121,167238.3666666667,18.92050759889882,16.46666666666667,38.76754385964912,0,prcp_gsod_aero,18.22222222222222,tmax_gsod_aero,4.8,12.1,0,0,0,0,,,0,-44,18,-11,-40,-30,16,9.086929027060949,12.02717541901924,8.721765357145012,9.087042155631689,.3452879284986989,8.023552392404348,8.363342466597977,,1,0,0,0
2021-05-13,2021,5,4,0,0,0,1,0,0,61,1,9037,6220,3161,4391,1437,48,177,897,0,228,.1373243332964479,230,109,170844.25,18.90497399579506,16.31666666666667,39.6359649122807,0,prcp_gsod_aero,18.6,tmax_aero,8,14.2,0,0,0,0,193854,18428,1,-46,13,-22,-42,-30,17,9.109082539901955,12.04850760172394,8.735525185733225,9.109193189971226,.3497842204271329,8.058643712215618,8.387312270561717,12.17486057739741,1,0,0,0
2021-05-14,2021,5,5,0,0,0,0,0,0,62,1,9418,6540,3322,4587,1467,42,170,916,0,228,.1453599490337651,230,149,187026.0333333333,19.85835987824733,17.03333333333334,41.30701754385965,0,prcp_gsod_aero,18.4,tmax_aero,8,13.4,0,0,0,0,195194,18081,1,-44,17,-18,-40,-28,18,9.1503780308035,12.13900310183339,8.785692444451245,9.150484204822817,.3527288171586324,8.10832229017324,8.430981494597171,12.1817492147838,1,0,0,0
2021-05-15,2021,5,6,1,0,0,0,0,0,63,1,4410,3269,1549,2065,764,32,156,514,0,226,.3022675736961451,229,178,117979.7333333333,26.75277399848828,21.8,19.51327433628319,0,prcp_gsod_aero,20.9,tmax_obs,5.7,12.5,0,0,0,0,93326,14487,1,-36,25,-5,-30,-13,12,8.391629968440892,11.67826813728441,8.092239406724211,8.39185670010494,.3512471655328798,7.345364840416869,7.632885505395133,11.44385401896781,1,0,0,0
2021-05-16,2021,5,7,1,0,0,0,0,0,64,1,3241,2386,1177,1479,565,20,128,408,0,217,.3511261956186362,226,171,95344.13333333333,29.41812197881313,23.56666666666667,14.93548387096774,0,prcp_gsod_aero,20.2,tmax_obs,8.199999999999999,12.9,0,0,0,0,40099,10700,1,-46,8,-22,-41,-18,14,8.083637203141548,11.46524808143071,7.777373602657861,8.083945702295621,.3631595186670781,7.070724107260276,7.2991214627108,10.59910667532785,1,0,0,0
2021-05-17,2021,5,1,0,0,0,0,0,0,65,1,8453,5789,2926,4075,1399,53,161,859,0,228,.1255175677274341,230,112,158905.2,18.79867502661777,16.2,37.07456140350877,0,prcp_gsod_aero,19.5,tmax_obs,7.2,12.4,0,0,0,0,186651,17989,1,-45,8,-23,-43,-30,17,9.042276686928927,11.97606307697362,8.663714844079005,9.042394981126735,.3461492961078907,7.98139158158007,8.312626025674962,12.13699584194959,1,0,0,0
2021-05-18,2021,5,2,0,0,0,0,0,0,66,1,8941,6166,3175,4264,1446,56,169,819,0,229,.1357789956380718,230,135,170477.55,19.06694441337658,16.36666666666667,39.04366812227075,0,prcp_gsod_aero,18.8,tmax_obs,6,11.1,0,0,0,0,185690,18155,1,-45,11,-14,-42,-30,16,9.098402718735319,12.046358895482,8.726805608446096,9.098514556793926,.3551056928755173,8.063062911326792,8.357962965845681,12.13183389559464,1,0,0,0
2021-05-19,2021,5,3,0,0,0,0,0,0,67,1,8756,6048,3058,4261,1377,60,167,808,0,228,.1203746002740978,230,120,161541.25,18.44920625856555,16.04166666666667,38.40350877192982,0,,17.2,tmax_obs,8.9,12.9,1,0,0,0,189731,17970,1,-45,18,-14,-43,-28,16,9.077494458642754,11.99251580698789,8.70748291785937,9.077608659522225,.3492462311557789,8.025516386489008,8.357259153499912,12.15336255849205,1,0,0,0
2021-05-20,2021,5,4,0,0,0,0,0,0,68,1,8336,5832,2945,4039,1299,53,149,831,0,229,.1306381957773513,229,112,156823.6833333333,18.81282189699296,16.33333333333333,36.40174672489083,2,prcp_obs,16,tmax_gsod_aero,11.7,15.1,0,1,0,0,195399,18083,1,-47,16,-23,-43,-29,17,9.028338763993148,11.96287741715947,8.671115273688494,9.028458718410613,.3532869481765835,7.987864096085687,8.303752415563412,12.18279890087046,1,0,0,0
2021-05-21,2021,5,5,0,0,0,0,0,0,69,1,2552,2019,870,1313,356,13,190,273,0,223,.100705329153605,227,32,42923.6,16.81959247648903,14.03333333333333,11.44394618834081,0,prcp_obs,17.4,tmax_obs,12.5,14.6,0,0,0,0,194645,18236,1,-53,11,-47,-41,-30,19,7.844632644464681,10.66717707020759,7.610357618312838,7.845024417241484,.3409090909090909,6.76849321164863,7.180069874302796,12.17893266557793,1,0,0,0
2021-05-22,2021,5,6,1,0,0,0,0,1,70,1,569,482,178,279,109,3,23,90,0,178,.1775043936731107,202,6,11459.13333333333,20.13907439953134,14.98333333333333,3.196629213483146,70.09999999999999,prcp_obs,14.8,tmax_obs,12.8,13.8,0,1,1,0,40290,11703,1,-77,-1,-76,-64,-38,26,6.343880434126331,9.346542362045405,6.1779441140506,6.345636360828596,.3128295254833041,5.181783550292085,5.631211781821365,10.60385857818539,1,0,0,0
2021-05-23,2021,5,7,1,0,0,0,0,1,71,1,1526,1214,498,756,261,11,38,163,0,215,.3211009174311927,220,84,41544.65,27.22454128440367,22.75833333333333,7.097674418604651,4.571999999999999,prcp_gsod_aero,15,tmax_gsod_aero,11.2,13.1,0,1,0,0,18617,7917,1,-75,0,-67,-65,-37,25,7.330405211844402,10.63452403146376,7.101675971619444,7.331060305218633,.326343381389253,6.210600077024653,6.628041376179533,9.831830420771897,1,0,0,0
2021-05-24,2021,5,1,0,1,0,0,1,0,72,1,3409,2548,1251,1546,588,24,61,241,0,228,.3963039014373717,229,197,108283.1833333333,31.76391414882175,25.63333333333333,14.95175438596491,0,prcp_gsod_aero,18,tmax_gsod_aero,6.9,12.8,0,0,0,0,34113,10225,1,-75,-6,-41,-73,-75,30,8.134174272137903,11.59250514238488,7.843064016692054,8.134467570277563,.3669697858609563,7.131698510466912,7.343426229147367,10.43743382229283,1,0,0,0
2021-05-25,2021,5,2,0,1,0,0,1,0,73,1,3677,2659,1328,1631,685,33,59,233,0,226,.4125645906989394,229,213,118547.4666666667,32.24026833469313,26.26666666666667,16.26991150442478,0,prcp_gsod_aero,18.22222222222222,tmax_gsod_aero,9.4,13.9,0,0,0,0,28075,9493,1,-76,-24,-30,-76,-78,30,8.209852481301272,11.68306872194145,7.88570539124302,8.210124405164267,.3611639923850966,7.191429330036379,7.396948602621014,10.24263477960665,1,0,0,0
2021-05-26,2021,5,3,0,0,0,0,0,0,74,1,6411,4479,2260,3114,997,40,130,616,0,229,.1435033536109811,230,91,125883.1166666667,19.63548848333593,16.78333333333334,27.99563318777292,0,prcp_gsod_aero,20,tmax_gsod_aero,5.8,12.6,0,0,0,0,124391,16883,1,-64,5,-32,-56,-45,22,8.765770543987257,11.74310910990161,8.4071550862073,8.765926513729443,.3525191077834971,7.723120092266331,8.043663352393944,11.73118510940315,1,0,0,0
2021-05-27,2021,5,4,0,0,0,0,0,0,75,1,7146,5019,2557,3392,1164,33,164,741,0,229,.160229499020431,231,168,164953.8333333333,23.0833799794757,17.81666666666667,31.20524017467249,0,prcp_gsod_aero,21,tmax_gsod_aero,10.2,16.5,0,0,0,0,126096,16994,1,-62,7,-34,-57,-44,24,8.874308038583354,12.01342091575216,8.520985989654934,8.874447967219979,.3578225580744472,7.846589975291186,8.129174996911793,11.74479880059343,1,0,0,0
2021-05-28,2021,5,5,0,0,0,0,0,0,76,1,7462,5224,2645,3579,1196,42,193,822,0,229,.1625569552398821,230,147,150706.0833333333,20.19647324220495,17.39166666666667,32.58515283842795,0,prcp_gsod_aero,23,tmax_obs,13.3,16.9,0,0,0,0,131501,16812,1,-61,11,-35,-55,-41,25,8.917578753781104,11.92308675097526,8.561018670956267,8.917712757131387,.3544626105601715,7.8804263442924,8.182838710766026,11.78676973513378,1,0,0,0
2021-05-29,2021,5,6,1,0,0,0,0,0,77,1,3340,2510,1183,1507,627,23,104,321,0,226,.3529940119760479,228,169,98673.11666666667,29.5428493013972,24.16666666666667,14.7787610619469,0,prcp_gsod_aero,21.6,tmax_obs,9.800000000000001,12.3,0,0,0,0,55522,12760,1,-62,19,-36,-52,-21,21,8.113726085970747,11.49956781412308,7.828038032125829,8.114025442356757,.354191616766467,7.075808863978387,7.317876198626496,10.92453461758663,1,0,0,0
2021-05-30,2021,5,7,1,0,0,0,0,0,78,1,3615,2678,1333,1625,618,39,90,268,0,221,.4345781466113416,225,238,121297.7333333333,33.55400645458737,27.66666666666667,16.35746606334842,0,prcp_gsod_aero,15.72222222222222,tmax_gsod_aero,4.3,10.1,0,0,0,0,25434,8953,1,-63,7,-28,-55,-22,20,8.192847134592865,11.70600340830523,7.892825526251118,8.193123721512068,.3687413554633472,7.195187320178709,7.393263094763838,10.14384214058069,1,0,0,0
2021-05-31,2021,5,1,0,0,0,0,0,0,79,1,7938,5475,2852,3787,1246,53,145,873,0,229,.1423532375913328,230,128,154400.9666666667,19.45086503737297,16.26666666666667,34.66375545851528,0,prcp_gsod_aero,19.27777777777778,tmax_gsod_aero,6.7,14.4,0,0,0,0,172706,17840,1,-46,8,-27,-46,-29,17,8.979416633343011,11.94730817734769,8.607947554684701,8.979542601725113,.3592844545225498,7.955775781534187,8.239329427901796,12.05934600585901,1,0,0,0
2021-06-01,2021,6,2,0,0,0,0,0,0,80,1,4813,3839,1626,2384,765,38,55,640,0,228,.1441928111365053,230,40,97771.36666666667,20.31401759124593,16.65,21.10964912280702,0,prcp_aero,21,tmax_obs,12.6,16.3,0,0,0,0,,,0,-46,15,-27,-44,-29,18,8.479075869303109,11.49038703878667,8.252967195000798,8.479283618343017,.3378350301267401,7.393878290107756,7.776535028185241,,1,0,0,0
2021-06-02,2021,6,3,0,0,0,0,0,0,81,1,8285,5800,2954,3958,1329,44,163,909,0,228,.1395292697646349,230,97,163276.6666666667,19.70750352041843,16.66666666666667,36.33771929824562,0,prcp_aero,18.3,tmax_obs,11.6,14.7,0,0,0,0,106245,15343,1,-43,25,-11,-42,-28,16,9.022201929860664,12.00320138244601,8.66561319653451,9.022322622637347,.3565479782739892,7.990915463091326,8.283494126162511,11.57350302685583,1,0,0,0
2021-06-03,2021,6,4,0,0,0,0,0,0,82,1,8540,5943,2964,4142,1387,47,165,917,0,230,.1346604215456675,230,68,161858.6,18.95299765807963,16.3,37.1304347826087,0,prcp_gsod_aero,17.6,tmax_aero,6.3,12.7,0,0,0,0,131362,16334,1,-44,20,-22,-42,-29,17,9.052516286782616,11.99447839356214,8.68996933536666,9.052633375946147,.3470725995316159,7.994294986415977,8.328934041955529,11.78571214990531,1,0,0,0
2021-06-04,2021,6,5,0,0,0,0,0,0,83,1,7238,5075,2489,3562,1141,46,254,668,0,230,.1264161370544349,230,32,135797.5166666667,18.76174587823524,15.66666666666667,31.46956521739131,.508,prcp_gsod_aero,18.61111111111111,tmax_gsod_aero,12.3,17.3,0,0,0,0,,,0,-45,20,-31,-40,-27,19,8.887100204123687,11.81892020724341,8.532081803909987,8.887238354293141,.3438795247305886,7.819636302367592,8.178077463849608,,1,0,0,0
2021-06-05,2021,6,6,1,0,0,0,0,0,84,1,2571,1965,922,1190,443,16,104,311,0,218,.3053286658887592,227,43,69621.05,27.07936600544535,21.88333333333333,11.79357798165138,2.032,prcp_gsod_aero,19.9,tmax_obs,12,14.7,0,1,0,0,,,0,-58,29,-39,-46,-19,19,7.852050207265889,11.15082224312473,7.583247524303362,7.85243908535751,.3586153247763516,6.826545223556594,7.081708586105575,,1,0,0,0
2021-06-06,2021,6,7,1,0,0,0,0,0,85,1,3196,2325,1153,1420,598,25,91,249,0,223,.4217772215269087,227,90,108350.65,33.90195556946183,27,14.33183856502242,0,prcp_gsod_aero,16.6,tmax_obs,3.9,10.7,0,0,0,0,,,0,-59,16,-24,-48,-21,19,8.069655306886165,11.59312800602358,7.751475318021456,8.069968149059841,.3607634543178974,7.050122520269059,7.258412150595307,,1,0,0,0
2021-06-07,2021,6,1,0,0,0,0,0,0,86,1,7633,5292,2649,3709,1218,57,144,791,0,230,.1279968557578934,230,44,141593.6333333333,18.5501943316302,15.71666666666667,33.18695652173913,0,prcp_gsod_aero,14.11111111111111,tmax_gsod_aero,6,12.6,0,0,0,0,,,0,-41,16,-25,-41,-27,16,8.940236231798471,11.8607164968957,8.573951525234847,8.940367233305175,.3470457225206341,7.88193748927207,8.218517577489591,,1,0,0,0
2021-06-08,2021,6,2,0,0,0,0,0,0,87,1,8203,5724,2921,3953,1283,46,171,840,0,230,.1297086431793247,230,51,154998.0666666667,18.89529034093218,16.03333333333334,35.66521739130435,0,prcp_gsod_aero,16,tmax_gsod_aero,11,15.3,0,0,0,0,,,0,-40,21,-11,-40,-27,16,9.01225522000275,11.95116792270532,8.652423140676342,9.012377119192271,.3560892356454956,7.979681302387741,8.282230063296685,,1,0,0,0
2021-06-09,2021,6,3,0,0,0,0,0,0,88,1,7379,5135,2595,3527,1211,46,182,890,0,230,.129014771649275,230,34,139700.4,18.93215882910964,15.93333333333333,32.08260869565218,.8,prcp_obs,18.5,tmax_obs,13.8,16.5,0,0,0,0,,,0,-43,21,-22,-41,-27,17,8.906393407058367,11.84725540851941,8.543835122362658,8.906528917594518,.3516736685187695,7.861341795599989,8.168202930236053,,1,0,0,0
2021-06-10,2021,6,4,0,0,0,0,0,0,89,1,8178,5760,2877,3890,1351,60,205,870,0,230,.1378087551968696,230,57,155709.4166666667,19.04003627618815,16.2,35.55652173913043,0,prcp_obs,20.11111111111111,tmax_gsod_aero,13.3,16.2,0,0,0,0,,,0,-42,19,-18,-40,-28,17,9.009202900924588,11.95574683554797,8.658692753689937,9.009325172734974,.3517975055025679,7.964503363551548,8.266164436612492,,1,0,0,0
2021-06-11,2021,6,5,0,0,0,0,0,0,90,1,7984,5576,2887,3723,1310,64,191,890,0,229,.1308867735470942,230,50,150080.1333333333,18.79761189044756,16.38333333333333,34.8646288209607,0,prcp_gsod_aero,20.6,tmax_obs,4.5,11.4,0,0,0,0,,,0,-42,19,-19,-38,-26,18,8.9851948179913,11.91892465265472,8.62622695244036,8.985320060649112,.3615981963927856,7.967973179662935,8.222285073872717,,1,0,0,0
2021-06-12,2021,6,6,1,0,0,0,0,0,91,1,3916,2808,1420,1764,702,30,122,509,0,224,.3575076608784474,230,117,116066.6666666667,29.63908750425604,23.95,17.48214285714286,0,prcp_gsod_aero,20.11111111111111,tmax_gsod_aero,6,15.6,0,0,0,0,,,0,-34,29,1,-34,-9,13,8.272826003650401,11.66192001764812,7.940227765145702,8.27308133366583,.3626149131767109,7.258412150595307,7.475339236566737,,1,0,0,0
2021-06-13,2021,6,7,1,0,0,0,0,0,92,1,4048,2928,1572,1761,679,36,181,496,0,229,.4303359683794467,230,252,134896.35,33.32419713438735,26.95833333333333,17.67685589519651,0,prcp_gsod_aero,23.9,tmax_obs,11.6,17.3,0,0,0,0,42675,10866,1,-38,15,9,-37,-12,13,8.305978210967302,11.81226198475048,7.982074875081202,8.306225216032161,.3883399209486166,7.360103972989152,7.473637108496206,10.66136854766264,1,0,0,0
2021-06-14,2021,6,1,0,0,0,0,0,0,93,1,7931,5468,2780,3794,1296,61,193,1038,0,230,.1183961669398563,231,121,160280.7,20.20939351910226,15.45,34.48260869565218,0,prcp_gsod_aero,23,tmax_obs,11.8,14.9,0,0,0,0,206135,18453,1,-41,10,-27,-41,-26,16,8.97853441008332,11.98468193209767,8.60666819784384,8.978660489639687,.3505232631446223,7.930206206684683,8.24117615049496,12.23628657293618,1,0,0,0
2021-06-15,2021,6,2,0,0,0,0,0,0,94,1,7504,5299,2599,3698,1145,62,161,937,0,230,.1186034115138593,230,120,136614.2,18.2055170575693,15.61666666666667,32.62608695652174,0,prcp_gsod_aero,17.5,tmax_obs,4.5,9.4,0,0,0,0,213717,18339,1,-38,17,-15,-39,-25,16,8.92319149068606,11.82491617386395,8.575273402492762,8.923324744067562,.3463486140724947,7.862882034641491,8.215547411947069,12.27240798891535,1,0,0,0
2021-06-16,2021,6,3,0,0,0,0,0,0,95,1,6478,4591,2232,3197,1004,45,156,801,0,229,.1171657919110837,230,82,116752.0833333333,18.02285942163219,15.35,28.2882096069869,0,prcp_gsod_aero,13.1,tmax_obs,4.5,7.3,0,0,0,0,211797,18592,1,-41,18,-21,-40,-26,15,8.776167099731275,11.66780801976879,8.431853144249223,8.776321456449958,.3445507872800247,7.710653323501202,8.069968149059841,12.26338354774318,1,0,0,0
2021-06-17,2021,6,4,0,0,0,0,0,0,96,1,6240,4498,2189,3079,937,35,153,851,0,230,.1293269230769231,230,91,117275.7166666667,18.79418536324787,16.175,27.1304347826087,0,prcp_gsod_aero,11,tmax_gsod_aero,3.6,7.6,0,0,0,0,220318,18580,1,-41,17,-26,-41,-27,16,8.738735461363474,11.67228299417067,8.411388132519262,8.738895704934043,.350801282051282,7.691200097522863,8.0323601479245,12.30282723621612,1,0,0,0
2021-06-18,2021,6,5,0,0,0,0,0,0,97,1,6671,4806,2359,3228,1049,35,161,871,0,229,.1361115275071204,229,77,127602.1,19.12788187678009,15.85,29.13100436681223,0,prcp_gsod_aero,11.7,tmax_obs,1.9,6.3,0,0,0,0,249306,18850,1,-38,24,-21,-34,-25,16,8.805525052709516,11.75667210743765,8.477620416296414,8.805674944038582,.353620146904512,7.765993079407675,8.07961802938984,12.42643633661072,1,0,0,0
2021-06-19,2021,6,6,1,0,0,0,0,1,98,1,2547,1918,939,1212,382,14,119,383,0,221,.3309776207302709,229,117,69635.66666666667,27.34026959822013,22.28333333333334,11.52488687782805,0,prcp_gsod_aero,12,tmax_gsod_aero,1.6,7,0,0,0,0,110048,14947,1,-27,40,-14,-27,-9,12,7.842671474979457,11.15103216717105,7.559038255443384,7.843064016692054,.3686690223792697,6.844815479208263,7.10002716662926,11.60867191323199,1,0,0,0
2021-06-20,2021,6,7,1,1,0,0,1,1,99,1,2279,1677,805,1080,370,24,111,368,0,222,.347082053532251,226,138,66974.31666666667,29.38758958607577,23.28333333333334,10.26576576576577,0,prcp_gsod_aero,12,tmax_gsod_aero,2.3,7.2,0,0,0,0,47284,11290,1,-41,9,-28,-37,-10,10,7.731492029245684,11.11206449154877,7.424761761823209,7.731930721948486,.3532250987275121,6.690842277418564,6.984716320118266,10.76392725087027,1,0,0,0
2021-06-21,2021,6,1,0,1,0,0,1,0,100,1,2279,1656,781,1149,322,27,102,379,0,225,.3049583150504607,229,127,60560.86666666667,26.57343864267954,21.5,10.12888888888889,0,prcp_gsod_aero,13.6,tmax_obs,3.1,10.1,0,0,0,0,54587,11852,1,-61,-15,-42,-68,-76,23,7.731492029245684,11.0114041988852,7.412160334945205,7.731930721948486,.3426941641070645,6.660575149839686,7.046647277848756,10.90755103814573,1,0,0,0
2021-06-22,2021,6,2,0,0,0,0,0,0,101,1,7708,5403,2732,3722,1187,67,161,1013,0,229,.1207836014530358,230,111,145664.8,18.89787234042553,15.98333333333333,33.65938864628821,0,prcp_gsod_aero,21,tmax_aero,10.2,13.1,0,0,0,0,222313,18606,1,-40,16,-11,-39,-25,14,8.950014029534257,11.8890633706822,8.594709633844065,8.950143756459262,.3544369486248054,7.912789220690681,8.222016437202196,12.31184157777459,1,0,0,0
2021-06-23,2021,6,3,0,0,0,0,0,0,102,1,5149,3752,1741,2549,819,40,178,702,0,230,.1013789085259274,230,66,111401.0666666667,21.63547614423512,14.38333333333333,22.38695652173913,0,,15,tmax_gsod_aero,11.8,13.9,1,0,0,0,220936,18566,1,-45,9,-32,-41,-26,16,8.546557800046141,11.62089218153421,8.230044310126115,8.546751993657782,.338123907554865,7.462214939768189,7.843456404376116,12.30562834579963,1,0,0,0
2021-06-24,2021,6,4,0,0,0,0,0,0,103,1,6898,5008,2437,3385,1025,51,133,1058,0,229,.1296027834154828,230,90,129494.9,18.77281820817628,15.93333333333333,30.12227074235808,7.365999999999999,prcp_gsod_aero,17,tmax_gsod_aero,12,14.1,0,1,0,0,223145,18810,1,-41,15,-26,-42,-26,17,8.838986793496787,11.77139677710685,8.518791912779934,8.839131752546109,.3532908089301247,7.798523053625206,8.127109185346376,12.31557706335333,1,0,0,0
2021-06-25,2021,6,5,0,0,0,0,0,0,104,1,8202,5733,2812,4049,1273,68,234,1250,0,230,.136917824920751,230,129,155274.95,18.93135210924165,16.05833333333333,35.66086956521739,0,prcp_gsod_aero,17.1,tmax_aero,7.2,12.1,0,0,0,0,235889,19033,1,-35,21,-13,-36,-23,16,9.012133305952004,11.95295269541811,8.653994232908383,9.01225522000275,.3428432089734211,7.941651252930556,8.306225216032161,12.37111663438062,1,0,0,0
2021-06-26,2021,6,6,1,0,0,0,0,0,105,1,2458,1846,839,1212,387,20,208,365,0,222,.2762408462164361,226,114,64014.73333333333,26.04342283699485,20.66666666666667,11.07207207207207,0,,18.2,tmax_obs,7.2,11.3,1,0,0,0,114801,15238,1,-32,23,-27,-32,-8,13,7.80710329012598,11.06686854418127,7.520776415062797,7.807510042216193,.3413344182262001,6.732210706467206,7.10002716662926,11.65095547363106,1,0,0,0
2021-06-27,2021,6,7,1,0,0,0,0,0,106,1,1482,1140,489,751,223,19,126,299,0,213,.2685560053981106,226,39,36396.11666666667,24.55878317588844,20.14166666666667,6.957746478873239,1,prcp_obs,14.7,tmax_obs,5.2,6.9,0,1,0,0,46554,11277,1,-44,6,-50,-45,-17,16,7.301147805856032,10.5022173629519,7.038783541388542,7.301822342137932,.3299595141700405,6.192362489474872,6.621405651764134,10.748368208122,1,0,0,0
2021-06-28,2021,6,1,0,0,0,0,0,0,107,1,5209,3683,1839,2604,736,30,141,633,0,230,.0963716644269533,230,59,89703.43333333333,17.22085493056889,14.46666666666667,22.64782608695652,.3,prcp_obs,9.222222222222223,tmax_gsod_aero,5,7.4,0,0,0,0,218515,18658,1,-42,6,-40,-44,-26,15,8.558143177745192,11.40426432304832,8.211482916445066,8.558335134747413,.3530428105202534,7.516977224604321,7.86480400332846,12.29460994104707,1,0,0,0
2021-06-29,2021,6,2,0,0,0,0,0,0,108,1,5647,4009,1966,2807,823,51,152,843,0,229,.117584558172481,230,64,101251.65,17.93016646006729,15.01666666666667,24.65938864628821,0,prcp_obs,9.699999999999999,tmax_obs,5.7,8,0,0,0,0,218861,18527,1,-41,7,-30,-44,-27,15,8.638879709672837,11.5253642811323,8.296297112642508,8.639056779173078,.3481494598902072,7.583756300707112,7.939871576361883,12.29619210409295,1,0,0,0
2021-06-30,2021,6,3,0,0,0,0,0,0,109,1,5998,4273,1952,3088,917,41,146,883,0,230,.1040346782260754,230,67,105355.8,17.5651550516839,14.91666666666667,26.07826086956522,0,prcp_gsod_aero,10,tmax_gsod_aero,3.2,7.4,0,0,0,0,224631,18900,1,-37,18,-21,-42,-28,15,8.699181359308954,11.56509847229686,8.360071435644025,8.699348067653093,.3254418139379793,7.576609766973038,8.035278911144667,12.32221433491443,1,0,0,0
2021-07-01,2021,7,4,0,0,0,0,0,0,110,1,6589,4628,2249,3325,970,45,165,1019,0,230,.1167096676278646,230,84,119308.55,18.10723174988618,15.13333333333333,28.64782608695652,0,prcp_gsod_aero,11,tmax_gsod_aero,5.6,9.4,0,0,0,0,,,0,-36,19,-25,-40,-25,16,8.793156870913819,11.68946827358168,8.439880088313567,8.793308627496552,.3413264531795416,7.718240951959316,8.109224953089955,,1,0,0,0
2021-07-02,2021,7,5,0,0,0,0,0,0,111,1,7140,5128,2434,3566,1087,53,204,1112,0,230,.1326330532212885,230,93,135839.8833333333,19.02519374416433,15.94166666666667,31.04347826086957,0,prcp_gsod_aero,17,tmax_gsod_aero,6.5,8.6,0,0,0,0,51512,11859,1,-30,26,-12,-34,-22,15,8.87346805533363,11.81923214269125,8.542470998600505,8.87360810154911,.3408963585434174,7.797291273547472,8.179199798423086,10.84957006921802,1,0,0,0
2021-07-03,2021,7,6,1,0,0,0,0,0,112,1,3037,2274,1045,1504,471,17,174,468,0,229,.3309186697398749,230,137,83876.78333333334,27.61830205246406,22.93333333333333,13.26200873362445,0,prcp_gsod_aero,19,tmax_gsod_aero,3.6,10.6,0,0,0,0,65412,12628,1,-18,39,8,-20,-5,10,8.01862546504575,11.33710413584627,7.729295674310482,8.018954683155718,.3440895620678301,6.951772164398911,7.315883504509785,11.08846100685228,1,0,0,0
2021-07-04,2021,7,7,1,0,0,0,0,0,113,1,3128,2280,1156,1459,485,28,204,476,0,223,.381074168797954,227,213,97814.3,31.27055626598466,25.45833333333333,14.02690582959641,0,prcp_gsod_aero,19.9,tmax_obs,4.1,10.9,0,0,0,0,,,0,-20,26,16,-27,-10,11,8.048149101665201,11.4908260621032,7.731930721948486,8.048468743668883,.3695652173913043,7.052721049232323,7.285506548522785,,1,0,0,0
2021-07-05,2021,7,1,0,0,0,0,0,0,114,1,7656,5310,2636,3797,1172,51,204,1049,0,230,.1205590386624869,230,116,141129.7333333333,18.4338732149077,15.41666666666667,33.28695652173913,0,prcp_gsod_aero,17.6,tmax_obs,4.7,10.7,0,0,0,0,,,0,-32,22,-14,-36,-23,14,8.943244933132791,11.85743484089542,8.577347114235984,8.943375541113124,.3443051201671891,7.877017895622398,8.241966560231802,,1,0,0,0
2021-07-06,2021,7,2,0,0,0,0,0,0,115,1,7438,5247,2586,3688,1115,49,186,1140,0,230,.1157569239042754,230,97,133294.7166666667,17.92077395357175,15.21666666666667,32.33913043478261,0,prcp_gsod_aero,17.5,tmax_obs,5.4,11.2,0,0,0,0,,,0,-30,24,-9,-34,-22,14,8.914357274485015,11.80031787047259,8.565411763686711,8.914491710191342,.3476741059424576,7.857867559331803,8.212839584676484,,1,0,0,0
2021-07-07,2021,7,3,0,0,0,0,0,0,116,1,6138,4487,1993,3140,965,40,332,1321,0,230,.117464972303682,230,76,109392.7666666667,17.82221679157163,15.13333333333333,26.68695652173913,5.1,prcp_obs,16,tmax_gsod_aero,10.6,15.5,0,1,0,0,,,0,-34,22,-17,-36,-24,14,8.722254235179682,11.60270004856352,8.408939605975984,8.722417141427496,.3246985988921473,7.597396320212795,8.0519780789023,,1,0,0,0
2021-07-08,2021,7,4,0,0,0,0,0,0,117,1,8428,5896,2919,4214,1236,59,230,1362,0,230,.1502135738016137,230,142,166727.1666666667,19.78253045404208,16.65,36.64347826086956,4.1,prcp_obs,18.38888888888889,tmax_gsod_aero,9.800000000000001,14.9,0,1,0,0,,,0,-22,34,4,-26,-22,11,9.03931477492408,12.02411402286766,8.682029433869172,9.039433419997483,.3463455149501661,7.978996370854115,8.346167594364134,,1,0,0,0
2021-07-09,2021,7,5,0,1,0,0,1,0,118,1,4334,3047,1629,2084,592,29,209,745,0,228,.3964005537609598,230,353,134622.4833333333,31.06194816182126,25,19.00877192982456,0,prcp_obs,19,tmax_gsod_aero,12,18.7,0,0,0,0,,,0,-40,6,13,-52,-69,20,8.374246182096304,11.81022972038114,8.021912778985708,8.374476889214643,.3758652514997693,7.395721608602045,7.642044402873258,,1,0,0,0
2021-07-10,2021,7,6,1,0,0,0,0,1,119,1,3554,2608,1296,1752,483,23,235,640,0,226,.3432751828925155,229,266,103288.5833333333,29.06262896267117,23.38333333333333,15.72566371681416,0,prcp_gsod_aero,23.4,tmax_obs,13,16.8,0,0,0,0,,,0,-21,35,17,-18,-8,9,8.175829008714597,11.54528212947757,7.866338923046544,8.176110342237342,.3646595385481148,7.16703787691222,7.468513271496337,,1,0,0,0
2021-07-11,2021,7,7,1,0,0,0,0,1,120,1,3289,2461,1212,1637,406,34,558,816,0,227,.3757981149285497,230,274,103897.4333333333,31.58936860241208,24.85,14.48898678414097,0,prcp_gsod_aero,17.2,tmax_obs,4,10.6,0,0,0,0,,,0,-24,12,25,-19,-10,10,8.098338846189057,11.55115947354189,7.808323050391056,8.098642843759418,.3685010641532381,7.10002716662926,7.400620577371135,,1,0,0,0
2021-07-12,2021,7,1,0,0,0,0,0,0,121,1,5662,4073,1858,2947,828,29,131,1019,0,229,.1167432002825857,230,101,102582.95,18.11779406570117,15.275,24.72489082969432,15,prcp_obs,17.38888888888889,tmax_gsod_aero,5.4,15.1,0,1,1,0,,,0,-36,15,-30,-38,-25,15,8.641532465671846,11.53842701857226,8.312135107648413,8.641709066113805,.32815259625574,7.527255919373784,7.988542982737695,,1,0,0,0
2021-07-13,2021,7,2,0,0,0,0,0,0,122,1,7365,5133,2507,3688,1131,39,202,1151,0,230,.1156822810590631,230,101,131786.6166666667,17.89363430640417,15.15,32.02173913043478,0,prcp_obs,18.2,tmax_obs,12,13.9,0,0,0,0,266185,21936,1,-31,22,-10,-34,-24,14,8.90449432889673,11.7889393531532,8.543445562560303,8.904630097005011,.3403937542430414,7.826842098158293,8.212839584676484,12.49194683474544,1,0,0,0
2021-07-14,2021,7,3,0,0,0,0,0,0,123,1,5519,3944,1788,2871,827,33,235,906,0,229,.104729117593767,229,86,94203.10000000001,17.06887117231383,14.36666666666667,24.10043668122271,0,prcp_obs,15.5,tmax_obs,9.300000000000001,11.1,0,0,0,0,268346,22057,1,-35,19,-26,-36,-23,14,8.615951963439501,11.45320836872786,8.279950715722526,8.616133139271142,.3239717340097844,7.488852955733459,7.962415680121064,12.50003247158742,1,0,0,0
2021-07-15,2021,7,4,0,0,0,0,0,0,124,1,7605,5365,2557,3860,1146,42,156,1224,0,230,.1314924391847469,230,136,143554.3666666667,18.87631382862152,15.95,33.06521739130435,4.1,prcp_obs,16,tmax_gsod_aero,10,12.1,0,1,0,0,283388,23429,1,-29,24,-8,-32,-23,14,8.936561204693394,11.87446910422043,8.587651655064798,8.936692688488204,.3362261669953978,7.846589975291186,8.258422462458876,12.55457226236411,1,0,0,0
2021-07-16,2021,7,5,0,0,0,0,0,0,125,1,7847,5560,2607,3980,1190,70,269,1207,0,230,.1367401554734293,231,153,160353.1333333333,20.43496028206108,16.01666666666667,34.11739130434783,0,prcp_obs,16.7,tmax_obs,4.8,10.4,0,0,0,0,293985,23767,1,-25,25,-6,-29,-20,14,8.967886572127473,11.98513374551868,8.623353387244627,8.9680140012452,.3322288772779406,7.865955413933502,8.289037098278483,12.59128402461107,1,0,0,0
2021-07-17,2021,7,6,1,0,0,0,0,0,126,1,2767,2078,949,1386,412,20,191,430,0,223,.3364654860860137,227,166,76763.89999999999,27.74264546440188,22.81666666666667,12.40807174887892,0,prcp_gsod_obs,16.1,tmax_obs,6.3,10.2,0,0,0,0,160809,19380,1,-17,32,0,-18,-4,9,7.925518979786926,11.24848975654332,7.639161171659173,7.92588031673756,.3429707264185038,6.855408798609928,7.234177179749849,11.98797260430999,1,0,0,0
2021-07-18,2021,7,7,1,0,0,0,0,0,127,1,2110,1577,731,1063,293,23,156,389,0,217,.3208530805687204,228,156,57870.15,27.42661137440758,22.73333333333333,9.723502304147466,0,prcp_aero,14,tmax_obs,5,8.699999999999999,0,0,0,0,78327,15289,1,-26,16,-19,-29,-12,12,7.654443226470113,10.96595698658111,7.363279586963039,7.65491704784832,.3464454976303318,6.594413459749778,6.968850378341948,11.26864765012573,1,0,0,0
2021-07-19,2021,7,1,0,0,0,0,0,0,128,1,6898,4817,2402,3472,985,39,177,1007,0,234,.1282980574079443,235,146,127293.9833333333,18.45375229535131,15.64166666666667,29.47863247863248,0,prcp_gsod_aero,12.6,tmax_aero,1.9,7.8,0,0,0,0,257881,23282,1,-27,19,-15,-37,-32,14,8.838986793496787,11.75425451974694,8.479906606630221,8.839131752546109,.3482168744563642,7.784057002639929,8.15248607578024,12.46025351718965,1,0,0,0
2021-07-20,2021,7,2,0,0,0,1,0,0,129,1,7258,5182,2544,3624,1039,51,200,713,0,235,.1292367043262607,235,146,135677.3,18.6934830531827,16.01666666666667,30.88510638297872,0,prcp_gsod_aero,17,tmax_gsod_aero,3,10.5,0,0,0,0,283477,23666,1,-17,20,16,-32,-31,11,8.889859587773016,11.81803455106358,8.552946361122055,8.889997357284841,.3505097823091761,7.841492924460013,8.195333667162871,12.55488627011103,1,0,0,0
2021-07-21,2021,7,3,0,0,0,0,0,0,130,1,8286,5731,2853,4202,1165,66,467,1460,0,235,.1342022688872797,235,145,157349.25,18.98977190441709,16.11666666666667,35.25957446808511,0,prcp_gsod_aero,18.3,tmax_obs,6.7,12.5,0,0,0,0,273764,23633,1,-25,23,11,-34,-31,12,9.022322622637347,11.96622313603696,8.653645314551737,9.022443300849043,.3443157132512672,7.9561263512135,8.343315881404946,12.52002170035767,1,0,0,0
2021-07-22,2021,7,4,0,0,0,0,0,0,131,1,8183,5680,2778,4108,1252,45,289,1372,0,235,.1468898936820237,236,262,157802.5833333333,19.28419691229785,16.3,34.82127659574468,0,prcp_gsod_aero,18.3,tmax_obs,8.699999999999999,14.1,0,0,0,0,279021,23651,1,-26,20,-2,-35,-32,14,9.009814110527382,11.96910005819358,8.644706511715198,9.009936307631463,.339484296712697,7.92948652331429,8.32069157104845,12.53904232678815,1,0,0,0
2021-07-23,2021,7,5,0,0,0,0,0,0,132,1,8667,6084,3118,4212,1280,57,330,1480,0,235,.1667243567555094,235,270,181400.6666666667,20.93004115226337,17.33333333333333,36.88085106382979,0,prcp_gsod_aero,18.88888888888889,tmax_gsod_aero,11.8,16.6,0,0,0,0,287974,23744,1,-22,22,12,-31,-29,13,9.067277989134345,12.10846349177586,8.713417653379183,9.067393362656249,.3597553940233068,8.044947049617722,8.345692873253865,12.57062547726502,1,0,0,0
2021-07-24,2021,7,6,1,0,0,0,0,0,133,1,2549,1931,867,1319,340,23,312,382,0,222,.3048254217340133,229,186,66264.25,25.9961749705767,21.13333333333333,11.48198198198198,0,,24.5,tmax_obs,12.7,15,1,0,0,0,157484,19481,1,-23,22,-14,-22,-6,9,7.843456404376116,11.10140581505862,7.565793282428515,7.843848638152472,.340133385641428,6.765038976780541,7.184629152717315,11.9670791447859,1,0,0,0
2021-07-25,2021,7,7,1,0,0,0,0,0,134,1,1923,1432,636,1019,260,8,133,400,0,219,.31201248049922,231,128,50948.58333333334,26.49432310625758,21.5,8.780821917808218,32,prcp_obs,17,tmax_gsod_aero,13.3,15.4,0,1,1,0,76720,15181,1,-27,13,-35,-29,-12,12,7.56164174558878,10.83857223322669,7.266827347520591,7.562161631225652,.3307332293291732,6.455198563340122,6.926577033222725,11.24791770955732,1,0,0,0
2021-07-26,2021,7,1,0,0,0,0,0,0,135,1,8130,5628,2863,4060,1169,38,232,1316,0,238,.1444034440344403,238,258,155780.85,19.16123616236162,16.11666666666667,34.15966386554622,0,prcp_obs,17.3,tmax_obs,7.6,12.1,0,0,0,0,268018,23336,1,-26,16,-7,-36,-32,14,9.003316202541857,11.95620549087194,8.63550941823428,9.003439196207838,.3521525215252153,7.959625305098115,8.308938252595779,12.49880942141669,1,0,0,0
2021-07-27,2021,7,2,0,0,0,0,0,0,136,1,6803,4852,2354,3411,999,39,199,1014,0,240,.1311186241364104,242,175,127871.75,18.79637659855946,15.93333333333333,28.34583333333334,0,prcp_gsod_aero,16.5,tmax_obs,4,8.199999999999999,0,0,0,0,275516,23401,1,-28,12,-11,-37,-32,14,8.825118970345061,11.75878308748618,8.48714627006394,8.825265953515752,.346023813023666,7.763871287820222,8.134760782418645,12.52640098211379,1,0,0,0
2021-07-28,2021,7,3,0,0,0,0,0,0,137,1,6392,4526,2215,3254,883,40,211,1011,0,242,.1239048811013767,244,154,116783.3,18.27022841051314,15.25,26.41322314049587,0,prcp_aero,11.8,tmax_obs,3.8,7.9,0,0,0,0,283345,23480,1,-28,15,-14,-37,-31,13,8.762802487446111,11.66807535970167,8.417593826193484,8.762958920766726,.3465269086357947,7.703007682479236,8.087640287778983,12.55442051542125,1,0,0,0
2021-07-29,2021,7,4,0,0,0,0,0,0,138,1,7471,5186,2616,3773,1018,64,252,1206,0,244,.1426850488555749,245,212,143083.7166666667,19.15188283585419,16.06666666666667,30.6188524590164,0,prcp_gsod_aero,13.72222222222223,tmax_gsod_aero,1.8,7.8,0,0,0,0,281449,23569,1,-28,16,-11,-37,-32,14,8.918784137975802,11.87118516917946,8.55371796609861,8.918917979908679,.3501539285236247,7.86940171257709,8.235625719964311,12.5477065378569,1,0,0,0
2021-07-30,2021,7,5,0,0,0,0,0,0,139,1,7657,5413,2698,3837,1074,48,299,1261,0,244,.1394802141831004,244,232,147204.0166666667,19.22476383265857,16.3,31.38114754098361,0,prcp_gsod_aero,14,tmax_gsod_aero,4.6,10.8,0,0,0,0,292807,23747,1,-24,20,-4,-33,-29,14,8.943375541113124,11.89957477204231,8.596558746796978,8.943506132037239,.3523573200992556,7.900266036767701,8.252446090246952,12.58726896788735,1,0,0,0
2021-07-31,2021,7,6,1,0,0,0,0,0,140,1,3270,2394,1172,1604,452,42,231,573,0,242,.3354740061162079,245,161,91734.61666666667,28.0533995922528,23.08333333333333,13.51239669421488,0,prcp_gsod_aero,13.8,tmax_aero,4.6,11.7,0,0,0,0,173224,19841,1,-14,32,18,-16,-3,7,8.092545263891299,11.42665508610094,7.780720886117918,8.092851027538384,.3584097859327217,7.066466970136958,7.38025578842646,12.06234083364013,1,0,0,0
2021-08-01,2021,8,7,1,0,0,0,0,0,141,1,3234,2406,1220,1534,462,18,201,452,0,243,.4010513296227582,247,334,103353.6,31.95844155844156,26.11666666666667,13.30864197530864,0,prcp_gsod_aero,18.3,tmax_obs,4.2,10.1,0,0,0,0,,,0,-15,25,24,-19,-7,9,8.081475040137052,11.54591139759469,7.785720896534624,8.081784206935001,.3772418058132344,7.106606137727303,7.335633981927201,,1,0,0,0
2021-08-02,2021,8,1,0,0,0,0,0,0,142,1,8352,5826,2900,4160,1239,53,235,1263,0,246,.1283524904214559,250,189,157020.2166666667,18.80031329821201,15.83333333333333,33.95121951219512,0,prcp_gsod_aero,17.9,tmax_obs,5.6,10.3,0,0,0,0,183239,17850,1,-28,22,-11,-34,-24,13,9.03025631012242,11.96412984461798,8.67008593751938,9.030376034755907,.3472222222222222,7.972466015974566,8.333270353255308,12.11854659066206,1,0,0,0
2021-08-03,2021,8,2,0,0,0,0,0,0,143,1,9015,6324,3161,4456,1335,63,254,1362,0,248,.1464226289517471,250,247,174070.1,19.30894065446478,16.48333333333333,36.3508064516129,0,prcp_gsod_aero,14.27777777777778,tmax_gsod_aero,7.4,11.9,0,0,0,0,257826,20924,1,-25,25,6,-32,-23,13,9.106645135637418,12.06721337062812,8.752107198329362,9.106756055719613,.3506378258458126,8.058643712215618,8.40200678160712,12.46004021777657,1,0,0,0
2021-08-04,2021,8,3,0,0,0,0,0,0,144,1,8914,6245,3082,4443,1326,63,277,1274,0,248,.1312542068656047,251,182,215053.9833333333,24.12541881684242,15.94166666666667,35.94354838709678,0,prcp_gsod_aero,18.4,tmax_obs,6,11.3,0,0,0,0,,,0,-27,26,2,-31,-20,12,9.095378353506501,12.27864436086449,8.739536422559677,9.095490530297241,.3457482611622167,8.033334015880062,8.399085102935908,,1,0,0,0
2021-08-05,2021,8,4,0,0,0,0,0,0,145,1,8079,5702,2778,4101,1161,39,268,1384,0,247,.123282584478277,249,171,147087.0666666667,18.20609811445311,15.2,32.7085020242915,0,prcp_gsod_aero,17.3,tmax_obs,9,11.5,0,0,0,0,,,0,-29,24,-15,-30,-21,13,8.997023381479709,11.89877998067567,8.648572269472618,8.997147151515142,.343854437430375,7.92948652331429,8.31898612539206,,1,0,0,0
2021-08-06,2021,8,5,0,0,0,0,0,0,146,1,9312,6579,3272,4553,1422,65,329,1490,0,248,.1545317869415808,251,185,185821.2833333333,19.95503472222222,16.7,37.54838709677419,0,prcp_gsod_aero,18.27777777777778,tmax_gsod_aero,10,15.2,0,0,0,0,,,0,-21,30,6,-26,-18,12,9.139059169971219,12.13254064849657,8.791638037085997,9.139166552521658,.3513745704467354,8.093156697722638,8.423541635334782,,1,0,0,0
2021-08-07,2021,8,6,1,0,0,0,0,0,147,1,3983,3000,1487,1886,581,29,312,788,0,242,.4024604569420035,248,306,129877.0666666667,32.60785002929115,25.86666666666667,16.45867768595041,0,prcp_gsod_aero,21,tmax_gsod_aero,14.2,18.8,0,0,0,0,,,0,-5,36,53,0,-1,5,8.289790583181643,11.77434364101153,8.006367567650246,8.290041618704489,.3733366808937986,7.304515946460155,7.542213463193403,,1,0,0,0
2021-08-08,2021,8,7,1,0,0,1,0,0,148,1,975,834,300,549,122,4,316,340,0,215,.2369230769230769,229,43,22905.98333333333,23.49331623931624,19.01666666666667,4.534883720930233,0,prcp_gsod_aero,24.8,tmax_obs,8.888888888888889,13.6,0,0,0,0,,,0,-42,1,-57,-38,-15,15,6.882437470997847,10.039153436346,6.726233402358747,6.883462586413092,.3076923076923077,5.703782474656201,6.308098441509531,,1,0,0,0
2021-08-09,2021,8,1,0,0,0,0,0,0,149,1,4606,3419,1491,2422,663,30,66,719,0,248,.103126356925749,250,80,79214.08333333333,17.19802069764076,14.51666666666667,18.57258064516129,45,prcp_obs,13.2,tmax_obs,6.5,8.4,0,1,1,0,,,0,-35,15,-39,-38,-21,14,8.43511508038063,11.27990938185976,8.137103389639302,8.435332164935916,.3237082066869301,7.307202314764738,7.792348924113037,,1,0,0,0
2021-08-10,2021,8,2,0,0,0,0,0,0,150,1,7635,5445,2675,3799,1111,50,174,1037,0,248,.1381794368041912,249,180,148364.25,19.43212180746562,15.66666666666667,30.78629032258064,.3,prcp_obs,10.3,tmax_aero,2.8,6.9,0,0,0,0,,,0,-23,26,-2,-29,-18,12,8.940498217652733,11.90742567772868,8.602453035367061,8.940629184845639,.3503601833660773,7.891704659330107,8.242493153187626,,1,0,0,0
2021-08-11,2021,8,3,0,0,0,0,0,0,151,1,8411,5904,2939,4226,1201,45,214,1265,0,248,.1342289858518607,249,211,159746.3666666667,18.99255340229065,16,33.91532258064516,0,prcp_obs,15.5,tmax_gsod_aero,2.5,10.3,0,0,0,0,,,0,-23,31,6,-28,-17,11,9.037295651962438,11.9813426281105,8.683385366280309,9.03741453682259,.349423374152895,7.985824666418917,8.349011198176003,,1,0,0,0
2021-08-12,2021,8,4,0,0,0,0,0,0,152,1,8050,5754,2807,4037,1149,57,284,1291,0,249,.1336645962732919,251,197,150407.15,18.68411801242236,15.89166666666667,32.32931726907631,0,prcp_gsod_aero,16.5,tmax_obs,3.2,8.6,0,0,0,0,,,0,-25,24,-8,-29,-18,12,8.99342737041261,11.92110122926151,8.657650544111494,8.993551586299981,.348695652173913,7.939871576361883,8.30325712085294,,1,0,0,0
2021-08-13,2021,8,5,0,0,0,0,0,0,153,1,8473,5945,2964,4254,1204,51,300,1325,0,249,.1378496400330461,249,222,160931.5333333333,18.99345371572446,16.16666666666667,34.0281124497992,0,prcp_gsod_aero,12,tmax_gsod_aero,4.5,9.699999999999999,0,0,0,0,355112,25054,1,-20,28,-5,-25,-16,12,9.044639916198465,11.98873429471926,8.690305809124883,9.044757931186505,.3498170659742712,7.994294986415977,8.355614995760183,12.78018851165786,1,0,0,0
2021-08-14,2021,8,6,1,0,0,0,0,1,154,1,3754,2807,1408,1849,478,19,268,623,0,245,.376132125732552,247,408,112866.45,30.06564997336175,24.225,15.32244897959184,0,prcp_gsod_aero,13,tmax_gsod_aero,5.5,11.3,0,0,0,0,202259,20876,1,-5,39,24,-8,-1,6,8.230577217146454,11.63396054034199,7.939871576361883,8.230843564198235,.3750665956313266,7.249925536717988,7.522400231387125,12.21730433331262,1,0,0,0
2021-08-15,2021,8,7,1,0,0,0,0,1,155,1,3045,2337,1189,1462,368,26,254,524,0,240,.4328407224958949,247,420,100359.7333333333,32.95886152162014,26.9,12.6875,0,prcp_gsod_aero,18.7,tmax_obs,6.4,10.8,0,0,0,0,118891,16759,1,-2,28,18,-11,-4,7,8.021256180143997,11.51651634337573,7.756623334538858,8.021584533455107,.3904761904761905,7.080867896690782,7.287560640309724,11.68596238595356,1,0,0,0
2021-08-16,2021,8,1,0,1,0,0,1,0,156,1,3926,2815,1500,1900,494,32,196,585,0,248,.4100866021395823,250,387,128086.4833333333,32.62518678892851,25.36666666666667,15.83064516129032,0,prcp_gsod_aero,15,tmax_gsod_aero,8.800000000000001,12.9,0,0,0,0,111501,16791,1,-38,-2,18,-55,-74,17,8.275376374836407,11.76046096579402,7.942717540573791,8.27563105457801,.3820682628629649,7.313220387090301,7.549609165154532,11.62178883845196,1,0,0,0
2021-08-17,2021,8,2,0,0,0,0,0,0,157,1,9702,6716,3313,4930,1385,74,257,1555,0,250,.1344052772624201,250,245,184965.6333333333,19.06469112897684,15.91666666666667,38.808,0,prcp_gsod_aero,17,tmax_gsod_aero,10.1,15.8,0,0,0,0,351190,26955,1,-26,23,8,-26,-17,10,9.180087328805161,12.1279253210381,8.812248018197431,9.180190395025299,.3414759843331272,8.105609402299896,8.503094267036737,12.76908266653361,1,0,0,0
2021-08-18,2021,8,3,0,0,0,0,0,0,158,1,9788,6886,3350,4951,1432,55,268,1493,0,249,.1382304863097671,251,245,199855.65,20.41843583980384,16.01666666666667,39.30923694779116,0,prcp_gsod_aero,21.7,tmax_obs,10.8,14.9,0,0,0,0,390095,27331,1,-25,27,15,-24,-13,10,9.188912424562563,12.20535063494325,8.83724564389847,9.189014585261431,.3422558234572947,8.116715624819111,8.507344855361422,12.87414557818626,1,0,0,0
2021-08-19,2021,8,4,0,0,0,0,0,0,159,1,8724,6194,2896,4471,1292,65,303,1535,0,249,.1304447501146263,250,199,163594.4833333333,18.75223330276632,15.50833333333333,35.03614457831326,0,prcp_gsod_aero,18,tmax_gsod_aero,12.1,15.1,0,0,0,0,351138,27208,1,-31,18,-14,-32,-16,13,9.073833127321519,12.00514598212584,8.731336360533149,9.073947747070628,.3319578175149014,7.971085753505607,8.405367376233981,12.76893458757308,1,0,0,0
2021-08-20,2021,8,5,0,0,0,0,0,0,160,1,10391,7226,3562,5241,1523,65,396,1737,0,250,.1463766721201039,250,278,206428.1333333333,19.86605074904565,16.55,41.564,0,prcp_obs,20,tmax_gsod_aero,10.9,15.1,0,0,0,0,372148,27242,1,-20,27,6,-25,-13,11,9.248695325852646,12.23770760821044,8.885440911707585,9.248791558350435,.3427966509479357,8.178077463849608,8.564267598802166,12.82704690359654,1,0,0,0
2021-08-21,2021,8,6,1,0,0,0,0,0,161,1,3285,2491,1119,1667,476,23,339,711,0,248,.3098934550989346,248,226,87776.95,26.72053272450533,21.7,13.24596774193548,0,prcp_gsod_aero,20.6,tmax_obs,7.6,13.1,0,0,0,0,192450,22003,1,-15,30,3,-16,0,8,8.097121930918711,11.38255421668277,7.820439515262181,8.097426298597213,.3406392694063927,7.020190708311925,7.418780882750794,12.16759165871189,1,0,0,0
2021-08-22,2021,8,7,1,0,0,0,0,0,162,1,4651,3359,1762,2218,634,37,273,683,0,249,.4485056976994195,250,465,161713.7666666667,34.76967677202035,27.7,18.67871485943775,0,prcp_gsod_aero,21,tmax_gsod_aero,10.5,16.2,0,0,0,0,106640,17570,1,-8,26,44,-13,-4,8,8.444837529224097,11.99358317902638,8.119398589612294,8.445052513638554,.378843259514083,7.474204806496124,7.704361167910313,11.57721395485259,1,0,0,0
2021-08-23,2021,8,1,0,0,0,0,0,0,163,1,9420,6548,3205,4817,1341,57,310,1486,0,250,.1254777070063694,250,227,173419.8166666667,18.40974699221515,15.3,37.68,0,prcp_gsod_aero,21.7,tmax_obs,6.2,12,0,0,0,0,351174,26848,1,-28,20,-10,-30,-15,12,9.150590367570409,12.06347061976687,8.786914938491025,9.150696519048667,.3402335456475584,8.07246736935477,8.479906606630221,12.76903710611194,1,0,0,0
2021-08-24,2021,8,2,0,0,0,0,0,0,164,1,9921,6990,3440,4969,1453,59,241,1532,0,250,.1241810301380909,250,239,184072.6833333333,18.55384369855189,15.56666666666667,39.684,0,prcp_gsod_aero,16.3,tmax_aero,5.5,10.9,0,0,0,0,367606,26994,1,-26,21,5,-28,-14,11,9.202409001649903,12.12308597670795,8.852235835227855,9.202509792860994,.3467392399959682,8.143226750367445,8.510973891602321,12.81476699141969,1,0,0,0
2021-08-25,2021,8,3,0,0,0,0,0,0,165,1,10008,7033,3446,5144,1357,61,304,1542,0,250,.1277977617905675,250,215,186731.2166666667,18.65819511057821,15.73333333333333,40.032,0,prcp_gsod_aero,14,tmax_aero,6.4,11.8,0,0,0,0,364195,26990,1,-25,26,10,-27,-13,10,9.211140052146748,12.13742551783838,8.858368636308018,9.211239967219019,.3443245403677058,8.144969417087875,8.545586265917455,12.80544471746092,1,0,0,0
2021-08-26,2021,8,4,0,0,0,0,0,0,166,1,10078,7076,3407,5179,1428,64,325,1629,0,250,.137725739233975,250,225,191475.9666666667,18.99940133624396,16.00833333333333,40.312,0,prcp_gsod_aero,19,tmax_gsod_aero,6.8,13.6,0,0,0,0,372449,26901,1,-27,21,0,-29,-15,12,9.218110109240543,12.16251757929184,8.864464055279676,9.218209330354878,.3380631077594761,8.133587417660966,8.552367266423891,12.82785539467667,1,0,0,0
2021-08-27,2021,8,5,0,0,0,0,0,0,167,1,10296,7221,3615,5147,1469,65,438,1683,0,250,.1392773892773893,250,271,197463.0833333333,19.17862114737115,16.275,41.184,0,prcp_gsod_aero,21.4,tmax_obs,7,13.3,0,0,0,0,391532,27162,1,-23,25,4,-26,-12,12,9.239510749275963,12.1933069260204,8.884748726451182,9.239607869656751,.3511072261072261,8.192847134592865,8.546169299652755,12.87782252798204,1,0,0,0
2021-08-28,2021,8,6,1,0,0,0,0,0,168,1,4031,2990,1458,2007,537,29,354,777,0,248,.3564872240138923,250,310,119171.7166666667,29.56380964194162,23.45,16.25403225806452,0,prcp_gsod_aero,17.27777777777778,tmax_gsod_aero,10.4,14.9,0,0,0,0,201328,22547,1,-12,31,18,-14,2,7,8.301769763117166,11.68832072917256,8.003028666384733,8.302017809751204,.3616968494170181,7.284820912568604,7.604396348796338,12.21269069783175,1,0,0,0
2021-08-29,2021,8,7,1,0,0,0,0,0,169,1,4398,3242,1609,2150,608,31,325,748,0,245,.4372442019099591,248,484,150582.1,34.2387676216462,27.38333333333333,17.95102040816327,0,prcp_gsod_aero,18,tmax_gsod_aero,8,14.4,0,0,0,0,107891,18006,1,-10,24,42,-14,-4,7,8.388905171114706,11.92226372938204,8.083945702295621,8.389132521348719,.3658481127785357,7.383368146992384,7.673223121121708,11.58887673720203,1,0,0,0
2021-08-30,2021,8,1,0,0,0,0,0,0,170,1,8966,6466,3128,4484,1290,64,306,306,0,249,.1439884006245818,250,237,174075.1166666667,19.41502528069001,16.28333333333334,36.00803212851405,0,prcp_gsod_aero,21,tmax_gsod_aero,11.8,18.1,0,0,0,0,354541,27103,1,-26,20,3,-29,-14,11,9.101194924715385,12.06724219001973,8.774312958285378,9.101306450952048,.3488735221949587,8.048149101665201,8.40827078419205,12.77857927412001,1,0,0,0
2021-08-31,2021,8,2,0,0,0,0,0,0,171,1,11254,7788,3906,5620,1649,79,250,1888,0,250,.1458148213968367,250,317,220129.7666666667,19.56013565547065,16.39166666666667,45.016,0,prcp_gsod_aero,23.61111111111111,tmax_gsod_aero,15.8,21.4,0,0,0,0,373144,27275,1,-22,23,20,-26,-12,10,9.328478899993224,12.30197249992711,8.960339366492091,9.328567753340833,.3470765949884486,8.270269111436624,8.634086942887738,12.82971968310559,1,0,0,0
2021-09-01,2021,9,3,0,0,0,0,0,0,172,1,5712,4305,1936,2962,766,48,418,615,0,250,.100140056022409,250,96,96685.60000000001,16.92675070028011,13.95,22.848,4.064,prcp_gsod_aero,28.5,tmax_obs,15,19.3,0,1,0,0,,,0,-36,8,-25,-33,-14,13,8.650324504019419,11.47921975618504,8.367532416861831,8.650499558724462,.3389355742296919,7.568379267836522,7.993619994827744,,1,0,0,0
2021-09-02,2021,9,4,0,0,0,0,0,0,173,1,7488,5329,2385,4003,1035,65,174,1115,0,249,.1049679487179487,250,133,131602.2,17.57508012820513,14.23333333333333,30.07228915662651,29,prcp_obs,19.5,tmax_obs,12.7,14.9,0,1,1,0,195260,17864,1,-31,26,-28,-32,-15,13,8.921057018157429,11.78753901505885,8.580918882296782,8.921190556249368,.3185096153846154,7.776954403322442,8.294799358992574,12.18208728277966,1,0,0,0
2021-09-03,2021,9,5,0,0,0,0,0,0,174,1,9681,6824,3218,5064,1332,67,242,1566,0,250,.1384154529490755,250,240,182428.65,18.84398822435699,15.75,38.724,1,prcp_obs,16.9,tmax_aero,13.4,14.9,0,1,0,0,254798,20933,1,-19,32,-2,-23,-11,11,9.177920480720072,12.11411441665622,8.828201089171515,9.178023770499639,.3324036773060634,8.076515327552329,8.529911963824013,12.44822635335578,1,0,0,0
2021-09-04,2021,9,6,1,0,0,0,0,0,175,1,2592,2003,843,1342,392,15,305,495,0,241,.2766203703703704,247,162,65595.36666666667,25.30685442386831,19.925,10.7551867219917,0,prcp_obs,17.8,tmax_obs,11.9,14.2,0,0,0,0,,,0,-12,34,-12,-15,0,9,7.860185057472165,11.09126034235646,7.602401335665818,7.860570785538664,.3252314814814815,6.736966958001855,7.201916317531627,,1,0,0,0
2021-09-05,2021,9,7,1,0,0,0,0,0,176,1,3412,2532,1237,1693,466,16,136,500,0,246,.3856975381008206,247,287,104663.35,30.67507327080891,25.14166666666667,13.86991869918699,7.1,prcp_obs,16.1,tmax_aero,11.4,14.3,0,1,0,0,,,0,-12,34,8,-15,-5,9,8.135053908611569,11.55850428782212,7.836764783264067,8.135346948906706,.3625439624853458,7.120444372392488,7.434257382133136,,1,0,0,0
2021-09-06,2021,9,1,0,0,0,0,0,0,177,1,9337,6532,3193,4778,1297,69,309,1514,0,250,.1202741780014994,250,229,170330.8166666667,18.24256363571454,15.15,37.348,0,prcp_obs,17.9,tmax_obs,12.6,14.7,0,0,0,0,,,0,-24,26,-10,-26,-12,11,9.141740280483926,12.0454978054575,8.784468454090355,9.141847375530883,.3419727964014137,8.068716192714781,8.471777327885755,,1,0,0,0
2021-09-07,2021,9,2,0,0,0,1,0,0,178,1,3488,2628,1125,1872,469,22,239,639,0,248,.104644495412844,250,61,59127.81666666667,16.95178230122324,13.7,14.06451612903226,7.9,prcp_obs,17.8,tmax_obs,14,15.3,0,1,0,0,,,0,-33,7,-33,-33,-17,13,8.15708378502887,10.98745676384205,7.873978379604501,8.157370441186775,.3225344036697248,7.025538314638521,7.534762657037537,,1,0,0,0
2021-09-08,2021,9,3,0,0,0,1,0,0,179,1,2117,1681,620,1210,273,14,134,812,0,241,.0845536136041568,248,31,44221.93333333333,20.888962368131,13.13333333333333,8.784232365145229,27.9,prcp_obs,16.1,tmax_aero,14.6,15.5,0,1,1,0,,,0,-40,4,-38,-36,-17,14,7.657755271134866,10.6969761742457,7.427144133408616,7.658227526161352,.2928672649976382,6.429719478039138,7.098375638590786,,1,0,0,0
2021-09-09,2021,9,4,0,0,0,0,0,0,180,1,5619,4103,1781,3078,726,34,172,875,0,248,.1028652785193095,250,79,95867.08333333333,17.06123568843804,13.71666666666667,22.65725806451613,45,prcp_obs,16.1,tmax_obs,13,13.9,0,1,1,0,,,0,-28,25,-27,-29,-13,12,8.633908991112198,11.4707179624658,8.319473692442186,8.634086942887738,.3169603132229934,7.484930283289661,8.032035314398824,,1,0,0,0
2021-09-10,2021,9,5,0,0,0,0,0,0,181,1,7854,5625,2615,4154,1041,44,303,1527,0,250,.1252864782276547,250,179,142499.1833333333,18.14351710381122,15.18333333333333,31.416,1,prcp_obs,15.27777777777778,tmax_gsod_aero,11,13.1,0,1,0,0,,,0,-19,31,-11,-22,-9,11,8.968778235137956,11.86709154768027,8.63497622707262,8.968905550689721,.3329513623631271,7.869019376499023,8.331827004436057,,1,0,0,0
2021-09-11,2021,9,6,1,0,0,0,0,0,182,1,3616,2704,1217,1852,512,35,286,665,0,243,.3313053097345133,246,215,102959.2,28.47323008849558,22.425,14.88065843621399,0,prcp_obs,17.38888888888889,tmax_gsod_aero,11.8,15.2,0,0,0,0,,,0,-9,39,18,-10,1,7,8.193123721512068,11.54208807223205,7.902487437162855,8.193400231952097,.3365597345132743,7.104144092987527,7.524021415206125,,1,0,0,0
2021-09-12,2021,9,7,1,0,0,0,0,0,183,1,8553,5990,3080,4195,1212,66,320,1270,0,250,.2760434935110487,250,563,222142.3833333333,25.97245216103512,21.16666666666667,34.212,0,prcp_gsod_aero,23.5,tmax_gsod_aero,14.4,18.3,0,0,0,0,,,0,6,49,50,8,2,5,9.054037377580782,12.31107382163328,8.697846691109495,9.054154288786855,.3601075645972174,8.03268487596762,8.341648618901306,,1,0,0,0
2021-09-13,2021,9,1,0,0,0,0,0,0,184,1,8891,6278,3040,4607,1189,55,378,1511,0,250,.1146102800584861,250,194,157643,17.7306264762119,14.95,35.564,0,prcp_gsod_aero,26.4,tmax_obs,14,16.6,0,0,0,0,395050,29495,1,-27,19,-18,-28,-13,12,9.092794808121139,11.96808826183073,8.744806737401898,9.092907275084087,.341918794286357,8.019612794400267,8.435332164935916,12.88676761815088,1,0,0,0
2021-09-14,2021,9,2,0,0,0,0,0,0,185,1,10140,7167,3496,5183,1381,80,267,1526,0,250,.1408284023668639,250,266,193241.9166666667,19.05738823142669,15.94166666666667,40.56,0,prcp_obs,19.11111111111111,tmax_gsod_aero,10.2,15.1,0,0,0,0,428281,30209,1,-20,26,10,-23,-11,10,9.224243277145174,12.17169813720054,8.877242435993919,9.224341891611996,.3447731755424063,8.159374736775426,8.553139318189707,12.96753480119056,1,0,0,0
2021-09-15,2021,9,3,0,0,0,0,0,0,186,1,10483,7383,3574,5333,1505,71,286,1680,0,250,.1365067251740914,250,284,201070.2833333333,19.18060510668066,15.96666666666667,41.932,0,prcp_gsod_aero,20.5,tmax_gsod_aero,5.4,13.6,0,0,0,0,435924,30170,1,-19,30,18,-22,-11,9,9.257510176452573,12.21140979424653,8.906935339059166,9.257605564443297,.3409329390441668,8.181440695719374,8.581669210600602,12.98522319521048,1,0,0,0
2021-09-16,2021,9,4,0,0,0,1,0,0,187,1,11117,7652,3784,5677,1576,80,378,1978,0,250,.1454529099577224,250,301,216224.8166666667,19.44992503972895,16.26666666666667,44.468,0,prcp_gsod_aero,21.4,tmax_aero,10.6,17.6,0,0,0,0,433185,27640,1,-23,24,10,-23,-16,10,9.316230747233615,12.28407396329213,8.942722330560143,9.316320695513415,.3403795988126293,8.238536930171769,8.644178203170727,12.9789201674707,1,0,0,0
2021-09-17,2021,9,5,0,0,0,0,0,0,188,1,9299,6708,3137,4792,1324,46,310,1219,0,250,.1579739756963114,250,240,197372.3666666667,21.22511739613578,16.56666666666667,37.196,0,prcp_gsod_aero,24.6,tmax_obs,15.1,18.7,0,0,0,0,460705,29907,1,-15,29,16,-19,-11,9,9.137662146478197,12.19284740969144,8.8110561229431,9.137769679141348,.3373481019464459,8.051022208190679,8.474703139795285,13.04051320391482,1,0,0,0
2021-09-18,2021,9,6,1,0,0,0,0,0,189,1,4910,3569,1776,2487,607,40,326,805,0,250,.3812627291242363,250,396,151175.45,30.78929735234216,24.7,19.64,0,prcp_gsod_aero,20.6,tmax_aero,12.5,18.2,0,0,0,0,243218,25131,1,-6,30,36,-6,0,4,8.499029220788566,11.92619636181964,8.18004072349016,8.499232866039245,.3617107942973524,7.482118923552116,7.818832443803404,12.40171343949321,1,0,0,0
2021-09-19,2021,9,7,1,0,0,0,0,0,190,1,3445,2536,1262,1718,442,23,316,716,0,244,.3730043541364296,248,284,104363.2333333333,30.29411707789067,23.93333333333333,14.11885245901639,0,prcp_gsod_aero,23.4,tmax_obs,14,16.9,0,0,0,0,127367,20409,1,-15,21,2,-11,-8,7,8.144679183447758,11.5556327212672,7.838343315557117,8.144969417087875,.3663280116110305,7.140453043101158,7.4489161025442,11.75482796187939,1,0,0,0
2021-09-20,2021,9,1,0,0,0,0,0,0,191,1,9188,6550,3120,4734,1262,72,308,1563,0,251,.1218981279930344,251,207,167571.8833333333,18.23812400232187,15.1,36.60557768924303,0,prcp_obs,19.38888888888889,tmax_gsod_aero,14.8,17.1,0,0,0,0,422389,29993,1,-24,21,-10,-27,-13,10,9.125653563808989,12.02916769241578,8.787220328629298,9.125762395500885,.3395733565520244,8.045588280803528,8.462525790073929,12.95368196936843,1,0,0,0
2021-09-21,2021,9,2,0,0,0,0,0,0,192,1,10547,7450,3579,5371,1522,75,340,1572,0,250,.1462975253626624,250,300,207784.2666666667,19.70079327454885,16.43333333333333,42.188,0,prcp_aero,20,tmax_obs,6.5,12.4,0,0,0,0,459751,30249,1,-14,24,41,-22,-22,10,9.263596738276615,12.24425564095343,8.915969311373605,9.263691547473178,.339338200436143,8.182838710766026,8.58876938990546,13.03844031755936,1,0,0,0
2021-09-22,2021,9,3,0,0,0,0,0,0,193,1,7702,5546,2544,4104,1005,49,374,1352,0,250,.1081537263048559,250,138,133262.5333333333,17.3023283995499,14.125,30.808,0,,16.8,tmax_obs,10,13.2,1,0,0,0,441532,30361,1,-27,17,-11,-26,-9,10,8.949235314374855,11.80007639639158,8.620832226175724,8.949365142352965,.3303038171903402,7.841492924460013,8.319717386850606,12.99800577658079,1,0,0,0
2021-09-23,2021,9,4,0,0,0,0,0,0,194,1,10367,7229,3508,5400,1391,68,347,1782,0,250,.1251085174110157,250,227,190835.6333333333,18.40799009678145,15.31666666666667,41.468,.7619999999999999,prcp_gsod_aero,17,tmax_gsod_aero,13.2,16.1,0,0,0,0,453838,30509,1,-23,24,0,-25,-8,10,9.246382963323113,12.15916777807154,8.885855993000297,9.246479418592056,.3383814025272499,8.162801353492073,8.594154232552366,13.02549558515132,1,0,0,0
2021-09-24,2021,9,5,0,0,0,0,0,0,195,1,10640,7424,3647,5497,1425,71,410,1832,0,250,.1389097744360902,250,300,203150,19.09304511278195,15.98333333333333,42.56,0,prcp_gsod_aero,20,tmax_obs,10.6,15.2,0,0,0,0,471728,30773,1,-17,27,12,-20,-7,9,9.272375762895635,12.22169990141587,8.912473274466036,9.272469743441732,.3427631578947368,8.20166019080868,8.611957767860661,13.06415782727319,1,0,0,0
2021-09-25,2021,9,6,1,0,0,0,0,0,196,1,3301,2414,1198,1652,430,21,207,561,0,244,.4162375037867313,247,301,107123.7666666667,32.45191356154701,25.93333333333333,13.52868852459016,0,prcp_gsod_aero,20.2,tmax_obs,12.6,16.4,0,0,0,0,236156,25296,1,-8,29,31,-7,1,5,8.101980731853193,11.58174014280386,7.789040401657477,8.102283624480073,.3629203271735838,7.088408778675395,7.409741954080923,12.37224788258143,1,0,0,0
2021-09-26,2021,9,7,1,0,0,0,0,0,197,1,3947,2885,1475,1912,538,22,215,589,0,247,.4884722574106917,249,475,147107.45,37.27069926526476,29.55,15.97975708502024,0,prcp_gsod_aero,21.72222222222222,tmax_gsod_aero,14.4,19.7,0,0,0,0,136840,20831,1,-6,24,51,-4,-4,5,8.280711075662847,11.89891855112624,7.9672801789422,8.280964400553373,.3737015454775779,7.29641326877392,7.555905093611346,11.82656763909154,1,0,0,0
2021-09-27,2021,9,1,0,0,0,0,0,0,198,1,8151,5752,2801,4223,1068,59,289,1194,0,249,.1079622132253711,250,168,141040.1666666667,17.3034188034188,14.43333333333333,32.73493975903615,0,prcp_gsod_aero,25.4,tmax_obs,13,15.8,0,0,0,0,416293,30228,1,-31,-4,-16,-29,-12,11,9.005895898094458,11.85679999876892,8.657302899400882,9.00601857490256,.3436388173230279,7.937731775260109,8.348301054933943,12.93914461824468,1,0,0,0
2021-09-28,2021,9,2,0,0,0,0,0,0,199,1,8258,5862,2637,4381,1185,55,229,1411,0,250,.1086219423589247,250,139,144397.7333333333,17.48579962864293,14.65833333333333,33.032,.508,prcp_gsod_aero,17,tmax_gsod_aero,10.4,13.7,0,0,0,0,445680,30506,1,-24,25,-5,-26,-9,10,9.018937706446035,11.88032680818008,8.676246121270838,9.019058793810718,.3193267134899491,7.877397186353287,8.385032287813898,13.0073564846947,1,0,0,0
2021-09-29,2021,9,3,0,0,0,0,0,0,200,1,10534,7368,3497,5561,1413,63,353,1864,0,249,.1249288019745586,250,226,194146.8666666667,18.43049806974242,15.4,42.30522088353413,0,prcp_gsod_aero,19,tmax_gsod_aero,11.8,16.9,0,0,0,0,457249,30704,1,-21,28,18,-23,-8,8,9.262363400043334,12.17637019630523,8.904901577935142,9.26245832623829,.3319726599582305,8.159660737063376,8.623533227187563,13.0329833792633,1,0,0,0
2021-09-30,2021,9,4,0,0,0,0,0,0,201,1,6076,4587,1961,3283,781,51,411,1485,0,249,.097432521395655,250,103,102339.4333333333,16.84322470923853,14.06666666666667,24.40160642570281,9.906000000000001,prcp_gsod_aero,21,tmax_obs,15.2,16.9,0,1,0,0,443162,30738,1,-34,11,-28,-29,-9,12,8.712101863715663,11.53605034524519,8.430981494597171,8.712266432135355,.3227452271231073,7.581209826196346,8.096512917501594,13.00169067066712,1,0,0,0
2021-10-01,2021,10,5,0,0,0,0,0,0,202,1,10713,7502,3707,5434,1518,54,392,1893,0,250,.1386166339960795,250,303,204905.45,19.12680388313264,16.05,42.852,7.112,prcp_gsod_aero,24,tmax_gsod_aero,10.8,17.7,0,1,0,0,,,0,-13,38,17,-16,-5,8,9.279213236262558,12.23030393221392,8.922924930641832,9.279306576440906,.3460281900494726,8.217978203150732,8.600430789986293,,1,0,0,0
2021-10-02,2021,10,6,1,0,0,0,0,0,203,1,2000,1506,662,1095,232,11,248,513,0,238,.2985,244,132,52431.26666666667,26.21563333333334,20.61666666666667,8.403361344537816,1.016,prcp_gsod_aero,24.4,tmax_obs,11,15.6,0,1,0,0,199832,17849,1,-10,35,-8,-9,-1,7,7.600902459542082,10.86725838447114,7.317212408359839,7.601402334583733,.331,6.495265555937008,6.998509642250602,12.20523229253248,1,0,0,0
2021-10-03,2021,10,7,1,0,0,0,0,0,204,1,2935,2141,1026,1546,349,14,166,450,0,245,.4122657580919932,248,302,94242.75,32.10996592844975,25.65,11.97959183673469,0,prcp_gsod_aero,19.1,tmax_obs,7.5,13.5,0,0,0,0,259045,20841,1,-6,35,25,-8,-5,7,7.984462732262196,11.4536291792746,7.669028288589683,7.984803389734406,.3495741056218058,6.933423025730715,7.343426229147367,12.46475707076348,1,0,0,0
2021-10-04,2021,10,1,0,0,0,0,0,0,205,1,10358,7259,3476,5345,1464,73,291,1679,0,250,.1295616914462252,250,235,192320.6833333333,18.56735695436699,15.73333333333333,41.432,0,prcp_gsod_aero,21.22222222222223,tmax_gsod_aero,5.7,14.4,0,0,0,0,,,0,-21,29,4,-22,-7,9,9.245514446983837,12.1669194834286,8.889997357284841,9.245610986058102,.3355860204672717,8.153637486385282,8.583916823459145,,1,0,0,0
2021-10-05,2021,10,2,0,0,0,0,0,0,206,1,11363,7896,3888,5922,1483,70,346,1932,0,250,.1357916043298425,251,294,219136.0833333333,19.28505529642994,15.88333333333333,45.452,0,prcp_gsod_aero,21.6,tmax_aero,12.9,18.2,0,0,0,0,,,0,-15,35,26,-16,-6,8,9.338117741918008,12.29744820090258,8.974111581113318,9.338205742974079,.3421631611370237,8.265650165580329,8.686429508661536,,1,0,0,0
2021-10-06,2021,10,3,0,0,0,0,0,0,207,1,10356,7200,3456,5498,1335,67,450,1792,0,250,.1281382773271534,250,218,190391.6333333333,18.38466911291361,15.18333333333333,41.424,0,prcp_gsod_aero,23.5,tmax_obs,11.6,15.7,0,0,0,0,,,0,-14,41,17,-17,-5,7,9.245321340871428,12.15683845779687,8.881836305004146,9.24541789858888,.3337195828505215,8.147867129923947,8.612139668725192,,1,0,0,0
2021-10-07,2021,10,4,0,0,0,0,0,0,208,1,9874,6938,3270,5203,1330,71,399,1538,0,250,.1340895280534738,250,210,183203.5666666667,18.55413881574505,15.65,39.496,0,prcp_gsod_aero,18.4,tmax_obs,6.5,12.2,0,0,0,0,,,0,-8,42,14,-11,-15,6,9.197660318818809,12.11835319973717,8.844768827529695,9.197761589769323,.331172776990075,8.092545263891299,8.556990661290303,,1,0,0,0
2021-10-08,2021,10,5,0,1,0,0,1,0,209,1,3426,2446,1222,1773,406,25,213,700,0,248,.3841214244016346,249,397,104109.4833333333,30.38805701498346,24.15833333333334,13.81451612903226,0,prcp_gsod_aero,15.27777777777778,tmax_gsod_aero,10.3,13.8,0,0,0,0,,,0,-25,19,1,-36,-62,15,8.139148678884066,11.55319834875678,7.802209316247118,8.139440521874608,.3566841798015178,7.108244139731541,7.480428306074208,,1,0,0,0
2021-10-09,2021,10,6,1,0,0,0,0,1,210,1,4559,3266,1707,2326,502,24,286,694,0,250,.4496600131607809,250,672,155619.3833333333,34.13454339401915,27.46666666666667,18.236,0,prcp_gsod_aero,18,tmax_gsod_aero,10.5,15.8,0,0,0,0,,,0,-3,30,34,-3,-7,4,8.424858580213442,11.95516845451902,8.09132127353041,8.425077902508432,.3744242158368063,7.442492722794441,7.75190533307861,,1,0,0,0
2021-10-10,2021,10,7,1,0,0,0,0,1,211,1,3885,2824,1478,1956,432,19,285,706,0,246,.4396396396396397,249,544,130317.0666666667,33.54364650364651,27.2,15.79268292682927,0,prcp_gsod_aero,20.6,tmax_obs,13.8,17,0,0,0,0,,,0,1,28,15,-1,-8,5,8.264878262801748,11.77772573432606,7.945909598613133,8.265135629937385,.3804375804375804,7.298445101508147,7.578656850594762,,1,0,0,0
2021-10-11,2021,10,1,0,1,0,0,1,0,212,1,3215,2286,1121,1764,312,18,214,695,0,245,.3654743390357698,249,310,96466.11666666667,30.00501296008294,23.55,13.12244897959184,.254,prcp_gsod_aero,20,tmax_gsod_aero,15.4,17.8,0,0,0,0,,,0,-40,-3,-23,-53,-75,16,8.075582636671721,11.47694710304388,7.734558844354756,8.075893630298857,.3486780715396579,7.02197642307216,7.475339236566737,,1,0,0,0
2021-10-12,2021,10,2,0,0,0,0,0,0,213,1,10187,7055,3409,5297,1407,74,288,1734,0,250,.1280062825169334,250,255,186785.15,18.33563855894768,15.33333333333333,40.748,.254,prcp_gsod_obs,21.8,tmax_obs,14.6,17.9,0,0,0,0,,,0,-18,31,12,-16,-5,7,9.228867676590067,12.13771430482883,8.861491864286915,9.228965836099349,.3346421910277805,8.134174272137903,8.574895901544526,,1,0,0,0
2021-10-13,2021,10,3,0,0,0,0,0,0,214,1,9467,6641,3138,5021,1236,72,363,1706,0,250,.1076370550332735,250,168,164681.7666666667,17.39534875532552,14.5,37.868,.254,prcp_gsod_obs,21.8,tmax_obs,15.9,18.3,0,0,0,0,509058,33540,1,-18,32,1,-18,-5,8,9.15556734612889,12.01177020370258,8.801017833540714,9.155672970633875,.3314672018590895,8.051340933292979,8.521384396034705,13.14031723796042,1,0,0,0
2021-10-14,2021,10,4,0,0,0,0,0,0,215,1,9703,6775,3162,5120,1357,64,401,1337,0,250,.1257343089766052,250,242,178439.85,18.39017314232711,15.1,38.812,0,prcp_aero,25,tmax_gsod_aero,11,17.6,0,0,0,0,543899,33576,1,-18,26,1,-16,-6,9,9.180190395025299,12.09200684862315,8.820994645747902,9.180293450623886,.3258785942492013,8.058960017769417,8.540909718033554,13.2065188468361,1,0,0,0
2021-10-15,2021,10,5,0,0,0,0,0,0,216,1,10147,7103,3273,5487,1333,54,378,1583,0,254,.1347196215630236,255,247,190906.3666666667,18.8140698400184,15.56666666666667,39.94881889763779,0,prcp_gsod_aero,25.5,tmax_obs,10.3,15,0,0,0,0,543784,34123,1,-8,36,12,-13,-3,7,9.224933374279082,12.1595383599522,8.86827250899781,9.225031920719173,.3225583916428501,8.09346227450118,8.610136937058975,13.20630738816582,1,0,0,0
2021-10-16,2021,10,6,1,0,0,0,0,0,217,1,3987,2952,1346,2093,535,13,269,728,0,251,.3506395786305493,256,299,116947.0166666667,29.33208343783965,22.73333333333333,15.88446215139442,0,prcp_gsod_aero,20.4,tmax_obs,9.800000000000001,15.6,0,0,0,0,289920,29191,1,6,50,32,3,4,3,8.290794347381356,11.66947626220997,7.990238185720363,8.291045131081729,.3375971908703286,7.204892510204673,7.646353722445999,12.57736030183675,1,0,0,0
2021-10-17,2021,10,7,1,0,0,0,0,0,218,1,3439,2553,1199,1790,437,13,299,741,0,251,.3655132305902879,257,251,105008.4166666667,30.53457885044102,23.63333333333333,13.70119521912351,0,prcp_gsod_aero,20.5,tmax_gsod_aero,11,17.7,0,0,0,0,166547,22771,1,-3,22,24,5,2,1,8.142936010432265,11.56179578465728,7.845024417241484,8.143226750367445,.3486478627507997,7.089243155027514,7.489970898834801,12.02303283085077,1,0,0,0
2021-10-18,2021,10,1,0,0,0,0,0,0,219,1,11202,7773,3774,5888,1474,66,324,1817,0,264,.135868594893769,267,281,216169.3166666667,19.29738588347319,15.65,42.43181818181818,0,prcp_gsod_aero,21,tmax_aero,11.8,17.8,0,0,0,0,524950,32788,1,-19,26,8,-16,-8,9,9.323847612769777,12.28381725305475,8.958411469230219,9.323936878558722,.3369041242635244,8.235890725928496,8.680671660408713,13.17105829894309,1,0,0,0
2021-10-19,2021,10,2,0,0,0,0,0,0,220,1,11765,8167,3895,6217,1588,65,326,1988,0,265,.129876753081173,268,264,219314.3333333333,18.64125230202578,15.66666666666667,44.39622641509434,0,prcp_gsod_aero,23.7,tmax_obs,12.6,17.4,0,0,0,0,517171,33495,1,-17,28,23,-17,-4,8,9.372884301161463,12.29826129174727,9.007856923358276,9.372969295424401,.3310667233319167,8.267448958304849,8.735042754269337,13.15612885315544,1,0,0,0
2021-10-20,2021,10,3,0,0,0,0,0,0,221,1,11899,8284,3909,6310,1619,61,440,2054,0,268,.1314396167745189,268,301,221207.2833333333,18.59040955822618,15.56666666666667,44.39925373134329,0,prcp_gsod_aero,22,tmax_gsod_aero,14.3,19.5,0,0,0,0,530421,33733,1,-14,31,29,-15,-3,7,9.384209641955154,12.30685547454998,9.022081222515475,9.384293679099621,.3285150012606101,8.271036865792954,8.749890955535259,13.1814263098302,1,0,0,0
2021-10-21,2021,10,4,0,0,0,0,0,0,222,1,11994,8372,4063,6258,1600,73,522,2320,0,268,.1288977822244456,268,237,223921.4166666667,18.66945278194653,15.58333333333333,44.75373134328358,0,prcp_gsod_aero,24,tmax_gsod_aero,16.4,21.6,0,0,0,0,535094,34649,1,-17,26,13,-17,-5,8,9.392161803728454,12.31905045083361,9.03264808356589,9.392245175273795,.3387527096881774,8.309676895987726,8.741615924228828,13.19019771137912,1,0,0,0
2021-10-22,2021,10,5,0,0,0,0,0,0,223,1,7967,5953,2667,4274,976,50,589,1389,0,267,.1063135433663864,268,161,137227.1,17.22443830802058,14.43333333333333,29.83895131086142,0,,27.6,tmax_obs,15.72222222222222,21.2,1,0,0,0,529583,34723,1,-20,19,-12,-18,-4,10,8.983063289380366,11.82939249663494,8.691650573153391,8.983188799264434,.3347558679553157,7.888709524182015,8.360305435879093,13.17984518339184,1,0,0,0
2021-10-23,2021,10,6,1,0,0,0,0,0,224,1,3414,2523,1150,1764,483,17,201,746,0,263,.3263034563561804,266,217,93714.58333333333,27.4500829916032,21.78333333333334,12.98098859315589,17,prcp_obs,26.2,tmax_obs,14.5,17.6,0,1,1,0,285195,29818,1,-1,37,8,-3,1,6,8.135639903354386,11.44800909467888,7.833203948641057,8.135932772004891,.3368482718219098,7.047517221357296,7.475339236566737,12.5609284358118,1,0,0,0
2021-10-24,2021,10,7,1,0,0,0,0,0,225,1,4790,3496,1755,2388,620,27,289,863,0,265,.4175365344467641,267,487,158486.4333333333,33.08693806541405,26.59166666666667,18.07547169811321,2,prcp_obs,25.5,tmax_gsod_aero,8.5,18.2,0,1,0,0,156744,23296,1,4,30,48,3,-5,5,8.474285690404962,11.97342427452463,8.159374736775426,8.474494436883122,.3663883089770355,7.470224135899966,7.778211474512493,11.9623691802506,1,0,0,0
2021-10-25,2021,10,1,0,0,0,0,0,0,226,1,11448,8043,3849,5909,1604,86,412,2252,0,268,.1321628232005591,269,295,214203.4333333333,18.71099173072444,15.43333333333333,42.71641791044776,0,prcp_obs,31,tmax_gsod_aero,16.2,23.4,0,0,0,0,504475,34142,1,-16,27,9,-19,-5,8,9.345570321236286,12.274681465501,8.992557426904069,9.345657668923812,.3362159329140461,8.255568653283746,8.684231891345675,13.13127356353409,1,0,0,0
2021-10-26,2021,10,2,0,0,0,0,0,0,227,1,11095,7906,3610,5925,1486,74,440,2377,0,269,.1393420459666517,269,283,212846.15,19.18397025687246,15.65,41.2453531598513,0,prcp_gsod_aero,31.1,tmax_aero,16.8,26.2,0,0,0,0,534310,34451,1,-15,27,26,-15,-3,7,9.314249835366695,12.26832488323741,8.975377243856631,9.314339961994667,.3253717890941866,8.191463051326927,8.686935966003333,13.18873147384783,1,0,0,0
2021-10-27,2021,10,3,0,0,0,0,0,0,228,1,11016,7809,3662,5889,1399,66,552,1757,0,268,.1310820624546115,269,235,207437.7833333333,18.83059035342532,15.46666666666667,41.1044776119403,0,prcp_gsod_aero,36.3,tmax_obs,21.1,27.8,0,0,0,0,523705,34011,1,-16,31,21,-16,-3,7,9.307104040408492,12.24258673433465,8.963032193662675,9.307194813340065,.3324255628177197,8.205764725234456,8.680841482944571,13.16868382767283,1,0,0,0
2021-10-28,2021,10,4,0,0,0,0,0,0,229,1,11026,7776,3625,5926,1410,65,665,2567,0,268,.1385815345546889,269,248,208924.85,18.94838109922003,15.68333333333333,41.14179104477612,0,prcp_gsod_aero,32,tmax_gsod_aero,20.4,27.3,0,0,0,0,546957,34748,1,-18,26,9,-16,-5,8,9.308011399149629,12.24972989690839,8.958797346140274,9.308102089758679,.3287683656811173,8.195609567288775,8.687104728133511,13.21212546771085,1,0,0,0
2021-10-29,2021,10,5,0,0,0,0,0,0,230,1,11377,7977,3687,6135,1491,64,615,2363,0,269,.1421288564647974,269,298,217808.5333333333,19.14463684040901,15.93333333333333,42.29368029739777,0,prcp_gsod_aero,34.4,tmax_obs,21.4,26.2,0,0,0,0,531916,34139,1,-11,31,14,-13,-2,7,9.339349052539717,12.29137166838904,8.984317679911129,9.339436945310593,.3240748879317922,8.212568398234145,8.721765357145012,13.18424086112025,1,0,0,0
2021-10-30,2021,10,6,1,0,0,0,0,0,231,1,4360,3191,1486,2271,579,24,501,1462,0,266,.3192660550458716,268,261,122350.5333333333,28.06204892966361,21.96666666666667,16.39097744360902,0,prcp_gsod_aero,30.5,tmax_obs,21.1,25.4,0,0,0,0,219492,21817,1,8,36,46,8,3,2,8.380227336343079,11.71464542794046,8.068089626278244,8.380456667842767,.3408256880733945,7.303843225277705,7.727975542105559,12.29907106436393,1,0,0,0
2021-10-31,2021,10,7,1,0,0,0,0,0,232,1,3434,2596,1160,1753,502,19,694,1090,0,262,.3497379149679674,267,264,98240.78333333334,28.60826538536207,23.08333333333333,13.10687022900763,0,,31,tmax_obs,14.5,20,1,0,0,0,139854,22369,1,-2,30,11,1,-5,5,8.141481041457421,11.4951767170191,7.86172707782398,8.14177220465645,.337798485730926,7.05617528410041,7.469083884921234,11.84835430029473,1,0,0,0
2021-11-01,2021,11,1,0,0,0,0,0,0,233,1,9035,6485,2908,4890,1175,62,348,1034,0,268,.1096845600442723,269,182,157709.6833333333,17.45541597491238,14.3,33.71268656716418,0,prcp_aero,20.6,tmax_obs,14.2,17.4,0,0,0,0,,,0,-20,26,-12,-19,-4,8,9.108861203026329,11.96851117457478,8.777247096750545,9.108971877587894,.3218594355285003,7.97522083865341,8.494947582468917,,1,0,0,0
2021-11-02,2021,11,2,0,0,0,0,0,0,234,1,8583,6252,2728,4660,1146,49,219,1144,0,269,.117324944658045,269,160,151778.5333333333,17.68362266495786,14.66666666666667,31.90706319702602,6.4,prcp_obs,23,tmax_gsod_aero,15,19.1,0,1,0,0,203220,17723,1,-18,26,-2,-16,-3,8,9.05753878171822,11.93017771980233,8.740656691541368,9.057655284310535,.317837585925667,7.911324018963353,8.446770727119692,12.22204441503987,1,0,0,0
2021-11-03,2021,11,3,0,0,0,0,0,0,235,1,10310,7291,3380,5500,1360,70,330,2032,0,268,.1288069835111542,269,221,190904.9833333333,18.51648722922729,15.40833333333333,38.47014925373134,3.81,prcp_gsod_aero,24,tmax_gsod_aero,17.9,21.6,0,1,0,0,258427,20881,1,-13,36,15,-14,-2,7,9.240869577011006,12.1595311137908,8.89439598980643,9.240966565517944,.3278370514064016,8.125630988477065,8.612503371220562,12.46236853459606,1,0,0,0
2021-11-04,2021,11,4,0,0,0,0,0,0,236,1,11380,8030,3670,6033,1602,75,557,2237,0,269,.1335676625659051,269,272,215146.1333333333,18.90563561804335,15.51666666666667,42.30483271375465,0,prcp_gsod_aero,24.6,tmax_aero,19.8,23,0,0,0,0,,,0,-11,34,14,-13,-3,7,9.339612707680322,12.2790727661477,8.990939806940807,9.33970057728189,.3224956063268893,8.207946941048617,8.704999678440762,,1,0,0,0
2021-11-05,2021,11,5,0,0,0,0,0,0,237,1,10096,7259,3181,5548,1299,68,598,1984,0,268,.1317353407290016,270,225,192548.8666666667,19.07179741151611,15.16666666666667,37.67164179104478,0,prcp_gsod_obs,27.5,tmax_obs,13,18.9,0,0,0,0,,,0,-8,35,5,-11,-2,7,9.219894584780995,12.16810525330866,8.889997357284841,9.219993629004321,.3150752773375594,8.064950891749144,8.621192781434722,,1,0,0,0
2021-11-06,2021,11,6,1,0,0,0,0,0,238,1,3967,2958,1293,2105,538,31,314,794,0,265,.3259389967229645,267,258,109053.9333333333,27.49027812788841,21.95,14.96981132075472,0,prcp_gsod_aero,22.2,tmax_obs,12.5,16.5,0,0,0,0,,,0,8,40,50,16,2,3,8.285765420514331,11.59959784006076,7.992268643270745,8.286017468404763,.3259389967229645,7.164720378771857,7.652070746116482,,1,0,0,0
2021-11-07,2021,11,7,1,0,0,0,0,0,239,1,4333,3213,1516,2239,548,30,351,933,0,268,.4029540733902608,269,413,144862.9,33.43247172859451,25.53333333333334,16.16791044776119,0,prcp_gsod_aero,21,tmax_gsod_aero,15.5,18.9,0,0,0,0,,,0,9,34,35,8,-6,4,8.374015421739909,11.88354305687794,8.074960359115858,8.374246182096304,.3498730671590122,7.323830566202317,7.713784616598755,,1,0,0,0
2021-11-08,2021,11,1,0,0,0,0,0,0,240,1,11079,7772,3631,5889,1485,74,423,1443,0,269,.1300658904233234,269,317,207403.0833333333,18.72037939645576,15.51666666666667,41.18587360594795,0,,25,tmax_gsod_aero,15.1,22,1,0,0,0,,,0,-12,30,7,-14,-3,7,9.312806703520673,12.24241944126944,8.95828281049733,9.312896960301275,.3277371603935373,8.197263371414335,8.680841482944571,,1,0,0,0
2021-11-09,2021,11,2,0,0,0,0,0,0,241,1,11667,8183,3662,6388,1537,80,429,2019,0,269,.1304534156166967,269,288,218964.9,18.76788377474929,15.31666666666667,43.37174721189591,4.064,prcp_gsod_aero,28.8,tmax_obs,15.4,19.7,0,1,0,0,,,0,-12,33,18,-13,-2,7,9.364519622823858,12.29666672198079,9.009814110527382,9.364605330987612,.3138767463786749,8.205764725234456,8.762176509334903,,1,0,0,0
2021-11-10,2021,11,3,0,0,0,0,0,0,242,1,11786,8247,3874,6306,1528,78,469,2228,0,269,.1343118954692008,269,267,218211.4666666667,18.51446348775383,15.55,43.81412639405205,0,prcp_gsod_aero,23.9,tmax_obs,17.2,20,0,0,0,0,,,0,-10,38,25,-11,-1,6,9.374667665397858,12.29321990217663,9.017604776833355,9.374752508226569,.3286950619378924,8.262042843966942,8.749256840105007,,1,0,0,0
2021-11-11,2021,11,4,0,0,0,0,0,0,243,1,12119,8486,4017,6428,1608,66,551,2353,0,269,.1313639739252414,269,278,228071.85,18.81936215859394,15.48333333333333,45.05204460966543,0,prcp_gsod_aero,23,tmax_gsod_aero,17.2,20.9,0,0,0,0,,,0,-11,30,13,-12,-2,7,9.402529747968487,12.337415989872,9.04617302576227,9.402612259623306,.3314629919960393,8.298290634359283,8.768418726857403,,1,0,0,0
2021-11-12,2021,11,5,0,0,0,0,0,0,244,1,11363,7994,3682,6100,1501,80,573,2043,0,269,.1386957669629499,269,273,215779.0666666667,18.98962128545865,15.7,42.24163568773234,0,prcp_gsod_aero,25.5,tmax_obs,16.2,20.4,0,0,0,0,,,0,-8,31,13,-10,-1,7,9.338117741918008,12.28201032370283,8.986446539271269,9.338205742974079,.3240341459121711,8.211211361793023,8.716044050161402,,1,0,0,0
2021-11-13,2021,11,6,1,0,0,0,0,0,245,1,3810,2870,1208,2059,525,18,393,711,0,265,.3083989501312336,268,217,106758.8666666667,28.02069991251094,21.55,14.37735849056604,0,prcp_gsod_aero,26.61111111111111,tmax_gsod_aero,16.5,22.4,0,0,0,0,296286,29918,1,-4,33,22,2,1,4,8.245384468120747,11.57832798775086,7.962067308753666,8.24564690087386,.3170603674540682,7.096721378494761,7.629975707027789,12.59908048303599,1,0,0,0
2021-11-14,2021,11,7,1,0,0,0,0,0,246,1,5983,4151,2071,3057,818,37,130,998,0,269,.2806284472672572,269,308,155487.6666666667,25.98824447044404,20.71666666666667,22.24163568773234,22.352,prcp_gsod_aero,29,tmax_obs,18.5,22.2,0,1,1,0,,,0,13,55,47,16,0,5,8.696677393390031,11.95432169341517,8.331104548053039,8.696844519654313,.3461474176834364,7.635786861395585,8.025189321890835,,1,0,0,0
2021-11-15,2021,11,1,0,0,0,0,0,0,247,1,10566,7384,3514,5722,1264,66,490,2407,0,269,.1401665720234715,270,230,201247.0166666667,19.04666067259764,15.675,39.27881040892194,0,prcp_gsod_aero,29,tmax_gsod_aero,16.1,23.4,0,0,0,0,541585,34655,1,-14,27,11,-15,-4,8,9.26539657772426,12.21228837115437,8.907070776182689,9.265491216441031,.3325761877720992,8.164510268747042,8.652073673610056,13.20225530448027,1,0,0,0
2021-11-16,2021,11,2,0,0,0,0,0,0,248,1,9569,6903,3098,5205,1216,50,474,1883,0,268,.1186121851813147,269,172,170968.0333333333,17.8668652245097,14.63333333333333,35.70522388059702,3.302,prcp_gsod_obs,29.6,tmax_obs,14.7,19.7,0,1,0,0,550610,34861,1,-16,27,2,-15,-3,8,9.166283985779263,12.04923187843827,8.839711378703475,9.166388484446999,.3237537882746369,8.038512020976814,8.557374981049069,13.2187820335308,1,0,0,0
2021-11-17,2021,11,3,0,0,0,0,0,0,249,1,11539,8165,3852,6083,1520,84,463,2129,0,269,.1378802322558281,269,261,217094.9,18.81401334604385,15.6,42.89591078066915,0,prcp_gsod_aero,21.6,tmax_aero,8.4,15.7,0,0,0,0,628131,35142,1,-8,35,44,-6,-1,6,9.353487881194667,12.28808986411187,9.007612005404566,9.353574540062091,.3338244215269954,8.256347772918016,8.713253274320705,13.35050402242276,1,0,0,0
2021-11-18,2021,11,4,0,0,0,0,0,0,250,1,12156,8520,3978,6527,1583,68,528,2520,0,269,.1440440934517934,269,293,233289.9333333333,19.19134035318636,15.81666666666667,45.18959107806691,0,prcp_gsod_aero,24,tmax_gsod_aero,10,19.1,0,0,0,0,607701,35136,1,-12,30,17,-9,-2,6,9.405578154036684,12.36003730805729,9.050171619823361,9.405660414555793,.3272458045409674,8.288534459413917,8.783702698635217,13.31743826367088,1,0,0,0
2021-11-19,2021,11,5,0,0,0,0,0,0,251,1,11523,8016,3757,6220,1475,71,712,2446,0,269,.1426711793803697,269,258,222680.2833333333,19.32485319216639,15.75,42.8364312267658,0,prcp_gsod_aero,27.11111111111111,tmax_gsod_aero,17.1,23.6,0,0,0,0,595983,35320,1,-8,34,17,-8,-1,6,9.352100317014015,12.31349231467553,8.989194823324645,9.352187096204419,.3260435650438254,8.231376045573969,8.735525185733225,13.29796742215075,1,0,0,0
2021-11-20,2021,11,6,1,1,0,0,1,1,252,1,4342,3211,1369,2381,559,33,489,1194,0,265,.3486872409028098,268,331,128317.3,29.55257945647167,23.06666666666667,16.38490566037736,0,prcp_gsod_aero,29.8,tmax_obs,17.6,23.7,0,0,0,0,297835,25873,1,-2,32,26,9,-8,3,8.376090350438238,11.76226138173184,8.074337694089515,8.376320632534823,.3152924919391985,7.221835825288449,7.775275846486863,12.60429492086875,1,0,0,0
2021-11-21,2021,11,7,1,0,0,0,0,1,253,1,3851,2785,1254,2118,448,31,462,1235,0,263,.3863931446377564,266,356,118708.8666666667,30.82546524712196,24.81666666666667,14.6425855513308,0,prcp_gsod_aero,33.5,tmax_gsod_aero,22,28.6,0,0,0,0,169194,23777,1,-2,23,20,6,-7,3,8.25608813381491,11.6844292759265,7.932003152361385,8.256347772918016,.3256297065697222,7.134093721192866,7.658227526161352,12.0388012645326,1,0,0,0
2021-11-22,2021,11,1,0,1,0,0,1,0,254,1,4167,2976,1404,2224,523,16,448,1242,0,267,.3542116630669546,268,376,126444.6833333333,30.34429645628349,22.61666666666667,15.60674157303371,0,prcp_gsod_aero,35.22222222222223,tmax_gsod_aero,23.8,29.3,0,0,0,0,157741,23251,1,-40,-4,-4,-49,-74,13,8.334951631422454,11.74756020560985,7.998335395952982,8.335191583433202,.3369330453563715,7.247080584585756,7.707062655370473,11.96870972647798,1,0,0,0
2021-11-23,2021,11,2,0,0,0,0,0,0,255,1,11836,8259,3951,6222,1594,69,359,2378,0,269,.143038188577222,269,294,229382.3666666667,19.38005801509519,16.03333333333334,44,0,prcp_gsod_aero,36.4,tmax_obs,14,20.6,0,0,0,0,630798,35053,1,-12,32,31,-6,-2,5,9.3789010135201,12.3431456135332,9.019058793810718,9.378985497953893,.3338120986819871,8.281723990411392,8.735846677457582,13.35474096348895,1,0,0,0
2021-11-24,2021,11,3,0,0,0,0,0,0,256,1,11955,8265,3826,6524,1528,77,553,2621,0,269,.1423672103722292,269,230,227696.35,19.04611877875366,15.56666666666667,44.44237918215613,0,prcp_gsod_aero,31,tmax_gsod_aero,18.8,25.2,0,0,0,0,595758,34898,1,-12,34,26,-9,-1,6,9.388904879892426,12.3357682220595,9.019785010255125,9.388988523403828,.3200334588038478,8.249575150000199,8.783242963740905,13.29758982332236,1,0,0,0
2021-11-25,2021,11,4,0,0,0,0,0,0,257,1,7706,5790,2378,4324,952,52,677,2309,0,269,.1217233324682066,269,140,138942.25,18.03039839086426,14.76666666666667,28.64684014869889,7.874,prcp_gsod_aero,33.5,tmax_obs,18.61111111111111,22.9,0,1,0,0,590460,35054,1,-15,20,-8,-14,-4,8,8.949754525186103,11.84181365815634,8.663887570567042,8.949884285777994,.3085907085388009,7.774015077250727,8.371936178759098,13.28865717312109,1,0,0,0
2021-11-26,2021,11,5,0,0,0,0,0,0,258,1,12098,8442,3923,6567,1538,70,936,2823,0,269,.1441560588527029,269,325,235769.5,19.48830385187635,16.01666666666667,44.97397769516729,.254,prcp_gsod_aero,25,tmax_gsod_aero,16.7,22.5,0,0,0,0,607526,35335,1,-8,33,22,-7,-1,6,9.400795428666859,12.37060991181522,9.040974526342444,9.400878083541478,.324268474127955,8.274611946209552,8.789812386190972,13.31715025163493,1,0,0,0
2021-11-27,2021,11,6,1,0,0,0,0,0,259,1,4297,3112,1454,2331,485,27,543,1139,0,268,.3151035606236909,268,271,118501.1833333333,27.57765495306803,21.88333333333333,16.03358208955224,0,prcp_gsod_aero,30,tmax_obs,19.4,23.1,0,0,0,0,307399,30163,1,0,32,23,5,3,3,8.365672383774996,11.68267822544277,8.043020885298283,8.365905077202456,.3383756108913195,7.282073658093465,7.754052639035757,12.63590185699091,1,0,0,0
2021-11-28,2021,11,7,1,0,0,0,0,0,260,1,802,695,252,451,91,8,370,472,0,212,.2069825436408977,238,51,17787.01666666667,22.17832502078138,16.94166666666667,3.783018867924529,15,prcp_obs,27.8,tmax_obs,17,20.8,0,1,1,0,105041,20733,1,-28,-1,-55,-21,-14,12,6.687108607866515,9.786224069388963,6.543911845564792,6.688354713946762,.314214463840399,5.529429087511423,6.111467339502679,11.56210602911415,1,0,0,0
2021-11-29,2021,11,1,0,0,0,0,0,0,261,1,11054,7719,3522,5994,1463,75,316,2272,0,268,.1372353899041071,269,258,211250.4,19.11076533381581,15.63333333333333,41.24626865671642,0,prcp_obs,26,tmax_gsod_aero,17.2,20.7,0,0,0,0,553647,34868,1,-12,30,5,-15,-4,7,9.310547632393208,12.26079943870875,8.951440100949855,9.310638093291546,.3186176949520536,8.166784289056151,8.698514247876609,13.22428257852583,1,0,0,0
2021-11-30,2021,11,2,0,0,0,0,0,0,262,1,12260,8504,3957,6669,1546,88,488,2416,0,269,.1389070146818923,269,261,236176.1833333333,19.26396275149538,15.73333333333333,45.57620817843866,0,prcp_gsod_aero,26,tmax_gsod_aero,14.5,21.3,0,0,0,0,588403,35390,1,-7,31,30,-9,-3,6,9.414097209490203,12.37233334503373,9.048291920021784,9.414178772232386,.3227569331158238,8.283241441385425,8.805225202632306,13.28516736626882,1,0,0,0
2021-12-01,2021,12,3,0,0,0,0,0,0,263,1,11669,8208,3687,6446,1461,75,622,2454,0,268,.1335161539120747,268,222,219507.75,18.81118776244751,15.23333333333333,43.54104477611941,0,prcp_gsod_aero,26.5,tmax_obs,16.5,19.7,0,0,0,0,,,0,-6,39,27,-8,-2,5,9.364691031806107,12.29914281839115,9.012864567410551,9.364776725280601,.3159653783529008,8.212568398234145,8.771215062375383,,1,0,0,0
2021-12-02,2021,12,4,0,0,0,0,0,0,264,1,12263,8530,3987,6687,1508,81,651,2638,0,269,.1338987197260051,269,289,232132.0333333333,18.92946532931039,15.78333333333333,45.58736059479554,0,prcp_gsod_aero,23,tmax_gsod_aero,16.9,21.1,0,0,0,0,202866,18068,1,-6,36,21,-8,-4,6,9.414341877762027,12.35506159796263,9.051344640485725,9.41442342055165,.3251243578243497,8.290794347381356,8.807920622053979,12.2203009415408,1,0,0,0
2021-12-03,2021,12,5,0,0,0,0,0,0,265,1,11581,8063,3615,6459,1441,66,883,2631,0,269,.1334945168810983,270,257,218148.0666666667,18.83672106611404,15.51666666666667,43.05204460966543,0,prcp_gsod_aero,26.4,tmax_obs,18.7,22,0,0,0,0,262367,20942,1,-3,37,17,-7,-5,6,9.357121103184378,12.29292931610894,8.995040974685022,9.357207447785735,.3121492099127882,8.192847134592865,8.773229786032474,12.47749956594822,1,0,0,0
2021-12-04,2021,12,6,1,0,0,0,0,0,266,1,4099,3064,1336,2225,511,27,465,1170,0,267,.3008050744083923,268,237,114866,28.02293242254208,20.93333333333333,15.35205992509363,0,prcp_obs,24.6,tmax_aero,19,22,0,0,0,0,,,0,12,42,41,17,4,3,8.318498320504338,11.65152151056049,8.027476530860483,8.318742252692399,.3259331544279093,7.197435354096591,7.707512194600341,,1,0,0,0
2021-12-05,2021,12,7,1,0,0,0,0,0,267,1,3770,2796,1256,2012,473,29,496,1124,0,265,.3557029177718833,265,280,110517.0166666667,29.31485853227233,23.41666666666667,14.22641509433962,.7619999999999999,prcp_gsod_aero,26.1,tmax_obs,19.4,21.7,0,0,0,0,,,0,10,39,16,6,-5,6,8.234830280442056,11.61292478506704,7.935945103353701,8.235095497258357,.33315649867374,7.135687347028144,7.60688453121963,,1,0,0,0
2021-12-06,2021,12,1,0,0,0,0,0,0,268,1,12142,8417,3964,6556,1530,92,617,2518,0,268,.1447866908252347,270,345,234077.2333333333,19.27830944929446,15.85,45.30597014925373,0,prcp_gsod_aero,24,tmax_gsod_aero,16.9,22.3,0,0,0,0,,,0,-2,39,18,-8,-7,7,9.404425795690379,12.36340639686307,9.038008749211576,9.404508151053818,.326470103772031,8.285008895449879,8.78813593986372,,1,0,0,0
2021-12-07,2021,12,2,0,0,0,0,0,0,269,1,6024,4894,1981,3247,740,56,567,1528,0,268,.12367197875166,269,111,110814.3333333333,18.39547366091191,14.8,22.47761194029851,0,prcp_gsod_aero,26,tmax_gsod_aero,20.6,23.8,0,0,0,0,,,0,11,44,45,3,-3,3,8.703506769479729,11.61561140714295,8.495765244002618,8.703672758358856,.3288512616201859,7.591357046698551,8.085486772102845,,1,0,0,0
2021-12-08,2021,12,3,0,1,0,0,1,0,270,1,5251,3754,1714,2796,696,45,483,1344,0,269,.3422205294229671,270,359,153150.4166666667,29.16595251698089,22.6,19.52044609665428,0,prcp_gsod_aero,28.7,tmax_obs,19.3,23.7,0,0,0,0,,,0,-17,21,29,-37,-65,13,8.566173813637859,11.93917583290147,8.230577217146454,8.566364235422688,.3264140163778328,7.446585099157725,7.935945103353701,,1,0,0,0
2021-12-09,2021,12,4,0,0,0,0,0,0,271,1,12131,8428,3925,6619,1504,83,776,2702,0,269,.1399719726320996,270,267,230158.9166666667,18.97279009699668,15.61666666666667,45.09665427509294,0,prcp_gsod_aero,28.7,tmax_obs,20.3,23.2,0,0,0,0,,,0,-1,38,21,-3,-5,6,9.403519438770919,12.34652529134377,9.03931477492408,9.403601868808472,.3235512323798533,8.275121630216509,8.797699580118923,,1,0,0,0
2021-12-10,2021,12,5,0,0,0,0,0,0,272,1,11586,8033,3639,6412,1451,84,764,2404,0,269,.136198860693941,269,266,220522.65,19.03354479544278,15.83333333333333,43.07063197026022,0,prcp_gsod_aero,26.1,tmax_obs,20.5,22.8,0,0,0,0,,,0,0,38,32,1,-4,6,9.35755275165657,12.30375568968202,8.991313336173812,9.357639058997062,.3140859658208182,8.19946419761216,8.765926513729443,,1,0,0,0
2021-12-11,2021,12,6,1,0,0,0,0,0,273,1,4215,3134,1349,2294,533,39,511,1231,0,268,.3236061684460261,269,232,115863.1333333333,27.48828786081455,21.71666666666667,15.72761194029851,0,prcp_gsod_aero,28,tmax_gsod_aero,19.2,24.2,0,0,0,0,,,0,12,38,41,20,8,1,8.346404870435956,11.66016488841865,8.050065422915965,8.346642090221199,.3200474495848161,7.207118856207756,7.738052297689316,,1,0,0,0
2021-12-12,2021,12,7,1,0,0,0,0,0,274,1,3457,2569,1164,1865,407,21,520,1224,0,267,.3436505640728956,269,226,99438.5,28.76439109054093,22.8,12.94756554307116,3.048,prcp_gsod_aero,30,tmax_obs,22.8,25.4,0,1,0,0,,,0,5,34,7,4,0,5,8.148156439921625,11.50729464159777,7.851271997109883,8.148445666243235,.3367081284350593,7.059617628291383,7.531016332077916,,1,0,0,0
2021-12-13,2021,12,1,0,0,0,0,0,0,275,1,11533,8008,3835,6105,1511,82,512,2372,0,269,.1453221191363912,269,232,225759.0833333333,19.57505274718923,15.73333333333333,42.87360594795539,0,prcp_gsod_aero,30.2,tmax_obs,20.5,24.4,0,0,0,0,634911,35381,1,1,39,17,-5,-4,6,9.35296777022594,12.32722370671931,8.988196320995057,9.353054474175359,.3325240613890575,8.251924713801357,8.716863386544805,13.36124011057154,1,0,0,0
2021-12-14,2021,12,2,0,0,0,0,0,0,276,1,10847,7609,3607,5809,1359,72,575,1469,0,269,.1310961556190652,269,234,204405.2833333333,18.84440705571433,15.48333333333333,40.32342007434944,0,prcp_gsod_aero,28.7,tmax_obs,20,23.9,0,0,0,0,642830,35722,1,1,36,25,-4,-3,6,9.291643823040218,12.22785998498807,8.937087036176523,9.291736010180177,.3325343412925233,8.19063168090354,8.667163717992533,13.37363558257163,1,0,0,0
2021-12-15,2021,12,3,0,0,0,0,0,0,277,1,10758,7569,3431,5900,1363,64,470,2240,0,268,.1487265290946273,269,233,221435.8333333333,20.5833643180269,15.925,40.14179104477612,5.08,prcp_gsod_aero,25.6,tmax_aero,19.1,23.1,0,1,0,0,655282,36231,1,7,42,31,-3,-3,5,9.283404942833188,12.30788813500127,8.931816237309167,9.283497892593909,.3189254508272914,8.14060704285845,8.682707629893811,13.39282095631521,1,0,0,0
2021-12-16,2021,12,4,0,0,0,0,0,0,278,1,10735,7638,3479,5820,1364,72,634,2350,0,268,.1430833721471821,270,237,214266.1666666667,19.95958702064896,15.78333333333333,40.05597014925373,0,prcp_gsod_aero,28.2,tmax_obs,16.7,21.4,0,0,0,0,665119,36160,1,6,40,22,-3,-4,5,9.281264710312881,12.2749742906339,8.940891067785461,9.281357859211463,.3240801117838845,8.154500175151942,8.669055540725484,13.40772125099724,1,0,0,0
2021-12-17,2021,12,5,0,0,0,0,0,0,279,1,10346,7360,3348,5615,1314,69,786,2360,0,269,.1458534699400735,269,230,202654.9,19.58775372124493,15.95,38.46096654275093,0,prcp_gsod_aero,25,tmax_gsod_aero,18.7,22.8,0,0,0,0,674747,36455,1,8,41,23,-1,-4,4,9.24435525056346,12.21925981138417,8.903815211722922,9.244451901604951,.323603324956505,8.116118431609365,8.633196867172543,13.42209308477922,1,0,0,0
2021-12-18,2021,12,6,1,0,0,0,0,0,280,1,3921,2905,1248,2151,498,24,495,1129,0,265,.2963529711808212,268,227,106230.0833333333,27.09259967695316,20.55,14.79622641509434,0,prcp_gsod_aero,26,tmax_gsod_aero,20.4,24,0,0,0,0,406915,31524,1,21,47,32,26,9,0,8.274102002292331,11.57336261823514,7.974188669286011,8.274357006756292,.3182861514919663,7.129297548929373,7.67368812926773,12.91635959740469,1,0,0,0
2021-12-19,2021,12,7,1,0,0,0,0,0,281,1,3762,2751,1237,2018,488,19,524,1232,0,267,.3367889420521,268,289,110599.8,29.39920255183413,23.15,14.08988764044944,0,prcp_gsod_aero,28,tmax_gsod_aero,20.8,25.5,0,0,0,0,211377,24164,1,22,43,28,22,9,1,8.232706009860976,11.61367355975047,7.919719760924575,8.232971790593437,.3288144603934078,7.120444372392488,7.609862200913554,12.26139854801301,1,0,0,0
2021-12-20,2021,12,1,0,0,0,0,0,0,282,1,10122,7102,3180,5569,1298,75,616,2264,0,269,.1388065599683857,269,221,196388.9166666667,19.40218500955016,15.8,37.62825278810409,0,prcp_gsod_aero,28.1,tmax_aero,20.7,26.1,0,0,0,0,713058,35561,1,14,48,28,4,-10,5,9.222466551774023,12.18785224085935,8.868131713503033,9.222565341598752,.3141671606401897,8.064636475774222,8.624970783589669,13.47731804251155,1,0,0,0
2021-12-21,2021,12,2,0,0,0,0,0,0,283,1,9979,6995,3220,5432,1262,65,506,2137,0,269,.1384908307445636,270,203,224103.5,22.45751077262251,15.46666666666667,37.09665427509294,0,prcp_gsod_aero,31.2,tmax_obs,23,25.2,0,0,0,0,672157,35823,1,19,53,29,1,-9,4,9.208238163884312,12.31986327769472,8.852950887099581,9.20833836930551,.3226776230083175,8.077136638538454,8.600062669238533,13.41824722317021,1,0,0,0
2021-12-22,2021,12,3,0,0,0,0,0,0,284,1,10049,7022,3214,5451,1295,89,646,2283,0,269,.1468802865956812,269,222,195124.1333333333,19.41726871662189,15.9,37.35687732342007,0,prcp_obs,28,tmax_gsod_aero,21.1,25.8,0,0,0,0,661893,35873,1,18,66,33,1,-10,3,9.21522840604896,12.1813912162106,8.856803356728378,9.215327913487222,.3198328191859887,8.075271546297458,8.603554357064281,13.40285919043544,1,0,0,0
2021-12-23,2021,12,4,0,0,0,0,0,0,285,1,9086,6298,2904,4970,1151,61,681,2007,0,268,.1476997578692494,268,156,176315.8833333333,19.40522598870057,15.4,33.90298507462686,0,prcp_gsod_aero,30.1,tmax_obs,22.6,25.8,0,0,0,0,600021,35536,1,13,75,12,-4,-18,4,9.114490046319348,12.08003245697298,8.74798740166097,9.114600099695347,.3196125907990315,7.973844375944687,8.511175119090675,13.3047199335858,1,0,0,0
2021-12-24,2021,12,5,0,0,0,0,0,0,286,1,4774,3406,1493,2655,584,42,634,1003,0,269,.1644323418516967,269,102,97246.41666666667,20.37000768049155,15.775,17.74721189591078,0,prcp_gsod_aero,31,tmax_gsod_aero,22.9,27.7,0,0,0,0,211728,23255,1,-35,40,-35,-41,-58,11,8.470939806898775,11.48500341418659,8.133293861222633,8.471149252914831,.3127356514453289,7.30854279753919,7.884199933676039,12.26305771101283,1,0,0,0
2021-12-25,2021,12,6,1,1,0,0,1,0,287,1,2632,1915,800,1390,420,22,403,1005,0,265,.3844984802431611,267,221,83458.86666666667,31.70929584599798,24.05,9.932075471698113,4.1,prcp_obs,33.8,tmax_obs,21.4,26.4,0,1,0,0,71375,18252,1,-72,-71,-30,-54,-62,5,7.875499292445208,11.33210917469397,7.557472901614746,7.87587915949631,.303951367781155,6.684611727667927,7.237059026124737,11.17570294695831,1,0,0,0
2021-12-26,2021,12,7,1,0,0,0,0,1,288,1,2818,2070,939,1427,438,14,297,711,0,266,.3896380411639461,268,212,90159.36666666667,31.99409746865389,24.84166666666667,10.59398496240602,0,prcp_obs,31.5,tmax_aero,19,26.4,0,0,0,0,135889,22414,1,-20,17,-6,-13,-9,5,7.943782692458625,11.40933412414004,7.635303886259415,7.944137491114113,.3332150461320085,6.844815479208263,7.263329617476837,11.81959365499424,1,0,0,0
2021-12-27,2021,12,1,0,0,0,0,0,0,289,1,8526,5956,2640,4760,1080,46,497,1989,0,269,.1554069903823598,270,254,170455.95,19.99248768472906,16.05,31.69516728624535,0,prcp_gsod_aero,33.2,tmax_obs,21.8,26.2,0,0,0,0,476841,34275,1,-13,30,-2,-21,-25,9,9.050875597325156,12.04623218455433,8.6921543938039,9.050992878742049,.3096410978184377,7.878534196140362,8.468002947225466,13.07493838096924,1,0,0,0
2021-12-28,2021,12,2,0,0,0,0,0,0,290,1,8374,5819,2668,4499,1156,51,468,2025,0,269,.1564365894435157,269,256,166161.25,19.8425185096728,16.08333333333333,31.13011152416357,0,prcp_gsod_aero,32,tmax_gsod_aero,23.5,28.4,0,0,0,0,482821,34216,1,-11,33,7,-20,-26,9,9.032886946579088,12.02071398139122,8.66888370465667,9.033006356693267,.3186052065918318,7.889084407035514,8.411610428841172,13.08740126353133,1,0,0,0
2021-12-29,2021,12,3,0,0,0,0,0,0,291,1,7464,5217,2376,4107,935,46,532,1844,0,269,.1480439442658092,269,170,144439.4833333333,19.35148490532333,15.4,27.74721189591078,0,prcp_gsod_aero,33.5,tmax_gsod_aero,25,31.9,0,0,0,0,455009,33463,1,-15,40,3,-22,-27,8,8.91784674252718,11.88061589835186,8.559677803022392,8.917980709973291,.3183279742765273,7.773173680482536,8.320448113956559,13.02807247795724,1,0,0,0
2021-12-30,2021,12,4,0,0,0,0,0,0,292,1,7080,4957,2253,3914,858,55,507,1779,0,269,.1471751412429379,269,206,136679.3166666667,19.30498822975518,15.88333333333333,26.31970260223048,0,prcp_gsod_aero,37.2,tmax_obs,26.4,30.9,0,0,0,0,436598,34402,1,-17,53,-7,-23,-32,8,8.865029186687766,11.82539270670449,8.508555998020574,8.865170419651774,.3182203389830509,7.720017940432244,8.272315147956022,12.98676814223545,1,0,0,0
2021-12-31,2021,12,5,0,0,0,0,0,0,293,1,4240,3008,1254,2378,579,29,529,964,0,269,.1806603773584906,269,139,87870.56666666667,20.72419025157233,16.33333333333333,15.76208178438662,0,prcp_gsod_aero,36,tmax_obs,22,28.1,0,0,0,0,163685,22546,1,-51,24,-40,-50,-65,14,8.352318548226004,11.38362017738985,8.00903068506973,8.352554369474591,.2957547169811321,7.134093721192866,7.774015077250727,12.00569912812847,1,0,0,0
2022-01-01,2022,1,6,1,1,0,0,1,0,294,1,2262,1690,714,1211,320,17,529,1039,0,264,.394341290893015,266,171,68371.56666666667,30.22615679339817,24.93333333333333,8.568181818181818,6.095999999999999,prcp_gsod_aero,33.5,tmax_obs,20.72222222222222,24.9,0,1,0,0,,,0,-75,-74,-40,-60,-65,9,7.724004656676065,11.13271232517897,7.432483807917119,7.724446645633537,.3156498673740053,6.570882962339584,7.099201743553092,,1,0,0,0
2022-01-02,2022,1,7,1,0,0,0,0,1,295,1,3165,2257,1091,1662,391,21,237,871,0,262,.423696682464455,265,285,106507.3,33.65159557661927,26.3,12.08015267175573,0,prcp_gsod_aero,30,tmax_gsod_aero,19.5,26,0,0,0,0,,,0,-27,14,-8,-18,-14,6,8.059908334578276,11.57596880638348,7.721791776817535,8.060224240440958,.3447077409162717,6.994849985833071,7.415776975415394,,1,0,0,0
2022-01-03,2022,1,1,0,0,0,0,0,0,296,1,7420,5124,2393,4055,918,54,451,1959,0,269,.1444743935309973,269,228,150458.7166666667,20.27745507637017,15.93333333333333,27.58364312267658,0,prcp_gsod_aero,31.72222222222222,tmax_gsod_aero,24,29.7,0,0,0,0,,,0,-29,20,-13,-31,-35,11,8.911934336161426,11.9214440176791,8.541690663016626,8.912069097970134,.3225067385444744,7.780303087908373,8.307705966549513,,1,0,0,0
2022-01-04,2022,1,2,0,0,0,0,0,0,297,1,7212,5038,2416,3819,945,32,402,1486,0,269,.153771491957848,269,223,153303.7333333333,21.25675725642448,15.75,26.81040892193309,0,prcp_gsod_aero,35.8,tmax_obs,24.8,28.8,0,0,0,0,,,0,-27,24,-2,-30,-34,12,8.883501584323208,11.94017641768362,8.524764456912555,8.883640232503673,.3349972268441486,7.789868559054706,8.247743887225516,,1,0,0,0
2022-01-05,2022,1,3,0,0,0,0,0,0,298,1,7617,5347,2520,4069,971,57,383,1812,0,269,.1630563213863726,269,214,164507.1166666667,21.59736335390136,16.75,28.31598513011153,0,prcp_gsod_aero,32,tmax_obs,16,21.9,0,0,0,0,,,0,-21,32,9,-29,-34,11,8.938137870372788,12.01070911066312,8.584290934948731,8.938269147038549,.3308389129578575,7.832014180505469,8.31115254800169,,1,0,0,0
2022-01-06,2022,1,4,0,0,0,0,0,0,299,1,8335,5725,2803,4366,1109,57,397,1828,0,269,.1577684463107379,269,259,168553.5,20.22237552489502,16.33333333333333,30.98513011152416,0,prcp_gsod_aero,26,tmax_gsod_aero,18.8,23.1,0,0,0,0,,,0,-28,23,-8,-32,-36,13,9.028218795184895,12.03500848579814,8.65259782842244,9.028338763993148,.3362927414517097,7.938445551164788,8.38160253710989,,1,0,0,0
2022-01-07,2022,1,5,0,0,0,0,0,0,300,1,8074,5601,2672,4269,1088,45,431,1751,0,269,.1652216992816448,270,254,168094.2333333333,20.81920155230782,16.78333333333334,30.01486988847584,0,prcp_gsod_aero,29.3,tmax_obs,21,24.8,0,0,0,0,,,0,-31,21,-15,-32,-35,15,8.996404301412886,12.03228001383108,8.630700432209832,8.996528148090857,.33093881595244,7.890582534656536,8.359134886757962,,1,0,0,0
2022-01-08,2022,1,6,1,0,0,0,0,0,301,1,3517,2469,1174,1834,492,17,312,987,0,264,.3790162069945977,268,231,108674.1333333333,30.89966827788835,24.2,13.3219696969697,0,prcp_gsod_aero,28,tmax_gsod_aero,21.9,25.3,0,0,0,0,,,0,-27,20,-9,-19,-13,9,8.165363632473982,11.59610908097664,7.81156848934518,8.165647925297504,.3338072220642593,7.068172000388042,7.51425465281641,,1,0,0,0
2022-01-09,2022,1,7,1,0,0,0,0,0,302,1,3447,2516,1207,1732,491,17,353,1026,0,265,.4174644618508848,268,284,117627.35,34.12455758630694,26.61666666666667,13.00754716981132,0,prcp_gsod_aero,29.5,tmax_gsod_aero,21.3,25.9,0,0,0,0,,,0,-27,17,-9,-17,-11,9,8.145259566516865,11.67527685543412,7.830425617820331,8.145549631783585,.3501595590368437,7.095893221097532,7.457032089122381,,1,0,0,0
2022-01-10,2022,1,1,0,0,0,0,0,0,303,1,7869,5287,2495,4230,1097,47,440,2093,0,269,.1545304358876604,269,239,155354.2166666667,19.74256152836023,16.06666666666667,29.25278810408922,0,prcp_gsod_aero,31.27777777777778,tmax_gsod_aero,23.2,28.6,0,0,0,0,,,0,-31,20,-19,-33,-37,13,8.970686268534983,11.95346305746324,8.57300625623545,8.970813341411448,.3170669716609481,7.822044008185619,8.349957272040324,,1,0,0,0
2022-01-11,2022,1,2,0,0,0,0,0,0,304,1,6419,4482,2058,3465,849,47,411,1713,0,268,.1361582801059355,269,169,125192.75,19.50346627200499,15.2,23.95149253731343,0,prcp_gsod_aero,35,tmax_gsod_aero,25.5,32.6,0,0,0,0,,,0,-35,9,-17,-36,-37,13,8.767017621311778,11.7376098286232,8.407824654360873,8.767173396684006,.3206106870229007,7.629489916393995,8.150467911624004,,1,0,0,0
2022-01-12,2022,1,3,0,0,0,0,0,0,305,1,8266,5612,2615,4437,1168,46,478,2214,0,269,.1532784902008227,269,254,163322.3166666667,19.75832526816679,15.8,30.72862453531598,0,prcp_gsod_aero,41.1,tmax_obs,21.8,27.8,0,0,0,0,,,0,-30,25,-6,-34,-35,12,9.019905995071678,12.00348093016432,8.632662441222351,9.020026965252676,.3163561577546576,7.869019376499023,8.39773375137891,,1,0,0,0
2022-01-13,2022,1,4,0,0,0,0,0,0,306,1,7546,5223,2431,4029,1038,48,543,2164,0,269,.1508083752981712,269,223,147626.25,19.56351046912272,15.68333333333333,28.05204460966543,0,prcp_gsod_aero,32.27777777777778,tmax_gsod_aero,23.5,29.1,0,0,0,0,,,0,-35,14,-22,-36,-36,14,8.928772900524256,11.90243902086432,8.560827228436299,8.928905412284868,.3221574344023324,7.796057974316123,8.301273485191347,,1,0,0,0
2022-01-14,2022,1,5,0,0,0,0,0,0,307,1,6313,4376,1995,3488,781,49,538,1760,0,267,.1435133850784096,270,145,126686.3,20.06752732456835,15.13333333333333,23.64419475655431,0,prcp_gsod_aero,36.22222222222223,tmax_gsod_aero,26,32.3,0,0,0,0,,,0,-39,5,-28,-38,-36,15,8.750366278367626,11.7494692310232,8.383890344101816,8.750524669117937,.3160145731031205,7.598399329323964,8.15708378502887,,1,0,0,0
2022-01-15,2022,1,6,1,0,0,0,0,0,308,1,1835,1387,523,1052,239,21,305,586,0,251,.2790190735694823,260,95,48231.45,26.2841689373297,19.46666666666667,7.310756972111554,0,prcp_gsod_aero,41.5,tmax_obs,29.8,33.5,0,0,0,0,,,0,-39,5,-35,-27,-12,9,7.51479976048867,10.78376657688644,7.234898420314831,7.515344571180436,.2850136239782016,6.259581464064923,6.958448393297656,,1,0,0,0
2022-01-16,2022,1,7,1,0,0,0,0,0,309,1,1984,1477,633,1085,256,10,60,589,0,259,.3739919354838709,266,136,60805.18333333333,30.64777385752688,23.8,7.66023166023166,55.118,prcp_gsod_aero,38.8,tmax_obs,22.2,27.3,0,1,1,0,,,0,-26,17,-28,-21,-8,10,7.592870287844818,11.01543031651348,7.29776828253138,7.59337419312129,.3190524193548387,6.450470422144176,6.98933526597456,,1,0,0,0
2022-01-17,2022,1,1,0,0,0,0,0,0,310,1,7333,5056,2365,3986,936,46,305,1433,0,269,.1385517523523797,269,212,140228.15,19.12288967680349,15.41666666666667,27.26022304832714,3.048,prcp_gsod_aero,33,tmax_obs,21,24.8,0,1,0,0,,,0,-28,20,-23,-32,-35,12,8.9001399880938,11.85102601802154,8.528330935826693,8.900276348631271,.3225146597572617,7.768533300926033,8.29054350077274,,1,0,0,0
2022-01-18,2022,1,2,0,0,0,0,0,0,311,1,5182,3722,1638,2845,678,21,313,876,0,269,.1146275569278271,269,106,93340.76666666666,18.01249839186929,14.25,19.2639405204461,9.9,prcp_obs,28,tmax_obs,21.5,23.3,0,1,0,0,,,0,-30,12,-29,-33,-34,14,8.552946361122055,11.4440122331691,8.222016437202196,8.553139318189707,.3160941721343111,7.401231264413015,7.953318346560431,,1,0,0,0
2022-01-19,2022,1,3,0,0,0,0,0,0,312,1,7101,5029,2225,3921,911,44,235,1619,0,269,.1547669342346149,269,214,141595.8166666667,19.94026428202601,16.3,26.39776951672862,25.9,prcp_obs,27,tmax_gsod_aero,21.1,23.8,0,1,1,0,,,0,-24,24,-11,-31,-33,12,8.867990898182093,11.86073191649084,8.522976436171964,8.868131713503033,.313336149838051,7.707512194600341,8.274102002292331,,1,0,0,0
2022-01-20,2022,1,4,0,0,0,0,0,0,313,1,8012,5544,2590,4368,1014,40,462,1862,0,268,.1460309535696455,268,206,154520.7833333333,19.28616866367116,15.75,29.8955223880597,.5,prcp_obs,29,tmax_gsod_aero,21.9,25.7,0,0,0,0,,,0,-28,16,-17,-33,-33,13,8.988695696785708,11.94808388622979,8.620471540869739,8.98882050177807,.3232651023464803,7.859413154693583,8.382060517424741,,1,0,0,0
2022-01-21,2022,1,5,0,0,0,0,0,0,314,1,7326,5106,2393,3986,907,40,538,1542,0,269,.1347256347256347,269,191,140875.6833333333,19.22955000455,15.025,27.23420074349442,0,prcp_obs,30.4,tmax_obs,24.4,27,0,0,0,0,,,0,-28,14,-22,-31,-31,15,8.89918494333876,11.85563310196622,8.53817159780143,8.899321434159964,.3266448266448266,7.780303087908373,8.29054350077274,,1,0,0,0
2022-01-22,2022,1,6,1,0,0,0,0,0,315,1,1944,1529,586,1098,245,15,280,435,0,258,.3184156378600823,263,121,54583.78333333333,28.07807784636488,21.7,7.534883720930233,3,prcp_obs,30.5,tmax_obs,21,24.9,0,1,0,0,,,0,-28,11,-34,-22,-8,11,7.572502985020384,10.90749210907021,7.332369205929062,7.573017256052546,.301440329218107,6.373319789577012,7.001245622069476,,1,0,0,0
2022-01-23,2022,1,7,1,0,0,0,0,0,316,1,3045,2249,1003,1613,416,13,234,831,0,260,.3911330049261084,266,252,92871.55,30.49968801313629,25.16666666666667,11.71153846153846,0,prcp_obs,28.6,tmax_obs,20.7,23.6,0,0,0,0,,,0,-12,26,-5,-13,-2,9,8.021256180143997,11.43897263462755,7.718240951959316,8.021584533455107,.3293924466338259,6.910750787961936,7.385851078125209,,1,0,0,0
2022-01-24,2022,1,1,0,0,0,0,0,0,317,1,8907,6082,2870,4748,1240,49,490,2163,0,269,.156169305040979,269,221,177972.7333333333,19.98122076269601,16.18333333333333,33.11152416356877,0,prcp_gsod_aero,29,tmax_gsod_aero,20.6,25.5,0,0,0,0,,,0,-21,21,-9,-28,-30,11,9.094592763431869,12.08938563401983,8.71308886823731,9.094705028377259,.3222184798473111,7.962067308753666,8.465478755729558,,1,0,0,0
2022-01-25,2022,1,2,0,0,0,0,0,0,318,1,7999,5589,2505,4429,1017,48,451,1932,0,269,.1383922990373797,270,200,150450.3,18.80863857982248,15.13333333333333,29.73605947955391,0,prcp_gsod_aero,29,tmax_gsod_aero,23.8,27.4,0,0,0,0,,,0,-26,15,-13,-30,-30,12,8.987071812848821,11.92138807607415,8.628555659269699,8.987196820661973,.3131641455181898,7.826044013518965,8.395929103923198,,1,0,0,0
2022-01-26,2022,1,3,0,0,0,0,0,0,319,1,7912,5519,2558,4299,998,57,363,1883,0,269,.1380182002022245,269,179,148313.8166666667,18.74542677789013,15.16666666666667,29.41263940520446,3,prcp_obs,31.4,tmax_obs,22,25.6,0,1,0,0,,,0,-23,21,-10,-29,-29,11,8.976135873302548,11.90708569079007,8.615951963439501,8.976262255609193,.3233063700707786,7.846980982138788,8.366137716496281,,1,0,0,0
2022-01-27,2022,1,4,0,0,0,0,0,0,320,1,9443,6495,3022,5095,1245,81,408,1967,0,269,.1574711426453458,269,256,189324.9166666667,20.0492340004942,15.95,35.10408921933085,0,prcp_obs,28.3,tmax_obs,13.9,19.4,0,0,0,0,,,0,-20,22,-2,-26,-28,10,9.15302900526307,12.15121995382171,8.7787879291047,9.153134898205403,.3200254156518056,8.013674142832684,8.536014945656826,,1,0,0,0
2022-01-28,2022,1,5,0,0,0,0,0,0,321,1,9694,6708,3131,5210,1292,61,625,2256,0,269,.163090571487518,270,325,196669.4333333333,20.28774843545836,16.4,36.03717472118959,0,prcp_gsod_aero,24.1,tmax_aero,14.3,20.4,0,0,0,0,,,0,-19,21,-1,-25,-26,11,9.179262416405321,12.18927959491145,8.8110561229431,9.179365567676753,.3229832886321436,8.049107721326406,8.558335134747413,,1,0,0,0
2022-01-29,2022,1,6,1,0,0,0,0,0,322,1,3656,2654,1284,1902,449,21,364,1041,0,266,.3670678336980306,267,245,112461.3666666667,30.76076768781911,23.56666666666667,13.74436090225564,0,prcp_gsod_aero,27,tmax_gsod_aero,19.5,24.1,0,0,0,0,,,0,-13,23,7,-7,0,4,8.204124932574041,11.63036503424138,7.883823214892153,8.204398418149381,.3512035010940919,7.157735484249907,7.550661243105336,,1,0,0,0
2022-01-30,2022,1,7,1,0,0,0,0,0,323,1,3367,2472,1125,1789,437,16,349,963,0,266,.4113454113454114,268,292,117832.7833333333,34.99637164637165,25.61666666666667,12.6578947368421,0,prcp_gsod_aero,28.27777777777778,tmax_gsod_aero,22,25.8,0,0,0,0,,,0,-10,20,14,0,2,4,8.121777419161074,11.67702180803014,7.812782818577581,8.122074375362217,.3341253341253341,7.025538314638521,7.489412083508719,,1,0,0,0
2022-01-31,2022,1,1,0,0,0,0,0,0,324,1,9662,6637,3125,5248,1232,57,522,2208,0,269,.1589732974539433,269,286,191747.95,19.84557545021735,15.98333333333333,35.9182156133829,0,prcp_gsod_aero,29.5,tmax_obs,17.9,24.2,0,0,0,0,,,0,-17,27,-4,-23,-27,9,9.175955945114351,12.16393702816844,8.800415333145924,9.176059437999308,.3234320016559719,8.047189562170502,8.565602330623925,,1,0,0,0
2022-02-01,2022,2,2,0,0,0,0,0,0,325,1,10432,7094,3461,5526,1394,51,463,2263,0,268,.1449386503067485,268,285,202465.4,19.40810966257669,16.06666666666667,38.92537313432836,0,prcp_gsod_aero,27.5,tmax_aero,18.4,23.1,0,0,0,0,,,0,-14,29,17,-19,-25,8,9.252633284166434,12.21832428673225,8.867004635333567,9.25272913846797,.3317676380368098,8.149312843635345,8.617219505483362,,1,0,0,0
2022-02-02,2022,2,3,0,0,0,0,0,0,326,1,10008,6853,3241,5429,1284,54,567,2427,0,269,.148880895283773,270,264,206132.45,20.59676758593126,15.90833333333333,37.20446096654275,0,prcp_gsod_aero,30,tmax_gsod_aero,20.9,27.1,0,0,0,0,,,0,-17,29,10,-20,-24,8,9.211140052146748,12.23627420232579,8.832441791585824,9.211239967219019,.3238409272581935,8.083637203141548,8.599510233905452,,1,0,0,0
2022-02-03,2022,2,4,0,0,0,0,0,0,327,1,7660,5599,2419,4215,979,47,506,2176,0,268,.1493472584856397,268,191,150973.8,19.70937336814621,16.05,28.58208955223881,9.9,prcp_obs,33,tmax_obs,20.4,24.2,0,1,0,0,,,0,-22,22,-18,-26,-26,11,8.943767262734637,11.9248615908087,8.630343289348893,8.943897802516821,.3157963446475196,7.791109510610028,8.346404870435956,,1,0,0,0
2022-02-04,2022,2,5,0,0,0,0,0,0,328,1,9273,6471,2974,5049,1193,57,606,2034,0,268,.1515151515151515,269,264,195653.7,21.09928825622776,15.71666666666667,34.60074626865671,0,prcp_obs,26,tmax_gsod_aero,19.7,23.9,0,0,0,0,,,0,-13,29,-4,-18,-23,10,9.134862230800225,12.18410153878098,8.775085935057266,9.134970064951407,.3207160573708616,7.9976631270201,8.526945482858915,,1,0,0,0
2022-02-05,2022,2,6,1,0,0,0,0,0,329,1,2628,2023,814,1468,327,19,347,758,0,257,.2762557077625571,265,145,76880.88333333333,29.25452181633688,20.175,10.22568093385214,3,prcp_obs,28.6,tmax_obs,17.5,21.2,0,1,0,0,,,0,-6,32,-12,-5,-4,6,7.873978379604501,11.25001253334577,7.612336837167746,7.874358824729881,.3097412480974125,6.70196036600254,7.291656209174461,,1,0,0,0
2022-02-06,2022,2,7,1,0,0,0,0,0,330,1,3283,2424,1159,1706,402,16,290,802,0,262,.3847091075236064,265,283,98927.71666666666,30.1333282566758,24.95,12.53053435114504,.8,prcp_obs,23.5,tmax_obs,13.5,18.5,0,0,0,0,,,0,-2,32,8,1,-4,5,8.096512917501594,11.50214472775845,7.793174347189205,8.096817470572319,.3530307645446238,7.055312843339752,7.441906728051625,,1,0,0,0
2022-02-07,2022,2,1,0,0,0,0,0,0,331,1,10319,7038,3331,5589,1337,62,430,2216,0,267,.145072196918306,269,259,271484.8166666667,26.30921762444681,15.61666666666667,38.64794007490637,0,prcp_obs,24.5,tmax_gsod_aero,15,20.3,0,0,0,0,,,0,-12,32,4,-17,-22,8,9.241742135115715,12.51166149291265,8.85907931788153,9.241839039035554,.3228025971508867,8.11102783819368,8.628555659269699,,1,0,0,0
2022-02-08,2022,2,2,0,0,0,0,0,0,332,1,11195,7724,3638,5958,1539,60,463,2460,0,268,.1537293434569004,269,361,241283.7,21.55280928986155,16.36666666666667,41.77238805970149,0,prcp_gsod_aero,25.5,tmax_obs,15.1,21.1,0,0,0,0,,,0,-7,32,34,-10,-21,7,9.323222529032856,12.39372869856479,8.952087643548405,9.323311850635344,.3249665029030817,8.199189359078067,8.692490133273228,,1,0,0,0
2022-02-09,2022,2,3,0,0,0,0,0,0,333,1,11232,7765,3666,6042,1465,59,580,2580,0,268,.1523326210826211,269,323,226094.1666666667,20.12946640550807,16.15833333333334,41.91044776119403,0,prcp_gsod_aero,26.5,tmax_gsod_aero,19,23.2,0,0,0,0,,,0,-9,34,22,-15,-20,7,9.326522126265592,12.32870685813964,8.957381735582787,9.326611153641569,.3263888888888889,8.20685642839965,8.706490361946617,,1,0,0,0
2022-02-10,2022,2,4,0,0,0,0,0,0,334,1,10736,7446,3454,5774,1442,66,641,2642,0,268,.15424739195231,269,256,237519.1,22.12361214605067,16.26666666666667,40.05970149253731,0,prcp_gsod_aero,28,tmax_gsod_aero,20.6,24.9,0,0,0,0,,,0,-13,28,8,-15,-21,7,9.281357859211463,12.37800332027587,8.915432254432663,9.281450999434135,.3217213114754098,8.147288258706624,8.661120360222881,,1,0,0,0
2022-02-11,2022,2,5,0,0,0,0,0,0,335,1,7382,5359,2237,4210,883,52,714,1654,0,269,.1219181793551883,269,169,136190.7333333333,18.44902917005328,14.81666666666667,27.44237918215613,0,,30.8,tmax_obs,18.77777777777778,23.6,1,0,0,0,,,0,-19,18,-18,-18,-20,10,8.906799883589944,11.82181163318272,8.586532669494851,8.906935339059166,.3030344080195069,7.71289096149013,8.345217926676428,,1,0,0,0
2022-02-12,2022,2,6,1,0,0,0,0,0,336,1,3170,2364,1021,1727,400,22,173,665,0,263,.3176656151419559,269,202,91073.03333333334,28.72966351209254,22.05833333333333,12.0532319391635,1.016,prcp_gsod_aero,29,tmax_obs,13.9,18,0,1,0,0,,,0,-2,35,6,0,-2,4,8.061486866871327,11.41941702771919,7.768110378525988,8.061802274538348,.3220820189274448,6.928537818164665,7.454141078146678,,1,0,0,0
2022-02-13,2022,2,7,1,0,0,0,0,0,337,1,3833,2827,1269,2040,505,19,351,961,0,265,.3897730237411949,268,351,124972.95,32.60447430211323,25.18333333333333,14.46415094339623,0,prcp_gsod_aero,27.27777777777778,tmax_gsod_aero,10.5,19.3,0,0,0,0,,,0,6,31,34,10,-1,3,8.251403065380556,11.73585259286658,7.946971357693591,8.251663923605589,.3310722671536656,7.145984467714388,7.620705086838262,,1,0,0,0
2022-02-14,2022,2,1,0,0,0,0,0,0,338,1,10567,7232,3376,5731,1412,48,460,2359,0,269,.15643039651746,269,349,210870.9666666667,19.9556133875903,16.21666666666667,39.28252788104089,0,prcp_gsod_aero,28.61111111111111,tmax_gsod_aero,16.4,24.1,0,0,0,0,,,0,2,33,14,-12,-19,6,9.265491216441031,12.25900169301054,8.886270902072013,9.265585846202161,.3194851897416485,8.124446855715847,8.653645314551737,,1,0,0,0
2022-02-15,2022,2,2,0,0,0,0,0,0,339,1,10737,7428,3305,5941,1439,52,542,2493,0,269,.1436155350656608,270,272,208116.1166666667,19.38307876191363,15.75,39.91449814126394,0,prcp_gsod_aero,29.88888888888889,tmax_gsod_aero,21.1,26.9,0,0,0,0,,,0,-9,27,19,-10,-19,6,9.281450999434135,12.24585145612323,8.913011922472597,9.281544130982514,.3078141007730278,8.103191752285786,8.689632748355741,,1,0,0,0
2022-02-16,2022,2,3,0,0,0,0,0,0,340,1,9950,6970,3102,5471,1315,62,526,2390,0,275,.1412060301507538,275,236,191641.6166666667,19.26046398659967,15.6,36.18181818181818,0,prcp_gsod_aero,31.61111111111111,tmax_gsod_aero,23,29.2,0,0,0,0,,,0,-10,29,15,-15,-18,6,9.205327830152639,12.16338232691778,8.849370503754569,9.205428327615163,.3117587939698492,8.039802343736485,8.607216694063826,,1,0,0,0
2022-02-17,2022,2,4,0,0,0,0,0,0,341,1,10317,7236,3208,5609,1450,50,601,2364,0,277,.139187748376466,277,125,198789.5166666667,19.26815127136441,15.66666666666667,37.24548736462094,0,prcp_gsod_aero,36.5,tmax_obs,17.8,22.3,0,0,0,0,,,0,-12,29,3,-14,-18,7,9.241548299100376,12.20000183874912,8.886823846515187,9.241645221804594,.3109431036153921,8.073402968986406,8.632127729508337,,1,0,0,0
2022-02-18,2022,2,5,0,0,0,0,0,0,342,1,9955,7020,3062,5525,1305,63,592,2243,0,278,.1406328478151682,279,190,187391.3333333333,18.82384061610581,15.51666666666667,35.80935251798561,0,prcp_gsod_aero,25,tmax_gsod_aero,15.1,21.3,0,0,0,0,,,0,-10,28,7,-12,-16,8,9.205830216498297,12.14095440082981,8.856518497019858,9.205930663487482,.3075841285786037,8.026823576217629,8.617038526385954,,1,0,0,0
2022-02-19,2022,2,6,1,0,0,0,0,0,343,1,3424,2589,1118,1810,468,28,403,918,0,273,.3311915887850467,276,199,96716.01666666666,28.24650019470405,22.43333333333333,12.54212454212454,0,prcp_gsod_aero,26,tmax_gsod_aero,20,24.7,0,0,0,0,,,0,-2,32,19,3,0,2,8.138564737261632,11.47953430026633,7.859026979751538,8.138856750696325,.3265186915887851,7.019296653715045,7.501082124259871,,1,0,0,0
2022-02-20,2022,2,7,1,0,0,0,0,0,344,1,1613,1309,466,952,190,5,417,807,0,261,.2839429634221947,268,76,42032.3,26.05846249225046,20.56666666666667,6.180076628352491,7.112,prcp_gsod_aero,30.2,tmax_obs,18.72222222222223,21.8,0,1,0,0,,,0,-14,20,-36,-9,-7,8,7.385851078125209,10.64619364931896,7.1770187659099,7.386470848829895,.2889026658400496,6.144185634125646,6.858565034791365,,1,0,0,0
2022-02-21,2022,2,1,0,0,0,0,0,0,345,1,11088,7634,3553,6059,1411,65,407,2366,0,279,.1433080808080808,279,303,212857.6333333333,19.197117003367,15.66666666666667,39.74193548387097,.7619999999999999,prcp_gsod_aero,27.22222222222223,tmax_gsod_aero,17.4,22.1,0,0,0,0,,,0,-7,34,8,-12,-18,7,9.313618721429684,12.26837883311423,8.940367233305175,9.313708904953217,.320436507936508,8.175547596021026,8.709300048944989,,1,0,0,0
2022-02-22,2022,2,2,0,0,0,0,0,0,346,1,11480,7922,3599,6280,1543,58,468,2351,0,279,.1423344947735192,279,297,221248.8666666667,19.2725493612079,15.76666666666667,41.14695340501792,0,prcp_gsod_aero,27.9,tmax_obs,18,22.6,0,0,0,0,,,0,-9,29,21,-11,-16,7,9.348361669873558,12.30704344044651,8.977398978181862,9.348448774093813,.3135017421602788,8.188411308079031,8.745125259462244,,1,0,0,0
2022-02-23,2022,2,3,0,0,0,0,0,0,347,1,11377,7921,3615,6153,1543,66,633,2482,0,279,.1418651665641206,279,323,223582.0833333333,19.6521124490932,16.08333333333333,40.77777777777778,0,prcp_aero,27.8,tmax_obs,18.4,22.6,0,0,0,0,,,0,-9,31,25,-11,-15,6,9.339349052539717,12.31753388884752,8.977272739464279,9.339436945310593,.3177463303155489,8.192847134592865,8.724695046740491,,1,0,0,0
2022-02-24,2022,2,4,0,0,0,0,0,0,348,1,7427,5491,2283,4169,924,51,618,2123,0,278,.1373367443112966,279,136,176801.7166666667,23.80526681926305,15.25,26.7158273381295,11.9,prcp_obs,26.6,tmax_obs,20.6,22.4,0,1,1,0,,,0,-21,16,-18,-19,-19,9,8.912877287669296,12.08278413879163,8.610865667278873,8.913011922472597,.3073919482967551,7.733245646529795,8.335431477880796,,1,0,0,0
2022-02-25,2022,2,5,0,0,0,0,0,0,349,1,10272,7245,3303,5575,1339,55,606,2329,0,278,.1539135514018692,278,275,203706.3,19.83122079439253,16.23333333333333,36.94964028776978,0,prcp_gsod_aero,27,tmax_gsod_aero,15.5,23,0,0,0,0,,,0,-10,31,13,-8,-16,6,9.237177025929743,12.22443452957169,8.888066854754783,9.237274373216264,.321553738317757,8.10258642539079,8.62604759632832,,1,0,0,0
2022-02-26,2022,2,6,1,0,0,0,0,1,350,1,2413,1833,771,1313,315,14,341,684,0,270,.2871943638624119,273,148,68069.53333333334,28.2095040751485,20.9,8.937037037037037,0,prcp_gsod_aero,29.5,tmax_obs,20.4,24.6,0,0,0,0,,,0,-10,30,-13,-4,-3,5,7.788626065625032,11.12828501073073,7.513709247839705,7.789040401657477,.3195192706174886,6.647688373563329,7.180069874302796,,1,0,0,0
2022-02-27,2022,2,7,1,0,0,0,0,1,351,1,1602,1237,479,939,175,9,102,554,0,255,.3258426966292135,270,133,45390.15,28.33342696629213,22,6.282352941176471,60.2,prcp_obs,26.8,tmax_obs,22,23.4,0,1,1,0,,,0,-4,22,-31,-13,-7,9,7.379008127628304,10.72305040013771,7.120444372392488,7.379632152609553,.2990012484394507,6.171700597410915,6.844815479208263,,1,0,0,0
2022-02-28,2022,2,1,0,1,0,0,1,0,352,1,5743,4060,1918,3046,751,28,383,1351,0,277,.3520807940100992,278,558,178191.35,31.02757269719659,23.28333333333334,20.73285198555957,0,prcp_gsod_aero,29,tmax_gsod_aero,19.5,23.9,0,0,0,0,,,0,-23,3,29,-43,-73,10,8.655737000864297,12.09061325187549,8.308938252595779,8.655911110728059,.333971791746474,7.559038255443384,8.021584533455107,,1,0,0,0
2022-03-01,2022,3,2,0,1,0,0,1,0,353,1,5014,3688,1685,2614,688,27,447,1161,0,277,.3476266453928999,278,396,149834.85,29.88329676904667,23.00833333333333,18.10108303249098,0,prcp_gsod_aero,29.7,tmax_obs,14.6,21.6,0,0,0,0,,,0,-33,3,34,-42,-71,11,8.519989278718239,11.91728896653265,8.212839584676484,8.520188700396036,.3360590347028321,7.429520842786462,7.868636894184167,,1,0,0,0
2022-03-02,2022,3,3,0,0,0,0,0,0,354,1,10419,7314,3281,5676,1407,55,340,2145,0,278,.1420481812074095,279,240,219673.15,21.08389960648815,15.71666666666667,37.47841726618705,0,prcp_gsod_aero,30.61111111111111,tmax_gsod_aero,19.1,24.8,0,0,0,0,,,0,-17,32,18,-12,-14,4,9.251386341412184,12.29989603879677,8.897545598709327,9.251482315307358,.3149054611766964,8.095903532961101,8.644002038279933,,1,0,0,0
2022-03-03,2022,3,4,0,0,0,0,0,0,355,1,11628,7989,3769,6342,1466,51,530,2422,0,278,.1345889232886137,278,305,221143.0666666667,19.01815158812063,15.7,41.8273381294964,0,prcp_gsod_aero,31.5,tmax_obs,20,23.9,0,0,0,0,,,0,-17,29,6,-13,-15,6,9.361171261678766,12.30656513153513,8.985820874482043,9.361257257293044,.3241314069487444,8.234564993267135,8.754949455098293,,1,0,0,0
2022-03-04,2022,3,5,0,0,0,0,0,0,356,1,9230,6656,2859,5133,1188,50,621,2194,0,277,.1329360780065005,278,200,177781.95,19.26131635969664,15.35833333333333,33.32129963898917,0,prcp_obs,26,tmax_gsod_aero,21.4,24.3,0,0,0,0,,,0,-15,27,-3,-14,-13,7,9.130214327496898,12.0883130783484,8.803273982501045,9.130322663990151,.309750812567714,7.958227192322312,8.543445562560303,,1,0,0,0
2022-03-05,2022,3,6,1,0,0,0,0,0,357,1,3277,2549,993,1854,416,14,528,1043,0,271,.263655782728105,274,168,87278.91666666667,26.63378598311464,19.73333333333333,12.09225092250923,0,prcp_gsod_aero,28.3,tmax_obs,21.5,24.3,0,0,0,0,,,0,-2,39,-5,-4,1,6,8.094683648698815,11.37686420826982,7.843456404376116,8.094988759303774,.3030210558437596,6.900730664045173,7.5251007461258,,1,0,0,0
2022-03-06,2022,3,7,1,0,0,0,0,0,358,1,3883,2936,1268,2092,490,33,394,926,0,274,.397115632243111,274,378,118652.1,30.5568117434973,25.4,14.17153284671533,0,prcp_obs,25.1,tmax_aero,19.4,24.1,0,0,0,0,,,0,9,39,24,3,-1,6,8.264363329731667,11.68395096082233,7.984803389734406,8.264620829411216,.326551635333505,7.145196134997171,7.645875825184813,,1,0,0,0
2022-03-07,2022,3,1,0,0,0,0,0,0,359,1,10597,7438,3324,5801,1414,58,315,2229,0,275,.1375861092762103,275,271,205899.9333333333,19.43002107514706,15.73333333333333,38.53454545454545,15,prcp_obs,28.2,tmax_obs,15.6,22.9,0,1,1,0,,,0,-12,30,1,-15,-14,6,9.268326221174837,12.23514556923406,8.914357274485015,9.268420583052707,.313673681230537,8.108924155975339,8.665785595466064,,1,0,0,0
2022-03-08,2022,3,2,0,0,0,0,0,0,360,1,12145,8394,3898,6576,1607,64,517,2424,0,275,.1463976945244957,275,305,233938.9166666667,19.26215863867161,15.85,44.16363636363636,0,prcp_obs,27,tmax_aero,15.9,21.9,0,0,0,0,,,0,-6,30,42,-4,-14,4,9.404672841436273,12.36281532037696,9.035272443893536,9.40475517645752,.3209551255660766,8.268218880067506,8.791181936736017,,1,0,0,0
2022-03-09,2022,3,3,0,0,0,0,0,0,361,1,6798,5255,2018,3900,838,42,568,2129,0,274,.1338629008531921,275,134,127634.1,18.7752427184466,15.08333333333333,24.81021897810219,18,prcp_obs,27.5,tmax_obs,17.9,20.8,0,1,1,0,,,0,-22,17,-12,-19,-13,7,8.824383730256061,11.75692285556952,8.566935283311052,8.82453082152646,.2968520152986173,7.609862200913554,8.268731832117737,,1,0,0,0
2022-03-10,2022,3,4,0,0,0,0,0,0,362,1,11923,8318,3777,6488,1586,72,581,2454,0,275,.1383879895999329,276,258,239574.2333333333,20.0934524308759,15.86666666666667,43.35636363636364,0,prcp_gsod_aero,23.11111111111111,tmax_gsod_aero,16.1,20.1,0,0,0,0,,,0,-14,26,10,-9,-11,5,9.386224586806131,12.38661859909553,9.026177120302856,9.386308454797963,.3167826889205737,8.236685322712457,8.777709595795249,,1,0,0,0
2022-03-11,2022,3,5,0,0,0,0,0,0,363,1,11033,7715,3483,5960,1512,78,646,2228,0,275,.1421190972536935,275,287,213980.7666666667,19.39461313030605,15.86666666666667,40.12,0,prcp_gsod_aero,24.8,tmax_obs,13.6,19.4,0,0,0,0,,,0,-10,25,10,-11,-9,5,9.308646060760307,12.27364141457555,8.950921764797261,9.308736693832376,.3156892957491163,8.155649270366002,8.692825760059396,,1,0,0,0
2022-03-12,2022,3,6,1,0,0,0,0,0,364,1,3744,2818,1202,2003,524,15,404,863,0,274,.3344017094017094,276,276,105904.4166666667,28.28643607549858,23.24166666666667,13.66423357664234,0,prcp_gsod_aero,25.1,tmax_obs,12.2,18.8,0,0,0,0,,,0,2,32,22,4,3,2,8.227909837597483,11.57029223673179,7.943782692458625,8.22817689595132,.3210470085470086,7.091742115095153,7.602401335665818,,1,0,0,0
2022-03-13,2022,3,7,1,0,0,0,0,0,365,1,4142,3056,1399,2230,490,23,419,1078,0,269,.3913568324480927,275,385,133901.4833333333,32.3277361982939,25.6,15.39776951672863,0,prcp_gsod_aero,22.77777777777778,tmax_gsod_aero,13.6,20.2,0,0,0,0,,,0,7,35,30,7,-1,3,8.328934041955529,11.80485960953675,8.024862150286412,8.329175442077402,.3377595364558185,7.243512974665482,7.709756864454165,,1,0,0,0
2022-03-14,2022,3,1,0,0,0,0,0,0,366,1,12420,8535,4088,6742,1541,49,479,2463,0,275,.1356682769726248,276,352,232977.4166666667,18.75824610842727,15.58333333333333,45.16363636363636,0,prcp_gsod_aero,25.22222222222223,tmax_gsod_aero,15.3,21.2,0,0,0,0,,,0,-15,23,6,-11,-9,5,9.427063355487469,12.35869680367299,9.051930635228541,9.427143867544194,.32914653784219,8.315811131883541,8.816111895794005,,1,0,0,0
2022-03-15,2022,3,2,0,0,0,0,0,0,367,1,12648,8778,3963,6959,1655,71,490,2507,0,275,.1431846932321316,276,331,242006.35,19.1339618912081,15.76666666666667,45.99272727272727,0,prcp_gsod_aero,28.72222222222223,tmax_gsod_aero,19,24.4,0,0,0,0,,,0,-13,22,24,-6,-8,4,9.445254378889308,12.39671924446399,9.080003870248179,9.445333439647541,.3133301707779886,8.284756593190435,8.84779106484485,,1,0,0,0
2022-03-16,2022,3,3,0,0,0,0,0,0,368,1,13038,9085,4163,7156,1662,57,607,2705,0,276,.1409725418008897,277,373,249667.8166666667,19.14924195940073,15.75,47.23913043478261,0,prcp_gsod_aero,31.1,tmax_obs,20.5,25,0,0,0,0,,,0,-12,26,26,-6,-6,4,9.475623449484484,12.42788657996216,9.114379980830272,9.475700145423472,.3192974382574014,8.333991247194975,8.875706444628611,,1,0,0,0
2022-03-17,2022,3,4,0,0,0,0,0,0,369,1,12827,8956,3982,7106,1675,64,720,2779,0,275,.1330786621969284,275,403,244238.2,19.04094488188976,15.45,46.64363636363636,0,prcp_gsod_aero,28.11111111111111,tmax_gsod_aero,21.5,26,0,0,0,0,,,0,-14,21,6,-8,-7,5,9.45930760329985,12.40589925758141,9.100078977718646,9.459385560813045,.3104389179075388,8.289539484624141,8.868694776580972,,1,0,0,0
2022-03-18,2022,3,5,0,0,0,0,0,0,370,1,7448,5664,2229,4282,898,39,642,2033,0,276,.1335929108485499,276,160,141581.8333333333,19.0093761188686,15.00833333333333,26.98550724637681,4.1,prcp_obs,31.5,tmax_obs,14.77777777777778,18.5,0,1,0,0,,,0,-16,15,-21,-12,-6,7,8.915700818956903,11.86063315634261,8.641885635373555,8.915835074176277,.2992749731471536,7.709308333385869,8.362175469149628,,1,0,0,0
2022-03-19,2022,3,6,1,0,0,0,0,0,371,1,2573,2075,812,1439,306,16,369,871,0,269,.3070345899727944,275,135,70751.86666666667,27.49781059722762,20.63333333333333,9.565055762081784,7.9,prcp_obs,19.4,tmax_aero,8.199999999999999,15.6,0,1,0,0,,,0,6,32,9,6,3,3,7.852827812281745,11.16693419913859,7.637716432664798,7.853216388156072,.3155849203264672,6.699500340161678,7.271703706887368,,1,0,0,0
2022-03-20,2022,3,7,1,0,0,0,0,0,372,1,3727,2755,1199,2015,485,28,383,860,0,273,.3665146230211967,277,361,115034.0333333333,30.86504784902961,24.56666666666667,13.65201465201465,0,prcp_obs,21.7,tmax_obs,10.2,16,0,0,0,0,,,0,10,30,6,5,-3,5,8.223358899479258,11.65298330559217,7.921172721587015,8.223627175805483,.3217064663268044,7.089243155027514,7.608374474380783,,1,0,0,0
2022-03-21,2022,3,1,0,0,0,0,0,0,373,1,10840,7607,3476,5985,1327,52,400,2070,0,276,.1186346863468635,277,302,194252.2333333333,17.91994772447725,14.73333333333333,39.27536231884058,0,prcp_gsod_aero,22,tmax_gsod_aero,15.4,18.8,0,0,0,0,,,0,-14,20,-14,-8,-3,6,9.290998274993637,12.1769127653753,8.936824154997302,9.291090521661293,.3206642066420664,8.153637486385282,8.697011617992073,,1,0,0,0
2022-03-22,2022,3,2,0,0,0,0,0,0,374,1,11448,8059,3613,6402,1369,64,267,2038,0,276,.1280573025856045,277,274,212180.8333333333,18.53431458187747,15.13333333333333,41.47826086956522,7.874,prcp_gsod_aero,22.5,tmax_aero,16.6,21.1,0,1,0,0,,,0,-12,21,-1,-6,-2,5,9.345570321236286,12.26519417748851,8.994544758324512,9.345657668923812,.3156009783368274,8.19229373114764,8.764365720529808,,1,0,0,0
2022-03-23,2022,3,3,0,0,0,0,0,0,375,1,12016,8503,3731,6730,1502,53,472,2052,0,276,.120089880159787,276,304,220699.4333333333,18.36712993786063,15,43.53623188405797,0,prcp_gsod_aero,24,tmax_gsod_aero,18.7,22.7,0,0,0,0,,,0,-4,28,7,-3,1,1,9.393994374003915,12.30455702465355,9.048174321385792,9.3940775929113,.3105026631158455,8.224431573221159,8.814330422638774,,1,0,0,0
2022-03-24,2022,3,4,0,1,0,0,1,0,376,1,2024,1615,614,1135,267,8,116,239,0,264,.2544466403162055,271,131,50167.43333333333,24.7862812911726,18.45833333333333,7.666666666666667,23.9,prcp_obs,26.2,tmax_obs,11.88888888888889,17.6,0,1,1,0,,,0,-34,-2,-18,-42,-69,20,7.612831030407357,10.82312135677821,7.387090235656757,7.613324979540639,.3033596837944664,6.419994928147142,7.034387929915503,,1,0,0,0
2022-03-25,2022,3,5,0,0,0,0,0,0,377,1,7302,5385,2160,4243,858,41,242,1420,0,274,.1116132566420159,274,148,134968.5666666667,18.48378069935178,14,26.64963503649635,7.1,prcp_obs,21.11111111111111,tmax_gsod_aero,9.300000000000001,13.9,0,1,0,0,,,0,-16,17,-25,-12,-1,8,8.895903562215581,11.81279719080307,8.591372589590488,8.89604050162011,.295809367296631,7.67786350067821,8.353025845202325,,1,0,0,0
2022-03-26,2022,3,6,1,0,0,0,0,1,378,1,3312,2508,999,1873,426,14,311,805,0,266,.3348429951690821,271,264,96544.68333333333,29.14996477455717,22.725,12.45112781954887,0,prcp_obs,24.11111111111111,tmax_gsod_aero,12.7,19.4,0,0,0,0,,,0,4,30,-4,-1,4,5,8.10530751550515,11.47776121988093,7.827240901752812,8.105609402299896,.3016304347826087,6.906754778648554,7.535296702444088,,1,0,0,0
2022-03-27,2022,3,7,1,0,0,0,0,0,379,1,4118,3035,1420,2117,562,19,373,923,0,273,.4067508499271491,275,410,138052.0166666667,33.52404484377529,25.775,15.08424908424908,0,prcp_aero,28,tmax_gsod_aero,13.6,20.6,0,0,0,0,,,0,10,29,22,3,0,4,8.323122887587735,11.83538582548533,8.017966703493599,8.323365694436081,.3448275862068966,7.258412150595307,7.657755271134866,,1,0,0,0
2022-03-28,2022,3,1,0,0,0,0,0,0,380,1,12735,8827,4007,6966,1678,84,423,2453,0,276,.1344326658814291,276,360,237865.6,18.67809972516686,15.31666666666667,46.14130434782609,0,prcp_gsod_aero,29,tmax_obs,14.9,21.3,0,0,0,0,,,0,-12,19,-9,-8,2,5,9.452109387413557,12.37946108726484,9.085570485020233,9.452187908084165,.3146446800157047,8.295798110636145,8.848796450925947,,1,0,0,0
2022-03-29,2022,3,2,0,0,0,0,0,0,381,1,11666,8168,3478,6603,1529,56,490,2106,0,276,.1134064803703069,276,258,210093.8166666667,18.00907051831533,14.53333333333333,42.26811594202898,0,,28.22222222222222,tmax_gsod_aero,19.3,23.4,1,0,0,0,,,0,-18,15,-13,-21,2,5,9.364433907313583,12.25530945597006,9.007979359844502,9.364519622823858,.2981313217898166,8.154212694914229,8.795279370194571,,1,0,0,0
2022-03-30,2022,3,3,0,0,0,0,0,0,382,1,11357,8039,3493,6388,1414,62,458,1969,0,276,.1150832085938188,276,205,203534.4,17.92149335211764,14.55,41.14855072463768,0,prcp_gsod_aero,30.4,tmax_obs,8.699999999999999,14.4,0,0,0,0,,,0,-13,21,2,-4,4,4,9.337589572891647,12.22359031134788,8.99205997632796,9.337677620437377,.307563617152417,8.158516244806831,8.762176509334903,,1,0,0,0
2022-03-31,2022,3,4,0,0,0,0,0,0,383,1,11527,8124,3652,6414,1407,54,428,2046,0,276,.1270929122928776,276,206,210507.9,18.26215841068795,14.91666666666667,41.76449275362319,0,prcp_gsod_aero,19,tmax_gsod_aero,7,13.7,0,0,0,0,,,0,-14,19,-6,-4,3,5,9.352447388601012,12.25727846109156,9.002577922700276,9.352534137679358,.3168213759000607,8.20303024171486,8.7662383802531,,1,0,0,0
2022-04-01,2022,4,5,0,0,0,0,0,0,384,1,11206,7883,3462,6299,1372,73,507,1938,0,275,.1245761199357487,275,249,207162.9666666667,18.48678981498007,14.89166666666667,40.74909090909091,0,prcp_gsod_aero,21.2,tmax_obs,8.199999999999999,14.5,0,0,0,0,,,0,-8,25,-4,-6,6,5,9.32420462812523,12.24126104108921,8.972463821059908,9.324293862052029,.3089416384079957,8.149601735736155,8.748146169621929,,1,0,0,0
2022-04-02,2022,4,6,1,1,0,0,1,0,385,1,3717,2794,1231,2006,453,27,374,793,0,273,.350013451708367,275,256,109229.3,29.38641377454936,23,13.61538461538462,0,prcp_gsod_aero,22,tmax_gsod_aero,12.5,17.8,0,0,0,0,,,0,6,34,12,1,-9,4,8.220672170297252,11.60120462132122,7.935229539816907,8.220941168281389,.3311810599946193,7.115582126184454,7.603897968521881,,1,0,0,0
2022-04-03,2022,4,7,1,0,0,0,0,1,386,1,2568,1998,852,1397,308,11,347,596,0,267,.3426791277258567,272,222,83778.2,32.62390965732087,22.975,9.617977528089888,0,prcp_gsod_aero,24,tmax_gsod_aero,16.3,19.9,0,0,0,0,,,0,2,32,-13,-3,-1,6,7.850882664809852,11.33592810942897,7.599901959208498,7.851271997109883,.3317757009345794,6.747586526829315,7.242082359256962,,1,0,0,0
2022-04-04,2022,4,1,0,0,0,0,0,0,387,1,11581,8079,3645,6427,1443,66,287,1853,0,276,.121923840773681,276,264,210617.8333333333,18.18649799959704,14.76666666666667,41.96014492753623,1.016,prcp_gsod_aero,24.5,tmax_obs,7.6,16.3,0,1,0,0,,,0,-10,27,-9,-7,5,4,9.357121103184378,12.25780055379276,8.997023381479709,9.357207447785735,.3147396597875831,8.201111644442758,8.768263145371286,,1,0,0,0
2022-04-05,2022,4,2,0,0,0,0,0,0,388,1,12490,8647,3809,6981,1618,82,373,2133,0,276,.1279423538831065,276,263,227532.4333333333,18.21716840138778,14.95,45.2536231884058,0,prcp_gsod_aero,21.27777777777778,tmax_gsod_aero,8.9,16.8,0,0,0,0,,,0,-7,28,5,-3,6,4,9.432683603119623,12.33504807131441,9.06496771896043,9.432763663965909,.3049639711769416,8.245121966478605,8.850947451970402,,1,0,0,0
2022-04-06,2022,4,3,0,0,0,0,0,0,389,1,12422,8706,3820,6951,1564,87,462,2250,0,276,.1272741909515376,276,265,230058.85,18.52027451296088,15.01666666666667,45.00724637681159,0,prcp_gsod_aero,24.5,tmax_gsod_aero,13,20.5,0,0,0,0,,,0,-6,32,12,-3,7,3,9.427224373119248,12.34609042474152,9.071767722112243,9.427304872213677,.3075189180486234,8.24800570160062,8.846640813100485,,1,0,0,0
2022-04-07,2022,4,4,0,0,0,0,0,0,390,1,12818,8930,3987,7214,1557,60,493,2414,0,276,.1221719457013575,276,293,234688.25,18.309272117335,14.73333333333333,46.44202898550725,0,prcp_gsod_aero,24.8,tmax_aero,15.7,21.2,0,0,0,0,,,0,-8,28,-3,-3,6,4,9.458605712064172,12.3660133166745,9.097171673870545,9.458683724312134,.3110469652051802,8.290794347381356,8.883778861463485,,1,0,0,0
2022-04-08,2022,4,5,0,0,0,0,0,0,391,1,12285,8617,3674,7023,1517,71,582,2255,0,276,.1334147334147334,277,332,229894.0666666667,18.71339574006241,15.21666666666667,44.51086956521739,0,prcp_gsod_aero,22.27777777777778,tmax_gsod_aero,18,21.3,0,0,0,0,,,0,-2,27,4,0,8,4,9.41613428495528,12.34537390209577,9.061492275239766,9.416215681723873,.2990638990638991,8.209036265775071,8.856945756159021,,1,0,0,0
2022-04-09,2022,4,6,1,0,0,0,0,0,392,1,4235,3140,1404,2255,552,24,518,1113,0,271,.3338842975206612,276,306,122480.6666666667,28.92105470287288,22.38333333333333,15.62730627306273,0,prcp_gsod_aero,25.5,tmax_obs,15.9,20.9,0,0,0,0,,,0,17,38,18,15,9,2,8.351138607086154,11.71570847338229,8.0519780789023,8.351374706721296,.3315230224321134,7.247080584585756,7.720905251936779,,1,0,0,0
2022-04-10,2022,4,7,1,0,0,0,0,0,393,1,3777,2826,1294,1991,469,23,443,794,0,273,.3799311622981202,275,366,115736.1833333333,30.64235725002207,24.65,13.83516483516484,0,,25,tmax_gsod_aero,19,22.3,1,0,0,0,,,0,19,38,11,9,2,5,8.236685322712457,11.65906859837306,7.946617563244473,8.236950048061456,.3425999470479216,7.165493475060845,7.596392304064196,,1,0,0,0
2022-04-11,2022,4,1,0,0,0,0,0,0,394,1,10327,7388,3223,5751,1299,54,117,1650,0,275,.1133920790161712,275,203,187525.0333333333,18.15871340499016,14.6,37.55272727272728,22.1,prcp_obs,26.6,tmax_obs,16.9,20.6,0,1,1,0,,,0,-10,25,-14,-5,7,5,9.242517103671403,12.1416676265919,8.90761234131913,9.242613932526478,.312094509538104,8.078067881815437,8.657129031713755,,1,0,0,0
2022-04-12,2022,4,2,0,0,0,0,0,0,395,1,11909,8424,3651,6685,1511,62,376,2014,0,276,.1274666218826098,277,259,242314.3833333333,20.34716460939906,14.9,43.14855072463768,0,prcp_obs,25.2,tmax_obs,11.7,17.2,0,0,0,0,,,0,-3,29,8,1,9,3,9.385049695767997,12.39799126671564,9.038840053813811,9.385133662349347,.3065748593500714,8.202756381655638,8.807621489536043,,1,0,0,0
2022-04-13,2022,4,3,0,0,0,0,0,0,396,1,11643,8256,3524,6561,1499,59,395,2039,0,276,.1258266769732887,278,249,216034.2166666667,18.55485842709497,14.98333333333333,42.18478260869565,0,prcp_gsod_aero,23.2,tmax_obs,9.1,15.8,0,0,0,0,,,0,4,40,19,5,8,0,9.362460420037015,12.28319208461451,9.018695487721343,9.362546304865514,.3026711328695353,8.167351987056071,8.788898309344878,,1,0,0,0
2022-04-14,2022,4,4,0,0,1,0,1,0,397,1,7583,5262,2432,4129,982,40,530,1583,0,276,.20493208492681,276,420,169972.1333333333,22.41489296232802,17.76666666666667,27.47463768115942,0,prcp_gsod_aero,21.2,tmax_aero,9.6,15.6,0,0,0,0,,,0,-4,35,-1,-27,-45,9,8.933664178700935,12.04338978102716,8.568266461600238,8.933796043934859,.3207173941711723,7.796469243086058,8.32579052588609,,1,0,0,0
2022-04-15,2022,4,5,0,1,0,0,1,0,398,1,4580,3362,1617,2394,538,31,541,1058,0,275,.3882096069868996,276,581,145341.5666666667,31.73396652110626,24.51666666666667,16.65454545454546,0,prcp_gsod_aero,22.2,tmax_obs,9.800000000000001,15.3,0,0,0,0,,,0,-33,-3,-3,-49,-72,17,8.429454277108231,11.88684188343458,8.120291313968561,8.429672593886743,.353056768558952,7.388327859577107,7.780720886117918,,1,0,0,0
2022-04-16,2022,4,6,1,0,0,1,0,1,399,1,3670,2727,1243,1997,418,12,296,728,0,272,.3983651226158038,276,390,117950.3,32.13904632152589,24.85833333333333,13.49264705882353,0,prcp_gsod_aero,21,tmax_gsod_aero,13.6,18.4,0,0,0,0,,,0,-1,24,7,-6,-4,4,8.207946941048617,11.6780186282832,7.910957382845589,8.208219383496834,.3386920980926431,7.125283091510712,7.599401333415815,,1,0,0,0
2022-04-17,2022,4,7,1,0,0,1,0,1,400,1,2853,2082,945,1582,306,20,334,701,0,271,.3645285664213109,277,288,84122.89999999999,29.48576936558009,23.71666666666667,10.52767527675277,0,prcp_gsod_aero,23.1,tmax_obs,17,19.2,0,0,0,0,,,0,-9,14,-15,1,1,2,7.9561263512135,11.34003410378255,7.641084249174914,7.956476798036782,.3312302839116719,6.851184927493743,7.366445148327599,,1,0,0,0
2022-04-18,2022,4,1,0,0,0,0,0,0,401,1,9055,6700,2801,5052,1157,45,70,1733,0,276,.130093870789619,278,213,172218.2,19.01912755383766,15.45,32.80797101449275,.5,prcp_obs,22,tmax_gsod_aero,17,19.9,0,0,0,0,,,0,-15,18,-11,-7,6,4,9.111072370317514,12.05651755644777,8.809862805379057,9.111182800442965,.3093318608503589,7.937731775260109,8.527539483470381,,1,0,0,0
2022-04-19,2022,4,2,0,0,0,0,0,0,402,1,12324,8565,3729,6871,1642,82,394,2207,0,275,.124634858812074,277,301,550073.1666666666,44.63430433841826,14.96666666666667,44.81454545454545,0,prcp_obs,23,tmax_gsod_aero,14.4,20.3,0,0,0,0,,,0,-11,21,7,-3,9,4,9.419303859716559,13.21780657866394,9.05543941075822,9.419384998910891,.3025803310613437,8.223895380178821,8.835064935031076,,1,0,0,0
2022-04-20,2022,4,3,0,0,0,0,0,0,403,1,11502,8141,3557,6401,1483,61,448,1990,0,275,.1242392627369153,277,237,211376.5666666667,18.37737494928418,15.01666666666667,41.82545454545455,0,prcp_gsod_aero,24,tmax_aero,13.5,20.6,0,0,0,0,,,0,-9,23,10,-4,10,4,9.3502762122737,12.26139649796131,9.004668301573977,9.35036314989601,.3092505651191097,8.176672771948455,8.764209507142004,,1,0,0,0
2022-04-21,2022,4,4,0,0,0,0,0,0,404,1,11893,8386,3503,6753,1568,69,422,2083,0,277,.1228453712267721,278,282,219347.5833333333,18.44341909806889,14.91666666666667,42.93501805054152,.8,prcp_obs,26.5,tmax_obs,13,18.1,0,0,0,0,,,0,-13,20,-4,-5,9,5,9.383705270727246,12.29841288913377,9.034318927730707,9.38378935026654,.2945430084923905,8.161375023197486,8.817742129574842,,1,0,0,0
2022-04-22,2022,4,5,0,0,0,1,0,0,405,1,8131,6040,2375,4742,972,42,284,1531,0,278,.1100725618005165,279,181,142126.0666666667,17.47953101299553,14.13333333333333,29.24820143884892,7.9,prcp_obs,22.6,tmax_obs,14,15.6,0,1,0,0,,,0,-12,17,-17,-7,8,6,9.003439196207838,11.86446973615514,8.706159290928861,9.003562174748238,.2920919936047227,7.772752716468742,8.464214266625351,,1,0,0,0
2022-04-23,2022,4,6,1,0,0,1,0,0,406,1,3268,2449,1022,1765,465,16,244,633,0,272,.3534271725826194,279,266,96555.16666666667,29.54564463484292,22.825,12.01470588235294,1,prcp_obs,21,tmax_gsod_aero,7.4,14.6,0,1,0,0,,,0,10,32,14,11,10,3,8.091933455979893,11.47786979928525,7.803435056952168,8.092239406724211,.3127294981640147,6.92951677076365,7.475905969367397,,1,0,0,0
2022-04-24,2022,4,7,1,0,0,1,0,0,407,1,2998,2317,974,1646,359,19,315,731,0,270,.3652434956637758,276,235,92026.5,30.69596397598399,24,11.10370370370371,0,prcp_obs,22.38888888888889,tmax_gsod_aero,12.6,18.7,0,0,0,0,,,0,16,34,17,7,1,5,8.005700678662542,11.42983185803288,7.748028524432376,8.00603417874901,.3248832555036691,6.881411303642535,7.406103381237015,,1,0,0,0
2022-04-25,2022,4,1,0,0,0,0,0,0,408,1,9662,7039,2904,5503,1206,49,249,2014,0,279,.1230594079900642,280,227,174534.1833333333,18.06398088732492,14.75833333333333,34.63082437275985,39.9,prcp_obs,24,tmax_gsod_aero,16.4,21.7,0,1,1,0,,,0,-16,17,-16,-10,8,6,9.175955945114351,12.06987589446778,8.859221393608131,9.176059437999308,.3005588904988615,7.973844375944687,8.613048677059759,,1,0,0,0
2022-04-26,2022,4,2,0,0,0,0,0,0,409,1,10417,7389,3070,6075,1199,73,386,1715,0,279,.1045406546990496,279,150,181302.0166666667,17.40443665802695,13.98333333333333,37.33691756272401,0,prcp_obs,25.7,tmax_obs,18.8,21.1,0,0,0,0,,,0,-17,15,-9,-6,11,6,9.251194365984448,12.10791952004935,8.907747686788648,9.251290358305138,.2947105692617836,8.029432840581244,8.711937268208748,,1,0,0,0
2022-04-27,2022,4,3,0,0,0,0,0,0,410,1,11204,7969,3316,6385,1441,62,311,2020,0,279,.1145126740449839,279,221,200584.9166666667,17.90297364036654,14.7,40.15770609318997,16,prcp_obs,25.3,tmax_obs,13.8,19.5,0,1,1,0,,,0,-11,23,5,-5,12,4,9.324026136379999,12.20899296058959,8.983314293397749,9.324115386235027,.2959657265262407,8.106514516255185,8.76170676846664,,1,0,0,0
2022-04-28,2022,4,4,0,0,0,0,0,0,411,1,11145,7833,3323,6467,1289,66,461,1944,0,279,.1168236877523553,280,239,201076.6,18.04186630776133,14.28333333333333,39.94623655913978,0,prcp_obs,21.9,tmax_obs,11.2,14.6,0,0,0,0,,,0,-13,19,-8,-5,10,5,9.31874624581997,12.2114412089705,8.966100857367239,9.318835968129482,.2981606101390758,8.108623268354595,8.774467601446593,,1,0,0,0
2022-04-29,2022,4,5,0,0,0,0,0,0,412,1,9927,7034,2917,5855,1097,58,435,1676,0,278,.1148383197340586,280,229,178038.4333333333,17.93476713340721,14.4,35.70863309352518,0,prcp_gsod_aero,18.8,tmax_obs,4.6,10.8,0,0,0,0,,,0,-6,25,-5,-4,12,5,9.203013596589722,12.08975472357037,8.858510813033927,9.203114326884442,.2938450690037272,7.978310969867722,8.675051276031818,,1,0,0,0
2022-04-30,2022,4,6,1,0,0,0,0,1,413,1,2417,1831,690,1407,304,16,245,587,0,272,.3086470831609433,278,157,65597.51666666666,27.14005654392497,20.76666666666667,8.886029411764707,0,prcp_gsod_obs,16.1,tmax_obs,7.3,11.6,0,0,0,0,,,0,11,44,1,8,10,4,7.790282380703483,11.09129311852458,7.512617544674511,7.790696031174738,.2854778651220521,6.536691597591305,7.249215057114389,,1,0,0,0
2022-05-01,2022,5,7,1,1,0,0,1,0,414,1,3258,2412,1095,1783,365,15,349,627,0,276,.4106813996316759,279,386,105645.1,32.42636586863106,25.875,11.80434782608696,0,prcp_aero,18.77777777777778,tmax_gsod_aero,7.4,13.8,0,0,0,0,,,0,-7,-18,18,6,-12,6,8.088868789161991,11.5678406424135,7.788211557847076,8.089175678837561,.3360957642725598,6.998509642250602,7.48605261786314,,1,0,0,0
2022-05-02,2022,5,1,0,0,0,1,0,0,415,1,9736,6887,2969,5619,1110,38,282,1588,0,279,.1124691865242399,279,207,169262,17.38516844700082,13.925,34.89605734767025,0,prcp_gsod_aero,20,tmax_obs,8.300000000000001,12.8,0,0,0,0,,,0,-12,29,-17,-8,12,5,9.183585634667363,12.03920308929514,8.837390855544697,9.183688340978756,.3049506984387839,7.99598047476376,8.633908991112198,,1,0,0,0
2022-05-03,2022,5,2,0,0,0,0,0,0,416,1,10445,7319,3271,5900,1210,64,340,1741,0,279,.1096218286261369,280,154,180793.45,17.30909047391096,14.28333333333333,37.43727598566309,0,prcp_gsod_aero,16.72222222222223,tmax_gsod_aero,6,11.7,0,0,0,0,,,0,-8,28,0,-6,5,5,9.253878673990666,12.10511049840786,8.898228985601227,9.253974408996244,.3131641933939684,8.092851027538384,8.682707629893811,,1,0,0,0
2022-05-04,2022,5,3,0,0,0,0,0,0,417,1,10307,7378,3117,5947,1182,61,337,1744,0,277,.11283593674202,278,172,184905.1833333333,17.93976747194463,14.31666666666667,37.20938628158845,0,prcp_gsod_aero,18,tmax_gsod_aero,7.5,13.2,0,0,0,0,,,0,-7,30,3,-4,14,3,9.240578555036793,12.12759845015338,8.906257878156621,9.240675571772256,.3024158338992917,8.044626279767337,8.690642169706594,,1,0,0,0
2022-05-05,2022,5,4,0,0,0,0,0,0,418,1,11300,7932,3458,6482,1294,66,397,1985,0,279,.1151327433628319,281,228,212232.5833333333,18.78164454277286,14.38333333333333,40.50179211469534,0,prcp_gsod_aero,19.27777777777778,tmax_gsod_aero,9.6,15.7,0,0,0,0,,,0,-7,28,-3,-4,12,4,9.332558004700433,12.26543804348437,8.978660489639687,9.332646496360152,.3060176991150442,8.148445666243235,8.776784383701493,,1,0,0,0
2022-05-06,2022,5,5,0,0,0,0,0,0,419,1,11431,7979,3533,6510,1313,75,502,2066,0,277,.1264106377394804,278,266,208792.2833333333,18.26544338494737,14.65,41.26714801444043,0,prcp_gsod_aero,21.88888888888889,tmax_gsod_aero,13.2,18.1,0,0,0,0,,,0,0,29,2,-2,13,4,9.344084242025778,12.24909517709185,8.984568369308281,9.344171719609703,.3090718222377745,8.169902647359145,8.781094735202615,,1,0,0,0
2022-05-07,2022,5,6,1,0,0,0,0,0,420,1,3595,2671,1139,1973,466,17,354,847,0,277,.3468706536856746,279,271,105942.35,29.46936022253129,22.68333333333333,12.97833935018051,0,prcp_gsod_aero,24.8,tmax_obs,14.7,19.1,0,0,0,0,,,0,19,40,19,15,11,2,8.187299270155148,11.57065035721987,7.890208213109961,8.187577395591511,.3168289290681502,7.037905963447182,7.587310506022615,,1,0,0,0
2022-05-08,2022,5,7,1,0,0,0,0,0,421,1,3913,2904,1323,2104,463,23,391,860,0,274,.409660107334526,279,398,129166.9166666667,33.00968992248063,26.15,14.28102189781022,0,prcp_gsod_aero,24.2,tmax_obs,15,19.3,0,0,0,0,,,0,28,42,25,13,3,4,8.272059622210412,11.76886077458943,7.973844375944687,8.272315147956022,.3381037567084079,7.187657164114956,7.651595573857601,,1,0,0,0
2022-05-09,2022,5,1,0,0,0,0,0,0,422,1,11523,7972,3608,6571,1286,58,369,2041,0,278,.114987416471405,279,219,204404.5666666667,17.7388324799676,14.28333333333333,41.44964028776978,0,prcp_gsod_aero,23.9,tmax_obs,11,16.2,0,0,0,0,,,0,-8,26,-9,-6,13,5,9.352100317014015,12.22785647887555,8.983690681332686,9.352187096204419,.3131129046255315,8.190908881182514,8.790421306897867,,1,0,0,0
2022-05-10,2022,5,2,0,0,0,0,0,0,423,1,11548,8043,3412,6777,1289,70,417,1938,0,277,.1065985452026325,279,187,201127.9666666667,17.41669264519108,14.15,41.68953068592058,0,prcp_gsod_aero,22.5,tmax_obs,13.5,16.8,0,0,0,0,,,0,-5,26,0,-4,13,4,9.354267540782825,12.21169663454844,8.992557426904069,9.354354132115088,.2954624177346727,8.135053908611569,8.821289805136113,,1,0,0,0
2022-05-11,2022,5,3,0,0,0,0,0,0,424,1,10987,7748,3314,6398,1211,64,437,1984,0,278,.1077637207608992,279,192,192231.3666666667,17.49625618154789,14.1,39.52158273381295,0,prcp_gsod_aero,21,tmax_obs,10.5,14.4,0,0,0,0,,,0,-4,29,2,-4,14,3,9.30446803470088,12.16645496026055,8.955190024526887,9.304559047215165,.3016291981432602,8.105911197986508,8.763740720509464,,1,0,0,0
2022-05-12,2022,5,4,0,0,0,0,0,0,425,1,11108,7927,3320,6509,1219,60,489,1770,0,278,.1149621894130357,279,221,215107.8333333333,19.36512723562597,14.43333333333333,39.9568345323741,0,prcp_gsod_aero,17.6,tmax_obs,7.8,13.4,0,0,0,0,,,0,-12,22,-2,-5,6,6,9.31542084842669,12.27889473176304,8.978029932837156,9.315510869581722,.2988836874324811,8.107720061910534,8.780941113572387,,1,0,0,0
2022-05-13,2022,5,5,0,0,0,0,0,0,426,1,10240,7283,3017,6070,1099,54,470,1835,0,277,.12197265625,278,201,204089.0166666667,19.93056803385417,14.5,36.96750902527076,0,prcp_gsod_aero,18.22222222222222,tmax_gsod_aero,10.2,15.9,0,0,0,0,,,0,-5,25,-3,-6,13,5,9.234056898593499,12.22631153385982,8.893298144217916,9.234154550075438,.29462890625,8.012018239159062,8.711113884053544,,1,0,0,0
2022-05-14,2022,5,6,1,0,0,0,0,0,427,1,3194,2374,1033,1804,334,23,298,699,0,276,.3299937382592361,276,251,89688.31666666667,28.0802494260071,21.85833333333333,11.57246376811594,0,prcp_gsod_aero,19.72222222222222,tmax_gsod_aero,12.6,16,0,0,0,0,,,0,13,34,11,9,11,4,8.069029328774958,11.40409579058568,7.772331575169614,8.069342366811636,.3234189104571071,6.940222469119639,7.497761700622569,,1,0,0,0
2022-05-15,2022,5,7,1,0,0,0,0,0,428,1,2845,2121,961,1553,316,15,283,549,0,269,.3669595782073814,275,238,83024.91666666667,29.1827475102519,23.55,10.57620817843866,0,prcp_gsod_aero,20.9,tmax_obs,7.8,12.7,0,0,0,0,,,0,13,36,5,5,-1,6,7.953318346560431,11.3268960425307,7.659642954564682,7.953669778649798,.3377855887521968,6.867974408970293,7.347943823148687,,1,0,0,0
2022-05-16,2022,5,1,0,0,0,0,0,0,429,1,8513,6051,2608,4989,878,38,271,1364,0,275,.0923293785974392,277,144,139443.6,16.38007752848585,12.9,30.95636363636364,0,prcp_obs,16.7,tmax_obs,10,12.7,0,0,0,0,,,0,-16,18,-24,-10,13,6,9.049349685884057,11.84541549741657,8.707978826622322,9.049467146388098,.3063549864912487,7.866338923046544,8.514990767861038,,1,0,0,0
2022-05-17,2022,5,2,0,0,0,0,0,0,430,1,6704,4982,1963,4035,666,40,226,1144,0,276,.0977028639618138,278,77,121743.1833333333,18.159782716786,13.08333333333333,24.28985507246377,.5,prcp_obs,16,tmax_obs,9,11.7,0,0,0,0,,,0,-6,38,-12,-6,14,3,8.810459642161918,11.70966905032879,8.513586695822125,8.81060879571578,.2928102625298329,7.582229194276462,8.302761580704049,,1,0,0,0
2022-05-18,2022,5,3,0,1,0,0,1,0,431,1,3071,2313,971,1653,441,6,180,515,0,268,.3679583197655487,276,289,90267.08333333333,29.39338434820363,23.8,11.4589552238806,0,prcp_obs,15.38888888888889,tmax_gsod_aero,8.199999999999999,11.9,0,0,0,0,,,0,-70,-63,-42,-71,-82,27,8.029758520440822,11.41052814729423,7.746300662231439,8.030084094267563,.3161836535330511,6.878326468291325,7.410347097821024,,1,0,0,0
2022-05-19,2022,5,4,0,0,0,0,0,0,432,1,9764,6938,2944,5697,1082,41,320,1703,0,276,.106104055714871,277,101,193040.65,19.77065239655879,13.95,35.3768115942029,0,prcp_gsod_aero,15.8,tmax_aero,5,11.1,0,0,0,0,,,0,-8,36,-10,-4,14,4,9.186457431512851,12.17065606747103,8.844768827529695,9.186559843310779,.3015157722244982,7.987524479848767,8.647694999480395,,1,0,0,0
2022-05-20,2022,5,5,0,0,0,0,0,0,433,1,9369,6626,2804,5466,1035,64,427,1653,0,276,.1119649909275269,276,79,164358,17.54274735830932,14.08333333333333,33.94565217391305,0,prcp_gsod_aero,18,tmax_gsod_aero,7.8,13.1,0,0,0,0,,,0,-5,32,-4,-4,13,6,9.145161645951188,12.0098022545125,8.798756582859841,9.145268375232467,.2992848756537517,7.938802248154481,8.606302366488013,,1,0,0,0
2022-05-21,2022,5,6,1,0,0,0,0,0,434,1,2804,2128,904,1568,316,16,258,618,0,271,.3291726105563481,276,195,80830.88333333333,28.82699120304327,22.20833333333333,10.34686346863469,0,prcp_gsod_aero,20,tmax_gsod_aero,10.8,15.8,0,0,0,0,,,0,14,39,10,9,11,4,7.938802248154481,11.30011439095388,7.662937850461535,7.939158817956797,.3223965763195435,6.806829360392176,7.357556200910353,,1,0,0,0
2022-05-22,2022,5,7,1,0,0,0,0,0,435,1,3042,2286,1029,1622,373,18,349,669,0,268,.3648915187376726,274,271,93342.86666666667,30.68470304624151,23.48333333333333,11.35074626865672,0,prcp_gsod_aero,23.1,tmax_obs,9.199999999999999,14.6,0,0,0,0,,,0,11,33,8,3,0,6,8.020270472819238,11.44403473112419,7.734558844354756,8.02059914989697,.3382642998027614,6.93634273583405,7.391415234675359,,1,0,0,0
2022-05-23,2022,5,1,0,0,0,0,0,0,436,1,9691,6779,3015,5566,1045,65,310,1581,0,276,.1145392632339284,277,186,171372.5333333333,17.68367901489354,14.26666666666667,35.11231884057971,0,prcp_gsod_aero,18.1,tmax_aero,10.6,15.8,0,0,0,0,,,0,-10,26,-11,-7,14,5,9.178952898734551,12.05159502337421,8.821584877430965,9.179056081936416,.3111134041894542,8.011355109161286,8.624431942085836,,1,0,0,0
2022-05-24,2022,5,2,0,0,0,0,0,0,437,1,9670,6899,2978,5614,1035,43,109,1382,0,276,.1170630816959669,277,161,174042.45,17.99818510858325,14.08333333333333,35.03623188405797,0,prcp_gsod_aero,21,tmax_obs,13.7,17,0,0,0,0,,,0,1,33,4,-1,15,2,9.176783588447339,12.06705451395916,8.839131752546109,9.176886995716963,.3079627714581179,7.999007213243955,8.633018756921828,,1,0,0,0
2022-05-25,2022,5,3,0,1,0,0,1,0,438,1,1273,1029,325,800,141,7,229,469,0,241,.1956009426551453,255,49,29640.76666666667,23.28418434145064,16.33333333333333,5.282157676348548,30,prcp_obs,21.3,tmax_obs,10,12.3,0,1,1,0,,,0,-41,-15,-49,-57,-72,20,7.149131598557407,10.29690594502242,6.93634273583405,7.149916836132109,.2553024351924588,5.783825182329737,6.684611727667927,,1,0,0,0
2022-05-26,2022,5,4,0,0,0,0,0,0,439,1,9033,6491,2684,5373,919,57,218,1363,0,275,.1108158972655818,278,152,200093.1333333333,22.15134875825676,13.81666666666667,32.84727272727272,.5,prcp_obs,14,tmax_gsod_aero,5.4,10,0,0,0,0,,,0,-13,21,-10,-5,14,5,9.108639817149843,12.20653820380777,8.778171881033469,9.108750516214549,.2971327355252961,7.895063498091573,8.589141690728821,,1,0,0,0
2022-05-27,2022,5,5,0,0,0,0,0,0,440,1,8820,6310,2567,5254,941,58,346,1458,0,275,.1164399092970522,275,184,158231.35,17.94006235827665,14.11666666666667,32.07272727272727,0,prcp_obs,14.22222222222222,tmax_gsod_aero,7.5,12.5,0,0,0,0,,,0,-8,24,-8,-7,14,6,9.084777149000837,11.9718134815606,8.749890955535259,9.084890521258767,.2910430839002268,7.850493180871141,8.566744970245486,,1,0,0,0
2022-05-28,2022,5,6,1,0,0,0,0,0,441,1,2258,1741,678,1302,268,10,272,557,0,263,.2931798051372896,273,130,57699.66666666666,25.55343962208444,19.69166666666667,8.585551330798479,0,prcp_gsod_aero,16.8,tmax_obs,8.4,11.2,0,0,0,0,,,0,4,31,-12,0,10,6,7.722234744709607,10.96300667547199,7.462214939768189,7.722677516468004,.300265721877768,6.519147287940395,7.171656822768514,,1,0,0,0
2022-05-29,2022,5,7,1,0,0,0,0,0,442,1,2148,1627,691,1171,275,11,244,427,0,262,.3677839851024208,272,167,67614.16666666667,31.47773122284296,23.49166666666667,8.198473282442748,0,prcp_gsod_aero,14.5,tmax_obs,6.2,10.1,0,0,0,0,,,0,1,27,-11,-4,0,8,7.672292455628756,11.1215728061501,7.394493107219038,7.67275789664251,.3216945996275605,6.53813982376767,7.065613363597717,,1,0,0,0
2022-05-30,2022,5,1,0,0,0,0,0,0,443,1,7799,5582,2307,4554,884,54,217,1207,0,273,.1015514809590973,273,97,131127.0166666667,16.81331153566697,13.26666666666667,28.56776556776557,0,prcp_gsod_aero,11.8,tmax_aero,2.5,7.2,0,0,0,0,,,0,-15,19,-22,-10,14,6,8.961750799330497,11.78392172530706,8.627302414096267,8.961879012677683,.2958071547634312,7.743703258173754,8.423761246623686,,1,0,0,0
2022-05-31,2022,5,2,0,0,0,0,0,0,444,1,8280,5983,2368,4975,890,47,231,1213,0,273,.1055555555555556,274,144,139908.7166666667,16.89718800322061,13.45,30.32967032967033,0,prcp_gsod_aero,13.2,tmax_obs,1.2,6.4,0,0,0,0,,,0,-12,20,-9,-7,15,5,9.021598247379306,11.84874546512195,8.696677393390031,9.0217190130337,.2859903381642512,7.769800996003896,8.512180649592693,,1,0,0,0
2022-06-01,2022,6,3,0,0,0,0,0,0,445,1,8040,5766,2417,4736,843,44,248,1307,0,272,.0986318407960199,274,104,150023.6666666667,18.65966003316749,13.075,29.55882352941176,0,prcp_gsod_aero,13,tmax_gsod_aero,2.6,8,0,0,0,0,,,0,-14,28,-9,-10,13,6,8.992184362173012,11.91854833841057,8.659733878198347,8.99230873254815,.3006218905472637,7.790282380703483,8.462948176563842,,1,0,0,0
2022-06-02,2022,6,4,0,0,0,0,0,0,446,1,8678,6136,2625,5064,943,46,243,1327,0,272,.1010601521087808,275,126,163040.2833333333,18.78777176000614,13.65,31.90441176470588,0,prcp_gsod_aero,14.9,tmax_obs,1.7,7.5,0,0,0,0,,,0,-11,31,-13,-18,14,6,9.068546366358296,12.00175258626989,8.721928343047091,9.068661593644245,.3024890527771376,7.872836175025724,8.529911963824013,,1,0,0,0
2022-06-03,2022,6,5,0,0,0,0,0,0,447,1,8128,5905,2367,4871,833,57,338,1250,0,273,.1114665354330709,275,128,149132.0166666667,18.34793512139108,13.85,29.77289377289377,0,prcp_gsod_aero,14.6,tmax_obs,3.6,7.6,0,0,0,0,,,0,-4,34,-4,-18,14,6,9.003070169818264,11.91258721054253,8.683554728631462,9.003193193746572,.2912155511811024,7.769378609513984,8.491054533806542,,1,0,0,0
2022-06-04,2022,6,6,1,0,0,0,0,0,448,1,2506,1876,806,1388,292,20,219,516,0,264,.2881085395051876,277,185,69439.7,27.70937749401437,20.45833333333333,9.492424242424242,0,prcp_gsod_aero,15,tmax_gsod_aero,4.7,11.8,0,0,0,0,,,0,16,47,-3,-13,11,5,7.826443135456014,11.1482140290484,7.53689712956617,7.826842098158293,.3216280925778133,6.692083742506628,7.23561914106675,,1,0,0,0
2022-06-05,2022,6,7,1,0,0,0,0,0,449,1,1959,1515,603,1095,245,16,227,502,0,255,.296579887697805,272,125,53498.35,27.30900969882593,20.41666666666667,7.682352941176471,0,prcp_gsod_aero,16,tmax_obs,7.8,11.4,0,0,0,0,,,0,11,40,-12,-27,0,8,7.580189417944541,10.88740609128701,7.323170717943469,7.580699752224563,.3078101071975498,6.401917196727186,6.998509642250602,,1,0,0,0
2022-06-06,2022,6,1,0,0,0,0,0,0,450,1,8337,5948,2533,4876,885,43,239,1247,0,285,.1027947703010675,287,123,141272.0666666667,16.94519211546919,13.66666666666667,29.25263157894737,0,prcp_gsod_aero,14.8,tmax_aero,7.1,11.3,0,0,0,0,,,0,-7,33,-13,-22,13,6,9.028458718410613,11.85844286099575,8.690810307580046,9.028578658440742,.3038263164207748,7.837159650001675,8.492080490601163,,1,0,0,0
2022-06-07,2022,6,2,0,0,0,0,0,0,451,1,8166,5803,2411,4893,808,54,253,1289,0,286,.0964976732794514,287,117,135204.5333333333,16.55700873540697,13.26666666666667,28.55244755244755,0,prcp_gsod_aero,17.3,tmax_obs,8.5,10.6,0,0,0,0,,,0,-6,32,-8,-20,16,5,9.007734471879521,11.81454397260086,8.666130304190608,9.007856923358276,.2952485917217732,7.787796878181171,8.495560891289124,,1,0,0,0
2022-06-08,2022,6,3,0,0,0,0,0,0,452,1,8880,6288,2641,5191,991,57,275,1331,0,285,.0970720720720721,288,137,153828.4666666667,17.32302552552552,13.33333333333333,31.15789473684211,0,prcp_gsod_aero,11.5,tmax_aero,7.2,10.7,0,0,0,0,,,0,-5,37,2,-20,15,4,9.091556835986216,11.94359340778684,8.746398334109042,9.091669442258505,.2974099099099099,7.878912912297133,8.55468163582723,,1,0,0,0
2022-06-09,2022,6,4,0,0,0,0,0,0,453,1,8823,6404,2642,5206,932,43,316,1301,0,282,.1039329026408251,286,145,158256.4166666667,17.93680343042805,13.75,31.28723404255319,0,prcp_gsod_aero,16,tmax_gsod_aero,7.3,11.1,0,0,0,0,,,0,-9,29,-9,-18,14,6,9.085117227222105,11.97197188684105,8.764678074116606,9.085230560933338,.2994446333446674,7.879291485082271,8.55756708555451,,1,0,0,0
2022-06-10,2022,6,5,0,0,0,0,0,0,454,1,6901,5095,2044,4086,735,36,285,1101,0,285,.104187798869729,288,123,120313.5666666667,17.43422209341641,13.56666666666667,24.2140350877193,0,prcp_gsod_aero,16.3,tmax_obs,3,8.199999999999999,0,0,0,0,,,0,-4,29,-13,-20,14,6,8.839421607620603,11.69785666922581,8.536014945656826,8.839566503657949,.2961889581220113,7.622663951323595,8.315321775377567,,1,0,0,0
2022-06-11,2022,6,6,1,0,0,0,0,0,455,1,2332,1821,741,1304,275,12,151,451,0,269,.3134648370497427,283,153,63850.83333333334,27.38028873642081,20.75,8.669144981412639,0,prcp_gsod_aero,15,tmax_gsod_aero,2.5,7.9,0,0,0,0,,,0,16,40,1,-9,11,5,7.754481547470383,11.06430491279812,7.507141079727608,7.75491027202143,.3177530017152659,6.608000625296087,7.173191742486599,,1,0,0,0
2022-06-12,2022,6,7,1,0,0,0,0,0,456,1,2582,1958,831,1434,302,15,220,484,0,275,.3528272656855151,283,249,78697.21666666666,30.47916989413891,23.875,9.389090909090909,0,prcp_gsod_aero,15.7,tmax_aero,3.2,9.699999999999999,0,0,0,0,,,0,18,41,7,-16,1,7,7.856319571406588,11.27336306740991,7.579678823090456,7.856706793095841,.3218435321456236,6.722629794855449,7.268223021159566,,1,0,0,0
2022-06-13,2022,6,1,0,0,0,0,0,0,457,1,9165,6478,2811,5273,1028,53,247,1399,0,285,.1027823240589198,287,211,157013.6,17.13187124931806,13.48333333333333,32.1578947368421,0,prcp_gsod_aero,19.3,tmax_obs,4.2,11.8,0,0,0,0,,,0,-6,29,-9,-18,15,6,9.123147160273806,11.96408770478261,8.776167099731275,9.123256265069069,.3067103109656301,7.941295570906532,8.570354739530471,,1,0,0,0
2022-06-14,2022,6,2,0,0,0,0,0,0,458,1,9203,6514,2788,5346,1011,58,259,1500,0,285,.1000760621536456,288,158,160336.6833333333,17.42221920388279,13.55,32.29122807017544,0,prcp_gsod_aero,18.5,tmax_obs,9.9,13.4,0,0,0,0,,,0,-3,29,-1,-14,17,5,9.127284796838858,11.98503115417241,8.781708985836179,9.127393451155257,.3029446919482777,7.933079771880415,8.584103896698863,,1,0,0,0
2022-06-15,2022,6,3,0,0,0,0,0,0,459,1,9678,6848,2898,5679,1043,58,330,1607,0,287,.0984707584211614,287,155,165615.3166666667,17.11255596886409,13.7,33.7212543554007,0,prcp_gsod_aero,15.6,tmax_aero,9.1,13.2,0,0,0,0,,,0,0,35,7,-14,16,4,9.177610547353265,12.01742300860465,8.831711917821577,9.177713869149089,.2994420334779913,7.971776122880628,8.644530439877432,,1,0,0,0
2022-06-16,2022,6,4,0,0,0,0,0,0,460,1,9492,6711,2872,5536,1024,60,387,1420,0,287,.1049304677623262,289,153,165278.1166666667,17.41235953083298,13.94166666666667,33.07317073170731,0,prcp_gsod_aero,19.3,tmax_obs,8.699999999999999,12.7,0,0,0,0,,,0,4,40,2,-8,14,2,9.158204617555654,12.01538488948377,8.811503250158239,9.158309963881798,.3025705857564265,7.962763930168115,8.619027497297505,,1,0,0,0
2022-06-17,2022,6,5,0,1,0,0,1,0,461,1,2408,1844,744,1390,264,10,225,512,0,279,.3318106312292359,288,225,78803.48333333334,32.72569905869325,21.09166666666667,8.630824372759857,0,prcp_gsod_aero,18.4,tmax_obs,5,9.199999999999999,0,0,0,0,,,0,-15,19,-22,-47,-62,17,7.786551806428712,11.2747124796067,7.519692404116539,7.786967002614872,.3089700996677741,6.612041034833092,7.237059026124737,,1,0,0,0
2022-06-18,2022,6,6,1,0,0,0,0,1,462,1,2661,1949,899,1428,325,9,197,470,0,286,.3825629462608042,298,356,83776,31.48290116497558,23.81666666666667,9.304195804195805,0,prcp_gsod_aero,16.38888888888889,tmax_gsod_aero,1.5,8.699999999999999,0,0,0,0,,,0,14,45,0,-13,1,5,7.886457270977689,11.33590184926957,7.575071699507561,7.886832998955057,.3378429161969185,6.80128303447162,7.26403014289953,,1,0,0,0
2022-06-19,2022,6,7,1,0,0,0,0,1,463,1,2313,1748,803,1242,259,9,194,461,0,285,.3769995676610463,296,319,69778.56666666667,30.1679925061248,24.35,8.115789473684211,0,prcp_gsod_aero,18,tmax_gsod_aero,4.4,12.1,0,0,0,0,,,0,10,24,-15,-17,2,3,7.746300662231439,11.15308217378269,7.466227556215481,7.746732907753622,.3471681798530047,6.688354713946762,7.124478262493424,,1,0,0,0
2022-06-20,2022,6,1,0,1,0,0,1,0,464,1,2503,1889,788,1399,303,13,206,478,0,285,.3563723531761886,297,261,76494.68333333333,30.56119989346118,23.21666666666667,8.782456140350877,0,prcp_gsod_aero,18.7,tmax_obs,5.7,9.800000000000001,0,0,0,0,,,0,-27,-4,-18,-57,-74,16,7.825245291431775,11.24497651848879,7.543802867501509,7.825644732219989,.3148222133439872,6.669498089857879,7.243512974665482,,1,0,0,0
2022-06-21,2022,6,2,0,0,0,0,0,0,465,1,8732,6147,2588,5154,952,38,275,1319,0,301,.0995190105359597,302,148,147662.0666666667,16.91045197740113,13.26666666666667,29.00996677740864,0,prcp_gsod_aero,15.27777777777778,tmax_gsod_aero,7,11.8,0,0,0,0,,,0,-13,27,-6,-15,17,5,9.074749717669835,11.90268160863242,8.723719436907009,9.074864232413733,.2963811268896014,7.858640655620791,8.54752839121231,,1,0,0,0
2022-06-22,2022,6,3,0,0,0,0,0,0,466,1,7503,5316,2288,4408,759,48,233,1117,0,299,.087431693989071,301,114,121556.7,16.20107956817273,12.86666666666667,25.09364548494983,0,prcp_gsod_aero,16.2,tmax_obs,4.4,7.6,0,0,0,0,,,0,-14,27,-12,-19,16,6,8.923058219545728,11.70813609957438,8.578476419833136,8.92319149068606,.3049446887911502,7.735433352499689,8.391176350832751,,1,0,0,0
2022-06-23,2022,6,4,0,0,0,0,0,0,467,1,7456,5318,2187,4441,794,34,257,1095,0,303,.095225321888412,304,121,133324.5333333333,17.88150929899857,13,24.60726072607261,0,prcp_gsod_obs,10.5,tmax_obs,5.1,8.1,0,0,0,0,,,0,-14,24,-18,-19,14,6,8.916774356365426,11.80054153524391,8.578852571802965,8.916908467543795,.2933208154506438,7.690286020676768,8.398634855292102,,1,0,0,0
2022-06-24,2022,6,5,0,0,0,0,0,0,468,1,6996,5099,2040,4186,732,38,327,1151,0,299,.0986277873070326,302,117,123469.8,17.64862778730703,13.64166666666667,23.39799331103679,0,prcp_obs,11.11111111111111,tmax_gsod_aero,5.9,10.1,0,0,0,0,,,0,-3,28,-12,-18,14,7,8.853093836138493,11.7237518707338,8.536799721055155,8.853236764745898,.2915951972555746,7.620705086838262,8.339500903005945,,1,0,0,0
2022-06-25,2022,6,6,1,0,0,0,0,0,469,1,2098,1638,630,1243,222,3,172,464,0,293,.2840800762631077,300,136,54209.98333333333,25.83888624086432,19.28333333333334,7.160409556313994,0,prcp_gsod_aero,12.2,tmax_obs,2.6,7.6,0,0,0,0,,,0,13,38,-6,-12,12,6,7.648739788956243,10.90062036480799,7.401231264413015,7.649216319820633,.3002859866539562,6.445719819385579,7.125283091510712,,1,0,0,0
2022-06-26,2022,6,7,1,0,0,0,0,0,470,1,1592,1245,467,955,164,6,218,404,0,272,.2983668341708542,291,126,43268.51666666667,27.17871649916248,20.75833333333333,5.852941176470588,0,prcp_gsod_aero,12.2,tmax_obs,4.8,8.699999999999999,0,0,0,0,,,0,6,32,-26,-21,0,9,7.372746366404329,10.67518055175929,7.126890808898808,7.373374309910049,.2933417085427136,6.146329257668898,6.86171134048073,,1,0,0,0
2022-06-27,2022,6,1,0,0,0,0,0,0,471,1,7159,5117,2197,4150,775,37,181,1123,0,306,.0993155468640872,309,118,119757.9166666667,16.72830236997719,13.23333333333333,23.39542483660131,0,prcp_gsod_aero,12,tmax_gsod_aero,8.199999999999999,10.3,0,0,0,0,,,0,-10,26,-20,-22,10,7,8.876125585396185,11.69322762303928,8.540323608805092,8.876265259954691,.3068864366531638,7.69484807238461,8.330863613224745,,1,0,0,0
2022-06-28,2022,6,2,0,0,0,0,0,0,472,1,7612,5538,2317,4464,795,36,263,1167,0,305,.1095638465580662,310,153,150890.95,19.8227732527588,13.65,24.95737704918033,0,prcp_gsod_aero,16,tmax_gsod_aero,8.9,11.4,0,0,0,0,,,0,-9,26,-6,-17,9,7,8.93748122841604,11.92431266946508,8.619388703730907,8.937612591306213,.3043878087230689,7.748028524432376,8.403800504061147,,1,0,0,0
2022-06-29,2022,6,3,0,0,0,0,0,0,473,1,8645,6272,2675,4987,928,55,257,1383,0,309,.1200694042799306,311,182,162313.15,18.77537883169462,14.35,27.97734627831715,0,prcp_gsod_aero,18.38888888888889,tmax_gsod_aero,7.2,12.4,0,0,0,0,,,0,-5,31,4,-16,16,4,9.064736398117391,11.9972827730178,8.743850562030243,9.064852065227576,.3094274146905726,7.891704659330107,8.514589805546123,,1,0,0,0
2022-06-30,2022,6,4,0,0,0,0,0,0,474,1,8816,6315,2748,5097,913,58,351,1378,0,309,.1132032667876588,311,149,155792.35,17.67154605263158,14.01666666666667,28.53074433656958,0,prcp_gsod_aero,20.2,tmax_obs,8.800000000000001,13.1,0,0,0,0,,,0,-7,29,-7,-18,16,5,9.084323531392696,11.9562793098012,8.750683034784592,9.084436955087027,.3117059891107078,7.91862865334224,8.536407410340042,,1,0,0,0
2022-07-01,2022,7,5,0,0,0,0,0,0,475,1,5720,4252,1621,3488,567,44,376,953,0,306,.0982517482517482,311,69,94489.73333333334,16.51918414918415,12.94166666666667,18.69281045751634,0,,18.2,tmax_obs,9,11,1,0,0,0,,,0,-7,25,-20,-19,15,7,8.651724084373843,11.45624646560456,8.355144739461839,8.651898894268529,.2833916083916084,7.390798521735676,8.15708378502887,,1,0,0,0
2022-07-02,2022,7,6,1,0,0,0,0,0,476,1,2468,1874,729,1414,313,12,205,483,0,296,.3123987034035656,306,163,71934.71666666666,29.1469678552134,20.9,8.337837837837839,3,prcp_obs,14,tmax_gsod_aero,7.3,10.7,0,1,0,0,,,0,20,48,2,-8,12,4,7.811163385025279,11.18351427372238,7.535830462798367,7.81156848934518,.2953808752025932,6.591673732008658,7.254177846456518,,1,0,0,0
2022-07-03,2022,7,7,1,0,0,0,0,0,477,1,2478,1897,829,1395,241,13,268,497,0,296,.341000807102502,306,237,72097.31666666667,29.09496233521657,23.225,8.371621621621621,0,prcp_obs,14.3,tmax_aero,2.9,8,0,0,0,0,,,0,20,48,1,-16,3,7,7.815207062189088,11.185772105752,7.548028969935015,7.815610532035191,.33454398708636,6.720220155135295,7.240649694255466,,1,0,0,0
2022-07-04,2022,7,1,0,0,0,0,0,0,478,1,8040,5679,2481,4684,837,38,259,1298,0,308,.0977611940298507,312,125,143765.7333333333,17.88131011608624,13.43333333333333,26.10389610389611,0,prcp_gsod_aero,15.6,tmax_obs,4.1,11.4,0,0,0,0,,,0,-9,33,-18,-20,14,6,8.992184362173012,11.87594040194582,8.644530439877432,8.99230873254815,.3085820895522388,7.816416983691801,8.451907724717607,,1,0,0,0
2022-07-05,2022,7,2,0,0,0,0,0,0,479,1,8609,6143,2581,5059,914,55,255,1209,0,309,.1109304216517598,313,161,274255.2333333333,31.85680489410307,13.7,27.86084142394822,0,prcp_obs,13,tmax_aero,10.1,11.9,0,0,0,0,,,0,-2,37,1,-16,16,5,9.060563446657955,12.5218144603012,8.723068501163928,9.060679597421776,.2998025322337089,7.855932199718614,8.528924114291936,,1,0,0,0
2022-07-06,2022,7,3,0,0,0,0,0,0,480,1,5993,4393,1697,3660,602,34,343,905,0,304,.0931086267311864,310,98,109435.4,18.2605372935091,12.95,19.71381578947369,0,prcp_gsod_aero,14.5,tmax_obs,9.4,11.6,0,0,0,0,,,0,-5,35,-10,-17,15,5,8.698347400458186,11.60308969980926,8.38776764397578,8.698514247876609,.2831636909728016,7.436617265234227,8.205218426395412,,1,0,0,0
2022-07-07,2022,7,4,0,0,0,0,0,0,481,1,8257,5998,2549,4786,878,44,238,1283,0,307,.1249848613297808,309,203,152626.8,18.48453433450406,14.66666666666667,26.8957654723127,1,prcp_obs,14.22222222222222,tmax_gsod_aero,7.3,11.7,0,1,0,0,,,0,-4,38,-6,-16,15,5,9.018816604417429,11.93575100495526,8.699181359308954,9.018937706446035,.3087077631100884,7.843456404376116,8.473450268468319,,1,0,0,0
2022-07-08,2022,7,5,0,0,0,0,0,0,482,1,7707,5531,2243,4613,790,61,370,1195,0,308,.1140521603736863,311,159,136005.3833333333,17.64699407465075,13.68333333333333,25.02272727272727,0,prcp_obs,15.1,tmax_obs,2.6,8.699999999999999,0,0,0,0,,,0,0,35,-10,-16,14,6,8.949884285777994,11.82044974726812,8.618123909994678,8.950014029534257,.2910341248215908,7.715569534520208,8.436633683557821,,1,0,0,0
2022-07-09,2022,7,6,1,1,0,0,1,0,483,1,2488,1937,761,1453,259,15,254,661,0,289,.2809485530546624,303,198,64700.83333333334,26.00515809217578,20.25,8.608996539792388,.3,prcp_obs,17,tmax_gsod_aero,6.2,14.2,0,0,0,0,,,0,11,38,-1,-12,-9,7,7.81923445385907,11.07752936036483,7.568895663406996,7.819636302367592,.3058681672025724,6.634633357861686,7.281385663570283,,1,0,0,0
2022-07-10,2022,7,7,1,0,0,0,0,1,484,1,2371,1838,766,1395,202,8,277,549,0,291,.33656684943062,305,215,72740.7,30.67933361450865,22.16666666666667,8.147766323024055,0,prcp_obs,21.11111111111111,tmax_gsod_aero,13,18.7,0,0,0,0,,,0,20,42,-13,-15,0,8,7.771067086065406,11.1946563418106,7.516433302915632,7.771488760117616,.3230704344158583,6.641182169740591,7.240649694255466,,1,0,0,0
2022-07-11,2022,7,1,0,0,0,0,0,0,485,1,6761,4963,2014,4004,706,37,246,1142,0,303,.1088596361484987,307,154,124577.9166666667,18.42596016368388,13.48333333333333,22.31353135313531,.3,prcp_obs,20.9,tmax_obs,9.300000000000001,11.7,0,0,0,0,,,0,-5,32,-17,-19,12,6,8.818926087090677,11.73268663581285,8.50976567558744,8.819073983267831,.2978849282650495,7.607878073278507,8.295049140435111,,1,0,0,0
2022-07-12,2022,7,2,0,0,0,0,0,0,486,1,7877,5649,2382,4642,811,42,218,1239,0,305,.1187000126951885,309,234,138992.5166666667,17.6453620244594,14.15,25.82622950819672,0,prcp_obs,12.5,tmax_aero,2.8,8.6,0,0,0,0,,,0,0,34,4,-15,15,5,8.971702399703325,11.84217537373311,8.639233817325263,8.971829343530851,.3023993906309509,7.775695749915245,8.442900586834382,,1,0,0,0
2022-07-13,2022,7,3,0,0,0,0,0,0,487,1,8322,5962,2533,4847,886,56,264,1324,0,308,.1188416246094689,310,219,149837.95,18.00504085556356,14.45,27.01948051948052,0,prcp_gsod_aero,14,tmax_gsod_aero,3.6,9.6,0,0,0,0,,,0,2,38,10,-15,14,4,9.026657889542886,11.91730965576437,8.693161274238017,9.026778045746095,.3043739485700553,7.837159650001675,8.486115235845377,,1,0,0,0
2022-07-14,2022,7,4,0,0,0,0,0,0,488,1,8229,5981,2519,4790,874,46,346,1378,0,307,.1187264552193462,309,205,149405.45,18.1559667031231,14.13333333333333,26.80456026058632,0,prcp_gsod_aero,15.9,tmax_obs,8.300000000000001,12.7,0,0,0,0,,,0,-4,32,1,-13,12,6,9.015419779605713,11.91441903026584,8.696343057044556,9.015541293671115,.3061125288613441,7.831617276352611,8.474285690404962,,1,0,0,0
2022-07-15,2022,7,5,0,0,0,0,0,0,489,1,5871,4377,1738,3527,561,45,340,1038,0,297,.1239993186850622,304,149,112859.9333333333,19.22328961562482,13.7,19.76767676767677,0,,13.9,tmax_obs,9.199999999999999,10.7,1,0,0,0,,,0,-3,25,-13,-19,11,8,8.677780256064185,11.63390280082061,8.384118837190895,8.677950570294351,.2960313404871402,7.460490305825338,8.168202930236053,,1,0,0,0
2022-07-16,2022,7,6,1,0,0,0,0,0,490,1,1379,1139,390,837,147,5,208,381,0,260,.2516316171138506,278,85,33001.43333333333,23.93142373700749,18.88333333333333,5.303846153846154,0,prcp_gsod_aero,12.2,tmax_obs,8.9,10.2,0,0,0,0,,,0,12,33,-16,-10,8,6,7.229113877793302,10.40430627384881,7.037905963447182,7.22983877815125,.2828136330674402,5.966146739123692,6.729824070489475,,1,0,0,0
2022-07-17,2022,7,7,1,0,0,0,0,0,491,1,2333,1766,732,1372,216,13,129,386,0,289,.4089155593656237,302,247,78779.93333333333,33.76765252178883,25.08333333333333,8.072664359861591,0,prcp_gsod_aero,13.72222222222223,tmax_gsod_aero,2.5,8.4,0,0,0,0,,,0,28,41,16,-5,2,6,7.75491027202143,11.27441359028607,7.476472381163905,7.755338812846501,.3137591084440635,6.595780513961311,7.22402480828583,,1,0,0,0
2022-07-18,2022,7,1,0,0,0,0,0,0,492,1,7538,5372,2378,4328,791,41,169,1177,0,309,.1517643937383922,312,320,158242.9,20.99269036879809,15.05,24.39482200647249,0,prcp_gsod_aero,17,tmax_gsod_aero,3.5,11.2,0,0,0,0,,,0,3,29,0,-20,-11,12,8.92771217382708,11.97188647328113,8.588955557643129,8.927844826211702,.3154682939771823,7.774015077250727,8.372860820526318,,1,0,0,0
2022-07-19,2022,7,2,0,0,0,0,0,0,493,1,8499,6070,2669,4907,875,48,293,1411,0,311,.1449582303800447,312,347,162995.65,19.17821508412754,15.13333333333333,27.32797427652733,0,prcp_gsod_aero,18.1,tmax_obs,3.6,9.6,0,0,0,0,,,0,7,30,16,-17,-10,12,9.047703788498627,12.00147879231623,8.711113884053544,9.047821442478409,.3140369455230027,7.889459149404524,8.498418036089904,,1,0,0,0
2022-07-20,2022,7,3,0,0,0,0,0,0,494,1,8498,6056,2673,4958,819,48,333,1457,0,311,.1414450458931513,312,359,169539.55,19.95052365262415,14.95,27.32475884244373,0,prcp_gsod_aero,15.38888888888889,tmax_gsod_aero,4.8,12.4,0,0,0,0,,,0,15,31,26,-16,-9,4,9.047586120674756,12.04084151191799,8.708804795117285,9.047703788498627,.3145445987291127,7.890956716138919,8.508757712595136,,1,0,0,0
2022-07-21,2022,7,4,0,0,0,0,0,0,495,1,8503,6069,2661,4943,852,47,657,1766,0,311,.1286604727743149,312,298,168194.9833333333,19.78066368732604,14.7,27.34083601286174,0,prcp_gsod_aero,20,tmax_gsod_aero,10.8,14.4,0,0,0,0,,,0,3,25,4,-18,-12,7,9.048174321385792,12.03287920047175,8.710949125835855,9.048291920021784,.3129483711631189,7.886457270977689,8.505727713306959,,1,0,0,0
2022-07-22,2022,7,5,0,0,0,0,0,0,496,1,7904,5661,2479,4562,827,36,464,1490,0,309,.1442307692307692,311,316,159966.9166666667,20.23872933535763,15.45,25.57928802588997,0,prcp_gsod_aero,19.6,tmax_obs,7,12.4,0,0,0,0,,,0,3,28,4,-17,-11,8,8.975124239427704,11.98272230200259,8.641355834036659,8.975250749643573,.3136386639676113,7.815610532035191,8.425516402844334,,1,0,0,0
2022-07-23,2022,7,6,1,0,0,0,0,0,497,1,1507,1205,428,940,135,4,263,493,0,284,.2767086927670869,302,111,43285.83333333334,28.72318071223181,19.7,5.306338028169014,0,prcp_obs,19.2,tmax_obs,10.5,14.3,0,0,0,0,,,0,6,30,-17,-6,5,6,7.317876198626496,10.67558068570744,7.094234845924755,7.318539548567902,.2840079628400796,6.059123195581797,6.84587987526405,,1,0,0,0
2022-07-24,2022,7,7,1,0,0,0,0,0,498,1,1586,1241,486,944,145,11,189,435,0,279,.3177805800756621,294,114,43182.53333333333,27.22732240437158,20.71666666666667,5.684587813620071,0,prcp_obs,16.6,tmax_obs,12,15.1,0,0,0,0,,,0,12,26,-27,-11,-3,9,7.368970402194793,10.67319137148478,7.123672785204607,7.369600720526409,.3064312736443884,6.186208623900494,6.8501261661455,,1,0,0,0
2022-07-25,2022,7,1,0,0,0,0,0,0,499,1,4313,3295,1225,2648,409,31,249,1109,0,305,.1117551588221656,309,97,83407.5,19.3386274055182,13.8,14.14098360655738,4.1,prcp_obs,15.38888888888889,tmax_gsod_aero,13,14.4,0,1,0,0,,,0,-15,12,-34,-27,-16,11,8.369388996647842,11.33149351236111,8.100161446936607,8.369620826949102,.2840250405750058,7.110696122978827,7.881559917056899,,1,0,0,0
2022-07-26,2022,7,2,0,0,0,0,0,0,500,1,7510,5434,2250,4414,794,52,231,1025,0,309,.1451398135818908,310,261,151040.8833333333,20.11196848646249,15.2,24.3042071197411,1,prcp_obs,20,tmax_gsod_aero,12.8,18.1,0,1,0,0,,,0,2,24,6,-17,-11,8,8.92399074475818,11.92530582970262,8.600430789986293,8.924123891686012,.2996005326231691,7.718685495198466,8.392536586816682,,1,0,0,0
2022-07-27,2022,7,3,0,0,0,0,0,0,501,1,5381,3933,1624,3236,492,29,200,883,0,308,.1085300130087344,311,134,100999.2666666667,18.76960911850338,13.86666666666667,17.47077922077922,9.9,prcp_obs,22.7,tmax_obs,15.8,18.3,0,1,0,0,,,0,-4,20,-19,-22,-12,8,8.590629509489419,11.52286853507096,8.27715777243181,8.590815331286851,.3018026389146999,7.392647520721623,8.082093278178382,,1,0,0,0
2022-07-28,2022,7,4,0,0,0,0,0,0,502,1,7271,5346,2281,4198,749,43,259,1231,0,306,.1426213725759868,312,263,145795.05,20.05158162563609,15.43333333333333,23.76143790849673,7.1,prcp_obs,19.6,tmax_obs,10.5,13.7,0,1,0,0,,,0,1,24,-2,-14,-12,8,8.891649112650057,11.88995714736308,8.584103896698863,8.891786635857315,.3137120066015679,7.732369222284388,8.342363500380579,,1,0,0,0
2022-07-29,2022,7,5,0,0,0,0,0,0,503,1,7677,5541,2490,4395,748,44,325,1311,0,308,.1479744691936955,309,338,155406.3,20.2431027745213,15.45,24.92532467532467,0,prcp_obs,18,tmax_gsod_aero,5.8,11.8,0,0,0,0,,,0,6,27,2,-15,-11,8,8.945984124827898,11.95379825663448,8.61993026886735,8.946114375560743,.3243454474404064,7.820037989458753,8.388222810119277,,1,0,0,0
2022-07-30,2022,7,6,1,0,0,1,0,0,504,1,3396,2544,1143,1861,374,18,276,661,0,304,.3792697290930506,309,347,123292.25,36.30513839811543,24.18333333333333,11.17105263157895,0,prcp_gsod_aero,18.1,tmax_aero,7,13.8,0,0,0,0,,,0,22,37,15,2,9,3,8.130353547431238,11.72231283235136,7.841492924460013,8.130647968160584,.3365724381625442,7.04141166379481,7.528869256642251,,1,0,0,0
2022-07-31,2022,7,7,1,0,0,0,0,0,505,1,3417,2617,1206,1858,341,12,319,756,0,300,.3944980977465613,308,359,181433.9666666667,53.09744415179007,25.93333333333333,11.39,0,prcp_gsod_aero,20.5,tmax_obs,10.3,14.6,0,0,0,0,,,0,34,41,19,5,6,5,8.136518252115291,12.10864704647012,7.869783902530146,8.136810863675537,.3529411764705883,7.095064377287131,7.527255919373784,,1,0,0,0
2022-08-01,2022,8,1,0,0,0,0,0,0,506,1,9781,6909,3136,5580,1009,56,285,1592,0,311,.1237092321848482,312,273,192378.0666666667,19.66854786490815,14.63333333333333,31.45016077170418,0,prcp_gsod_aero,18.7,tmax_obs,8.4,12.8,0,0,0,0,,,0,-5,31,-10,-16,4,7,9.188197007290492,12.16721781210141,8.840580188488795,9.188299241099303,.3206216133319702,8.050703381470299,8.626944055375356,,1,0,0,0
2022-08-02,2022,8,2,0,0,0,0,0,0,507,1,10044,7091,3145,5811,1024,64,342,1688,0,310,.1206690561529271,311,225,182827.9166666667,18.20269978760122,14.71666666666667,32.4,0,prcp_gsod_aero,18.6,tmax_obs,10.3,13.6,0,0,0,0,,,0,-5,31,-6,-14,6,7,9.214730720277476,12.11630064333703,8.866581653303996,9.214830277249035,.3131222620469932,8.053569169134541,8.667507952075106,,1,0,0,0
2022-08-03,2022,8,3,0,0,0,0,0,0,508,1,9584,6762,2928,5621,974,61,371,1635,0,309,.108618530884808,311,222,172654.1666666667,18.01483375069561,14.1,31.01618122977346,0,prcp_gsod_aero,16.2,tmax_obs,10.2,12.7,0,0,0,0,,,0,-5,34,-4,-14,15,5,9.16785032035523,12.05904583613056,8.819073983267831,9.167954655479745,.3055091819699499,7.982074875081202,8.634264863002075,,1,0,0,0
2022-08-04,2022,8,4,0,0,0,0,0,0,509,1,8495,6121,2609,4980,859,47,361,1455,0,309,.1106533254855798,311,168,151959.8166666667,17.88814793015499,13.95,27.49190938511327,0,prcp_gsod_aero,15.8,tmax_obs,8,10.7,0,0,0,0,,,0,-8,31,-18,-15,13,6,9.047233034106032,11.931371400843,8.71948076085107,9.04735074348172,.3071218363743378,7.866722285136729,8.513185170018698,,1,0,0,0
2022-08-05,2022,8,5,0,0,0,0,0,0,510,1,9327,6647,2823,5438,1003,63,409,1519,0,310,.1384153532754369,313,278,202358.0166666667,21.69593831528538,14.95,30.08709677419355,0,prcp_obs,16.72222222222223,tmax_gsod_aero,4.3,10.1,0,0,0,0,,,0,4,36,-1,-11,13,5,9.140668698726863,12.21779376734315,8.801920904041582,9.140775908590273,.3026696687037633,7.945555428253489,8.601166625192416,,1,0,0,0
2022-08-06,2022,8,6,1,0,0,0,0,0,511,1,3238,2367,1045,1830,343,20,290,623,0,300,.3458925262507721,310,341,106728.15,32.9611334156887,22.1,10.79333333333333,0,prcp_gsod_aero,17.8,tmax_obs,6.6,10.9,0,0,0,0,,,0,22,43,4,1,11,4,8.082711134237581,11.57804022629953,7.769378609513984,8.083019919171329,.3227300802964793,6.951772164398911,7.512071245835466,,1,0,0,0
2022-08-07,2022,8,7,1,0,0,0,0,0,512,1,2915,2187,1031,1583,286,15,278,494,0,303,.3927958833619211,307,354,93030.33333333333,31.91435105774729,24.96666666666667,9.62046204620462,0,prcp_gsod_aero,17,tmax_obs,7.9,11.7,0,0,0,0,,,0,26,43,7,8,3,6,7.977625098784593,11.44068088382975,7.690286020676768,7.977968093128549,.3536878216123499,6.93828448401696,7.367077059881012,,1,0,0,0
2022-08-08,2022,8,1,0,0,0,0,0,0,513,1,9404,6608,2826,5497,1022,59,290,1447,0,309,.1070820927264994,310,221,167471.8,17.80857082092727,13.69166666666667,30.4336569579288,0,prcp_gsod_aero,15.1,tmax_obs,5.7,10.2,0,0,0,0,,,0,-5,33,-15,-13,14,6,9.148890409659961,12.02857025786447,8.796036315200814,9.148996741735131,.3005104210974053,7.946617563244473,8.611957767860661,,1,0,0,0
2022-08-09,2022,8,2,0,0,0,0,0,0,514,1,9820,6911,2986,5786,979,69,247,1577,0,309,.1137474541751528,311,197,171583.0833333333,17.47281907671419,13.96666666666667,31.77993527508091,0,prcp_obs,14.5,tmax_aero,8.199999999999999,11.8,0,0,0,0,,,0,-4,32,-4,-10,16,5,9.192176401348512,12.05282287920289,8.840869624091395,9.192278229157774,.3040733197556008,8.001689978099135,8.66319648553608,,1,0,0,0
2022-08-10,2022,8,3,0,0,0,0,0,0,515,1,10463,7432,3168,6167,1062,66,341,1647,0,309,.1176526808754659,312,281,190941.35,18.24919717098346,14.36666666666667,33.86084142394822,0,prcp_obs,14.9,tmax_obs,9,11.6,0,0,0,0,,,0,0,37,13,-6,12,4,9.255600503381047,12.15972159181089,8.913550280493675,9.25569607369698,.3027812290929944,8.060855752934316,8.726967774991493,,1,0,0,0
2022-08-11,2022,8,4,0,0,0,0,0,0,516,1,11125,7814,3374,6580,1117,54,358,1928,0,311,.1241348314606742,312,286,206071.8,18.52330786516854,14.55,35.77170418006431,0,prcp_gsod_aero,16.11111111111111,tmax_gsod_aero,9.199999999999999,13.4,0,0,0,0,,,0,-3,34,-1,-9,15,4,9.31695010703444,12.2359799307338,8.963672275615016,9.317039990635239,.3032808988764045,8.123854263105914,8.791790024319363,,1,0,0,0
2022-08-12,2022,8,5,0,0,0,0,0,0,517,1,10812,7592,3256,6400,1090,66,574,1880,0,311,.1248612652608213,312,345,202964.9166666667,18.77218985078308,15,34.7652733118971,0,prcp_gsod_aero,17,tmax_gsod_aero,10.6,14.9,0,0,0,0,,,0,2,35,0,-10,14,5,9.288411907396338,12.22078841878595,8.934850340289763,9.288504392945537,.3011468738438772,8.088254727122431,8.764053269347762,,1,0,0,0
2022-08-13,2022,8,6,1,0,0,0,0,1,518,1,4518,3233,1568,2459,475,16,337,804,0,304,.4183266932270917,309,545,148481.9166666667,32.86452338792977,25.6,14.86184210526316,0,prcp_gsod_aero,19.72222222222222,tmax_gsod_aero,11,17,0,0,0,0,,,0,24,41,24,4,12,2,8.415824697027949,11.90821845652148,8.081165777725433,8.41604600941128,.3470562195661797,7.357556200910353,7.807510042216193,,1,0,0,0
2022-08-14,2022,8,7,1,0,0,0,0,1,519,1,5120,3655,1894,2762,441,23,347,916,0,304,.5005859375,311,863,197025.2666666667,38.48149739583334,30.04166666666667,16.84210526315789,0,prcp_gsod_aero,20.27777777777778,tmax_gsod_aero,13.5,18.5,0,0,0,0,,,0,42,47,51,15,7,2,8.540909718033554,12.19108725668708,8.203851372183879,8.54110501146255,.369921875,7.546446273746024,7.923710333969238,,1,0,0,0
2022-08-15,2022,8,1,0,1,0,0,1,0,520,1,4178,3003,1382,2341,428,27,587,1128,0,304,.2967927237912877,309,340,126346.8333333333,30.24098452209989,20.65833333333334,13.74342105263158,.5,prcp_obs,23.4,tmax_obs,12.6,16.4,0,0,0,0,,,0,-24,4,-25,-56,-71,16,8.33758794211651,11.74678604984563,8.00736706798333,8.337827262447915,.3307802776448061,7.231287004327616,7.75833346749091,,1,0,0,0
2022-08-16,2022,8,2,0,0,0,0,0,0,521,1,10853,7592,3307,6402,1083,61,315,1797,0,309,.1135169999078596,309,260,197039.6666666667,18.15531803802328,14.33333333333333,35.12297734627832,0,prcp_obs,20,tmax_gsod_aero,8.199999999999999,13.3,0,0,0,0,,,0,-4,32,3,-4,18,6,9.292196818446016,12.1911603410891,8.934850340289763,9.29228895462335,.3047083755643601,8.103796712981794,8.764365720529808,,1,0,0,0
2022-08-17,2022,8,3,0,0,0,0,0,0,522,1,10235,7368,3069,6109,998,59,356,1675,0,308,.1133365901319003,310,248,184706.1666666667,18.04652336752972,14.06666666666667,33.23051948051948,0,prcp_gsod_aero,20.7,tmax_obs,10,12.8,0,0,0,0,,,0,-3,31,14,-3,14,8,9.233568498095391,12.12652155310517,8.904901577935142,9.23366619727968,.2998534440644846,8.029107054619736,8.717518372649767,,1,0,0,0
2022-08-18,2022,8,4,0,0,0,0,0,0,523,1,9731,6943,2871,5819,995,46,375,1629,0,310,.1032781831260919,311,82,163749.8166666667,16.8276453259343,13.61666666666667,31.39032258064516,0,prcp_obs,14.5,tmax_obs,3.5,9.1,0,0,0,0,,,0,-3,32,-6,-7,17,7,9.18307194482199,12.006095033904,8.845489236753274,9.183174703903413,.2950364813482684,7.962415680121064,8.66888370465667,,1,0,0,0
2022-08-19,2022,8,5,0,0,0,0,0,0,524,1,9991,7206,3024,5893,1010,64,389,1696,0,311,.1268141327194475,311,232,187378.6666666667,18.75474593801088,14.56666666666667,32.12540192926045,0,prcp_gsod_aero,17.77777777777778,tmax_gsod_aero,4.1,10.5,0,0,0,0,,,0,4,34,3,-6,16,8,9.209439966733019,12.14088680381473,8.882669291308039,9.209540051805414,.3026724051646482,8.014335737299424,8.681520484837913,,1,0,0,0
2022-08-20,2022,8,6,1,0,0,0,0,0,525,1,3811,2792,1219,2172,409,11,464,855,0,303,.3539753345578589,307,330,114713.4666666667,30.10062100935887,22.45,12.57755775577558,0,prcp_gsod_aero,18.1,tmax_aero,7.5,13.1,0,0,0,0,,,0,26,48,18,2,16,6,8.24564690087386,11.65019270395603,7.934513463882263,8.245909264774094,.3198635528732616,7.105786129481271,7.683403681053826,,1,0,0,0
2022-08-21,2022,8,7,1,0,0,0,0,0,526,1,3870,2875,1270,2135,438,27,420,863,0,305,.4051679586563308,308,414,130855.6833333333,33.81283807062877,25.45,12.68852459016394,0,prcp_gsod_aero,16.8,tmax_aero,6.3,13.2,0,0,0,0,,,0,36,44,24,0,9,6,8.261009786023827,11.78185034097252,7.963807953231451,8.261268150577648,.3281653746770026,7.146772179452637,7.666221925662725,,1,0,0,0
2022-08-22,2022,8,1,0,0,0,0,0,0,527,1,10936,7699,3322,6506,1052,56,439,1883,0,310,.1111923920994879,311,257,196789.1833333333,17.99462173860034,14.05,35.27741935483871,0,prcp_gsod_aero,19.7,tmax_obs,8.5,11.6,0,0,0,0,,,0,-5,29,-6,-7,15,8,9.299815378403785,12.18988829935266,8.94884572927805,9.299906815335225,.3037673738112656,8.10832229017324,8.780480107033297,,1,0,0,0
2022-08-23,2022,8,2,0,0,0,0,0,0,528,1,12131,8530,3761,7085,1209,76,455,2160,0,309,.1218366169318276,309,290,224274.6166666667,18.4877270354189,14.53333333333333,39.25889967637541,0,prcp_gsod_aero,17.11111111111111,tmax_gsod_aero,10.5,14.4,0,0,0,0,,,0,-3,32,9,-5,18,7,9.403519438770919,12.32062654721486,9.051344640485725,9.403601868808472,.3100321490396505,8.232440158470336,8.865735152124781,,1,0,0,0
2022-08-24,2022,8,3,0,0,0,0,0,0,529,1,13034,9151,4012,7646,1304,72,519,2382,0,310,.1258247659966242,311,324,243695.7166666667,18.69692470973352,14.99166666666667,42.04516129032258,0,prcp_gsod_aero,20,tmax_gsod_aero,10.2,17.8,0,0,0,0,,,0,-2,34,16,-6,19,6,9.475316606892326,12.40367566320388,9.121618441915379,9.475393326367602,.3078103421819856,8.297045149081827,8.941937914256359,,1,0,0,0
2022-08-25,2022,8,4,0,0,0,0,0,0,530,1,13494,9429,4102,7984,1337,71,686,2643,0,310,.1299095894471617,312,363,252684.8,18.72571513265155,15.04166666666667,43.52903225806452,0,prcp_gsod_aero,21,tmax_gsod_aero,15.1,20,0,0,0,0,,,0,-4,31,4,-6,17,7,9.510000421187371,12.43989814119124,9.151545325465678,9.510074525452104,.3039869571661479,8.319229938632326,8.9851948179913,,1,0,0,0
2022-08-26,2022,8,5,0,0,0,0,0,0,531,1,12584,8879,3784,7390,1336,74,774,2497,0,311,.1296090273363001,311,325,231408.0666666667,18.38907077770714,14.86666666666667,40.46302250803858,0,prcp_gsod_aero,26.7,tmax_obs,14.2,18.5,0,0,0,0,,,0,-1,33,3,-7,17,8,9.440181444738114,12.35193795340492,9.091444217032327,9.440260907569416,.3006993006993007,8.238536930171769,8.907883013942248,,1,0,0,0
2022-08-27,2022,8,6,1,0,0,0,0,0,532,1,3076,2303,987,1790,292,7,335,702,0,307,.3338751625487647,310,224,86530.26666666666,28.1307758994365,21.78333333333334,10.01954397394137,13,prcp_obs,24.3,tmax_obs,12,17.9,0,1,1,0,,,0,12,37,-9,-5,13,8,8.031385330625534,11.36824953537885,7.741967899820685,8.031710375322042,.3208712613784135,6.894670039433482,7.489970898834801,,1,0,0,0
2022-08-28,2022,8,7,1,0,0,0,0,0,533,1,3411,2523,1159,1868,359,25,296,661,0,305,.4201114042802697,310,380,113723.8333333333,33.34032053161341,25.61666666666667,11.18360655737705,0,prcp_obs,19.2,tmax_obs,4,9.300000000000001,0,0,0,0,,,0,22,40,6,-3,7,7,8.134760782418645,11.64152827372068,7.833203948641057,8.135053908611569,.3397830548226327,7.055312843339752,7.532623618788788,,1,0,0,0
2022-08-29,2022,8,1,0,0,0,0,0,0,534,1,11093,7794,3352,6579,1109,53,368,1939,0,317,.1105201478409808,317,226,193585.85,17.45117191021365,13.98333333333333,34.99369085173502,0,prcp_gsod_aero,14,tmax_gsod_aero,4.7,10.1,0,0,0,0,,,0,-7,30,-7,-9,16,6,9.314069557738659,12.17347636231052,8.961109485898655,9.31415970061518,.3021725412422248,8.117312461601975,8.791638037085997,,1,0,0,0
2022-08-30,2022,8,2,0,0,0,0,0,0,535,1,12327,8628,3812,7172,1268,75,411,2135,0,315,.1141396933560477,316,278,220853.2666666667,17.91622184364944,14.26666666666667,39.13333333333333,0,prcp_gsod_aero,15.88888888888889,tmax_gsod_aero,9.1,13.2,0,0,0,0,,,0,-5,29,7,-6,19,5,9.419547257551519,12.30525380825178,9.062768007509048,9.419628376999953,.3092398799383467,8.245909264774094,8.877939834725023,,1,0,0,0
2022-08-31,2022,8,3,0,0,0,0,0,0,536,1,12552,8796,3879,7422,1196,55,517,2284,0,317,.11782982791587,318,261,244412.5333333333,19.47199915020183,14.31666666666667,39.59621451104101,0,prcp_gsod_aero,17.11111111111111,tmax_gsod_aero,11.8,16.5,0,0,0,0,,,0,-4,34,10,-7,19,4,9.437635294412868,12.40661278701598,9.082052351674651,9.437714959818209,.3090344168260038,8.263332667439967,8.912203841620542,,1,0,0,0
2022-09-01,2022,9,4,0,0,0,0,0,0,537,1,9142,6584,2647,5603,842,50,564,2066,0,314,.0925399256180267,315,75,159810.4166666667,17.48090315758769,13.45,29.11464968152866,16.002,prcp_gsod_aero,20.7,tmax_obs,14.9,16.4,0,1,1,0,,,0,-12,29,-21,-10,16,5,9.12063445889169,11.98174349583855,8.792397742356906,9.120743838164426,.2895427696346533,7.881182202227102,8.631057447565285,,1,0,0,0
2022-09-02,2022,9,5,0,0,0,0,0,0,538,1,8725,6206,2701,5083,889,52,483,1734,0,317,.157593123209169,317,239,172146.7,19.73028080229226,15.78333333333333,27.52365930599369,0,prcp_gsod_aero,17.7,tmax_aero,7.6,13.2,0,0,0,0,,,0,-13,32,24,-24,-33,16,9.073947747070628,12.05610229925386,8.733271845008325,9.074062353683555,.3095702005730659,7.901377353792616,8.533656917446903,,1,0,0,0
2022-09-03,2022,9,6,1,0,0,0,0,0,539,1,3940,2820,1349,2141,427,23,309,737,0,313,.3708121827411168,315,361,120841.15,30.67034263959391,23.83333333333333,12.58785942492013,0,prcp_gsod_aero,17.6,tmax_aero,5,12.2,0,0,0,0,,,0,18,47,18,3,13,3,8.27893600229198,11.70223215217164,7.944492163932159,8.279189777195004,.3423857868020305,7.207118856207756,7.669028288589683,,1,0,0,0
2022-09-04,2022,9,7,1,0,0,0,0,0,540,1,4584,3274,1634,2493,438,19,352,858,0,310,.4389179755671902,314,482,155301.2833333333,33.87898851076207,27.01666666666667,14.78709677419355,0,prcp_gsod_aero,19,tmax_gsod_aero,9.9,15.4,0,0,0,0,,,0,29,46,37,7,5,4,8.430327258394575,11.95312227267851,8.093767757931079,8.430545384690566,.356457242582897,7.398786275419949,7.821242083523558,,1,0,0,0
2022-09-05,2022,9,1,0,0,0,0,0,0,541,1,12896,8937,3975,7486,1381,54,407,2218,0,317,.1194168734491315,317,314,232568.1,18.03412686104218,14.35,40.6813880126183,0,prcp_gsod_aero,19.7,tmax_aero,9.4,16.7,0,0,0,0,,,0,-3,39,1,-6,18,4,9.464672464746409,12.35693836434758,9.097955241381392,9.464750005164392,.308235111662531,8.287780027088433,8.920789888464375,,1,0,0,0
2022-09-06,2022,9,2,0,0,0,0,0,0,542,1,13416,9336,4162,7792,1397,65,440,2370,0,316,.1168008348240906,317,302,242165.0666666667,18.05046710395548,14.43333333333333,42.45569620253165,0,prcp_gsod_aero,23.5,tmax_obs,11.3,15.9,0,0,0,0,,,0,0,39,14,-3,20,3,9.504203303503045,12.39737486628258,9.141633173966392,9.504277838590472,.310226595110316,8.33375100695358,8.960852845322371,,1,0,0,0
2022-09-07,2022,9,3,0,0,0,0,0,0,543,1,14081,9776,4318,8329,1348,86,491,2563,0,316,.1288970953767488,317,379,265366.7166666667,18.84572946997135,14.66666666666667,44.56012658227848,0,prcp_gsod_aero,21.27777777777778,tmax_gsod_aero,14.3,19.1,0,0,0,0,,,0,2,43,21,-3,20,3,9.552581649917311,12.48886798482708,9.187685681411377,9.552652665079078,.3066543569348768,8.370547611074752,9.02749867993534,,1,0,0,0
2022-09-08,2022,9,4,0,0,0,0,0,0,544,1,9480,6884,2878,5649,912,41,530,931,0,317,.1009493670886076,317,209,161760.0666666667,17.06329817158931,13.55,29.90536277602524,0,,24.1,tmax_obs,13.61111111111111,19.2,1,0,0,0,,,0,-10,23,-12,-4,18,5,9.156939595249067,11.99386944638741,8.836955157331429,9.15704507491796,.3035864978902954,7.964850887447313,8.639233817325263,,1,0,0,0
2022-09-09,2022,9,5,0,0,0,0,0,0,545,1,9950,7064,3059,5870,958,63,304,1559,0,317,.1058291457286432,317,247,172587.1833333333,17.34544556113903,13.68333333333333,31.38801261829653,11.9,prcp_obs,24.2,tmax_obs,7.5,10.7,0,1,1,0,,,0,0,37,-7,-7,17,5,9.205327830152639,12.05865779840464,8.862766742283796,9.205428327615163,.3074371859296483,8.025843344150903,8.677609912822142,,1,0,0,0
2022-09-10,2022,9,6,1,0,0,0,0,0,546,1,4108,2995,1460,2234,398,16,263,754,0,314,.4014118792599805,315,475,134633.55,32.77350292112951,25.04166666666667,13.0828025477707,0,prcp_obs,18.61111111111111,tmax_gsod_aero,4,11.7,0,0,0,0,,,0,20,48,19,6,15,3,8.32069157104845,11.81031192219134,8.00469951054955,8.32093496888341,.3554040895813048,7.286191714702382,7.711548979629146,,1,0,0,0
2022-09-11,2022,9,7,1,0,0,0,0,0,547,1,3815,2772,1331,2079,383,22,345,779,0,310,.3921363040629096,316,452,121061.65,31.73306684141546,24.1,12.30645161290323,0,prcp_gsod_aero,19.7,tmax_obs,6.9,12.8,0,0,0,0,,,0,25,46,8,5,7,5,8.246695943718557,11.70405519895795,7.927324360309794,8.246958032568177,.3488859764089122,7.193685818395112,7.639642287858013,,1,0,0,0
2022-09-12,2022,9,1,0,0,0,0,0,0,548,1,13103,9017,4141,7620,1296,46,442,2278,0,317,.1207357093795314,317,433,236837.85,18.07508585820041,14.53333333333333,41.33438485804417,0,prcp_gsod_aero,17.2,tmax_aero,7.6,14.5,0,0,0,0,,,0,-2,36,0,-7,19,4,9.480596490604585,12.37513100874604,9.106866963499908,9.480672806092851,.3160344959169656,8.328692583545568,8.938531648680693,,1,0,0,0
2022-09-13,2022,9,2,0,0,0,0,0,0,549,1,13675,9491,4154,8052,1390,79,443,2267,0,316,.1275319926873857,317,426,249363.0833333333,18.23496039000609,14.35,43.2753164556962,0,prcp_gsod_aero,16.6,tmax_aero,8.4,14.3,0,0,0,0,,,0,2,35,13,-2,20,3,9.523324627290181,12.42666527935248,9.158099260130491,9.523397750759193,.3037659963436929,8.331827004436057,8.993675786759683,,1,0,0,0
2022-09-14,2022,9,3,0,0,0,0,0,0,550,1,13906,9650,4269,8182,1389,66,506,2484,0,316,.1261326046310945,316,396,255828.5166666667,18.39698811064768,14.66666666666667,44.00632911392405,0,prcp_gsod_aero,17.11111111111111,tmax_gsod_aero,9.699999999999999,15.4,0,0,0,0,,,0,3,38,19,-4,19,2,9.540075680658964,12.45226264223658,9.174713194333032,9.540147589478611,.3069897885804689,8.359134886757962,9.009691898489344,,1,0,0,0
2022-09-15,2022,9,4,0,0,0,0,0,0,551,1,13519,9464,4218,7908,1314,79,572,2378,0,316,.12338190694578,317,392,249509.7,18.45622457282343,14.58333333333333,42.78164556962025,0,prcp_gsod_aero,19,tmax_gsod_aero,11.8,16.7,0,0,0,0,,,0,-3,35,7,-6,17,3,9.511851382364405,12.4272530711735,9.155250405658222,9.511925349596956,.3120053258377099,8.347116361038721,8.975630184290507,,1,0,0,0
2022-09-16,2022,9,5,0,0,0,0,0,0,552,1,12721,8914,3932,7464,1268,57,623,2278,0,316,.1244399025233865,317,400,232793.8166666667,18.29996200508346,14.71666666666667,40.25632911392405,0,prcp_gsod_aero,21,tmax_gsod_aero,14.1,18,0,0,0,0,,,0,1,33,7,-7,16,4,9.45100945015621,12.35790843377648,9.095378353506501,9.451088057238749,.3090951969184813,8.276903481267057,8.91784674252718,,1,0,0,0
2022-09-17,2022,9,6,1,0,0,0,0,0,553,1,4418,3200,1461,2498,438,21,378,927,0,313,.3863739248528746,317,406,154407.6166666667,34.94966425230119,24.225,14.11501597444089,0,prcp_gsod_aero,22.22222222222222,tmax_gsod_aero,15.1,19.6,0,0,0,0,,,0,15,38,21,4,14,2,8.393442383980062,11.94735124609875,8.070906088787819,8.39366870513074,.3306926210955183,7.2868764117507,7.823245690685523,,1,0,0,0
2022-09-18,2022,9,7,1,0,0,0,0,0,554,1,4224,3043,1523,2311,374,16,402,842,0,308,.4176136363636364,314,540,142928.45,33.83722774621212,26.03333333333334,13.71428571428571,0,prcp_gsod_aero,24.6,tmax_obs,16,19,0,0,0,0,,,0,19,41,13,1,4,5,8.348537825386098,11.87009943437504,8.02059914989697,8.348774539791274,.3605587121212121,7.328437352895162,7.745435610274381,,1,0,0,0
2022-09-19,2022,9,1,0,0,0,0,0,0,555,1,13185,9135,4097,7644,1379,65,400,2251,0,316,.1194539249146758,317,332,236068.5,17.90432309442548,14.35,41.7246835443038,0,prcp_obs,22,tmax_gsod_aero,15,18.6,0,0,0,0,,,0,-1,31,-1,-9,14,5,9.486835098787386,12.37187729612942,9.119868468812108,9.486910939673246,.3107318923018582,8.318010277546872,8.941676305360163,,1,0,0,0
2022-09-20,2022,9,2,0,0,0,0,0,0,556,1,12579,8787,3864,7408,1237,70,394,2044,0,315,.1152714842197313,317,275,218769.8166666667,17.39166997906564,14.18333333333333,39.93333333333333,0,prcp_gsod_aero,23.5,tmax_obs,8.4,13.2,0,0,0,0,,,0,-1,33,6,-7,17,4,9.439784035838873,12.29577539059298,9.081028635495843,9.439863530254431,.3071786310517529,8.259458195332408,8.910315776326016,,1,0,0,0
2022-09-21,2022,9,3,0,0,0,0,0,0,557,1,11742,8240,3665,6902,1110,65,478,2048,0,315,.116164196900017,318,306,218752.4166666667,18.62991114517686,14.41666666666667,37.27619047619048,0,prcp_gsod_aero,16.77777777777778,tmax_gsod_aero,10.5,14.4,0,0,0,0,,,0,6,34,17,-12,1,5,9.370927436624131,12.29569585177788,9.016755622903517,9.37101259736508,.3121274058933742,8.206583614320753,8.839566503657949,,1,0,0,0
2022-09-22,2022,9,4,0,0,0,0,0,0,558,1,10845,7660,3261,6463,1057,64,593,2077,0,316,.103273397879207,318,251,185961,17.14716459197787,13.61666666666667,34.31962025316456,0,prcp_aero,18.5,tmax_gsod_aero,10.3,14.6,0,0,0,0,,,0,-8,26,-8,-9,10,6,9.291459423260974,12.1332922532906,8.943767262734637,9.291551627401006,.3006915629322268,8.089789175789319,8.773848885262895,,1,0,0,0
2022-09-23,2022,9,5,0,0,0,0,0,0,559,1,12396,8764,3803,7272,1247,74,521,2085,0,316,.1310906744111004,317,328,227987.5833333333,18.39202834247607,14.76666666666667,39.22784810126582,3,prcp_aero,19.1,tmax_aero,6,12.9,0,1,0,0,,,0,1,33,5,-7,14,5,9.425129118907639,12.3370464473893,9.078407700715356,9.425209786838147,.3067925137141013,8.243545507928261,8.891786635857315,,1,0,0,0
2022-09-24,2022,9,6,1,0,0,0,0,0,560,1,4609,3373,1586,2586,416,21,397,930,0,315,.3733998698199176,316,414,140896.4,30.56984161423302,24,14.63174603174603,0,prcp_aero,20.38888888888889,tmax_gsod_aero,12.2,17.4,0,0,0,0,,,0,18,39,21,4,13,2,8.435766192720509,11.85578014752488,8.12355783506165,8.435983135990695,.3441093512692558,7.368970402194793,7.857867559331803,,1,0,0,0
2022-09-25,2022,9,7,1,0,0,0,0,0,561,1,3884,2823,1369,2125,369,21,358,792,0,311,.414778578784758,315,416,131733.9833333333,33.9170914864401,26.28333333333334,12.4887459807074,0,prcp_gsod_aero,22.4,tmax_obs,13.5,17.3,0,0,0,0,,,0,18,42,14,2,4,4,8.264620829411216,11.78853989038609,7.945555428253489,8.264878262801748,.3524716786817714,7.221835825288449,7.661527081358517,,1,0,0,0
2022-09-26,2022,9,1,0,0,0,1,0,0,562,1,12938,8976,4081,7472,1325,60,427,2222,0,316,.1296954707064461,317,400,237306.0833333333,18.34179033338486,14.71666666666667,40.94303797468354,0,prcp_gsod_aero,20.38888888888889,tmax_gsod_aero,13.3,18.2,0,0,0,0,,,0,-12,3,0,-12,7,6,9.467923996603931,12.37710607771825,9.102309627762478,9.468001285315953,.3154274230947596,8.314097335405807,8.918917979908679,,1,0,0,0
2022-09-27,2022,9,2,0,0,0,1,0,0,563,1,13794,9616,4235,8127,1365,67,485,2187,0,318,.124619399739017,318,328,255155.2,18.49754965927215,14.51666666666667,43.37735849056604,0,prcp_gsod_aero,23,tmax_gsod_aero,12.4,18.9,0,0,0,0,,,0,-4,37,14,-5,14,4,9.531988993991236,12.44962726645297,9.171183656774989,9.532061486651386,.3070175438596491,8.351138607086154,9.002947130753205,,1,0,0,0
2022-09-28,2022,9,3,0,0,0,0,0,0,564,1,13035,9096,4059,7620,1292,64,434,2051,0,318,.1196010740314538,319,243,233583.0333333333,17.91968034778161,14.28333333333333,40.99056603773585,0,prcp_gsod_aero,27.8,tmax_obs,9.800000000000001,14.4,0,0,0,0,,,0,-3,34,13,-4,17,3,9.475393326367602,12.36129289601989,9.115590035430373,9.475470039957452,.3113924050632911,8.308691916838898,8.938531648680693,,1,0,0,0
2022-09-29,2022,9,4,0,0,0,0,0,0,565,1,12477,8733,3755,7438,1224,60,445,2024,0,318,.1150917688546926,318,269,221145.4833333333,17.7242512890385,14.11666666666667,39.23584905660378,0,prcp_gsod_aero,18.5,tmax_obs,11.5,14.7,0,0,0,0,,,0,-4,32,-3,-5,15,4,9.431642228411022,12.30657605954431,9.074864232413733,9.431722372670732,.3009537549090326,8.230843564198235,8.914357274485015,,1,0,0,0
2022-09-30,2022,9,5,0,0,0,0,0,0,566,1,12802,8969,3863,7645,1225,69,554,2260,0,318,.1278706452116857,318,364,236187.65,18.4492774566474,14.66666666666667,40.25786163522012,0,prcp_gsod_aero,18,tmax_gsod_aero,12,16.3,0,0,0,0,,,0,7,35,6,-6,15,4,9.45735668770195,12.37238189518029,9.101529466118004,9.457434797446179,.3017497266052179,8.259199362666282,8.941807118363164,,1,0,0,0
2022-10-01,2022,10,6,1,0,0,0,0,0,567,1,4389,3174,1473,2481,420,15,399,907,0,314,.3684210526315789,316,408,133181.85,30.34446343130554,22.93333333333333,13.97770700636943,0,prcp_gsod_aero,20,tmax_gsod_aero,10.9,17.7,0,0,0,0,,,0,21,46,22,8,14,2,8.386856689688234,11.79947076654276,8.062747901086354,8.387084506069217,.3356117566643883,7.29505641646263,7.816416983691801,,1,0,0,0
2022-10-02,2022,10,7,1,0,0,0,0,0,568,1,4910,3426,1864,2525,504,17,427,944,0,313,.4270875763747454,315,518,172537.2833333333,35.13997623896809,26.64166666666667,15.68690095846645,0,prcp_gsod_aero,22,tmax_gsod_aero,12.5,19.6,0,0,0,0,,,0,34,48,33,11,6,3,8.499029220788566,12.05836862736539,8.139148678884066,8.499232866039245,.3796334012219959,7.530479995245536,7.83399634170946,,1,0,0,0
2022-10-03,2022,10,1,0,0,0,0,0,0,569,1,12377,8636,3819,7290,1204,64,405,1978,0,316,.116425628181304,318,288,219334.6666666667,17.72114944386093,14.03333333333333,39.16772151898734,0,prcp_gsod_aero,27.9,tmax_obs,11.4,15.3,0,0,0,0,,,0,-3,39,-5,-8,17,4,9.423595190540022,12.29835400064822,9.063694791634697,9.423675982299306,.308556192938515,8.247743887225516,8.894258825002703,,1,0,0,0
2022-10-04,2022,10,2,0,0,0,0,0,0,570,1,12611,8840,3891,7397,1247,76,406,2078,0,316,.1119657441915788,316,276,223214.4166666667,17.6999775328417,14.08333333333333,39.90822784810127,0,prcp_gsod_aero,19,tmax_gsod_aero,11.5,15.4,0,0,0,0,,,0,0,40,8,-6,14,4,9.442324727955874,12.31588809820388,9.087042155631689,9.442404020664952,.3085401633494568,8.266421472984554,8.908829791587868,,1,0,0,0
2022-10-05,2022,10,3,0,0,0,1,0,0,571,1,13061,9003,4010,7659,1318,74,471,2298,0,317,.1153816706224638,317,253,229978.5,17.60803154429217,14.26666666666667,41.20189274447949,0,prcp_gsod_aero,21,tmax_gsod_aero,14,18,0,0,0,0,,,0,4,46,13,-5,14,3,9.47738596957752,12.3457411052751,9.105313134108476,9.477462530462603,.3070209019217518,8.296546520300614,8.943636705909594,,1,0,0,0
2022-10-06,2022,10,4,0,0,0,0,0,0,572,1,12018,8456,3536,7227,1199,56,573,2150,0,315,.1188217673489765,317,254,277905.4,23.12409718755201,14.28333333333333,38.15238095238095,0,prcp_aero,23.5,tmax_obs,14.4,17.8,0,0,0,0,,,0,9,49,2,0,17,0,9.394160804893874,12.53503604699197,9.042631527550073,9.394244009952789,.2942253286736562,8.170751423757535,8.885579291282982,,1,0,0,0
2022-10-07,2022,10,5,0,1,0,0,1,0,573,1,5604,3967,1948,3097,537,22,389,1244,0,315,.3982869379014989,317,752,181645.05,32.41346359743041,24.825,17.79047619047619,0,prcp_aero,28,tmax_gsod_aero,10.2,20,0,0,0,0,,,0,-5,26,14,-33,-57,11,8.631235907456897,12.10980978707161,8.285765420514331,8.631414335506261,.3476088508208423,7.574558484202481,8.038189179973204,,1,0,0,0
2022-10-08,2022,10,6,1,0,0,0,0,1,574,1,2926,2093,993,1669,252,12,372,611,0,305,.3280929596719071,313,359,81242.8,27.76582365003418,21.64166666666667,9.593442622950819,.3,prcp_obs,29,tmax_obs,10,17.4,0,0,0,0,,,0,3,30,-14,-9,-1,5,7.98139158158007,11.30519748088079,7.646353722445999,7.981733286691886,.3393711551606288,6.900730664045173,7.419979923661835,,1,0,0,0
2022-10-09,2022,10,7,1,0,0,0,0,1,575,1,4986,3339,1820,2677,458,31,192,858,0,313,.4765342960288809,316,739,189343.55,37.97504011231448,28.89166666666667,15.9297124600639,0,prcp_aero,20.22222222222223,tmax_gsod_aero,5.9,12.8,0,0,0,0,,,0,31,40,27,5,3,2,8.514389264083503,12.15131836884693,8.113426639943654,8.514589805546123,.3650220617729643,7.506591780070841,7.892452043520352,,1,0,0,0
2022-10-10,2022,10,1,0,1,0,0,1,0,576,1,5046,3559,1858,2662,510,16,380,842,0,314,.4449068569163694,318,682,177065.8,35.09032897344432,27.00833333333333,16.07006369426752,0,prcp_gsod_aero,21.8,tmax_obs,8.800000000000001,15.1,0,0,0,0,,,0,-20,9,7,-48,-72,12,8.526351129201004,12.08427669388596,8.177234885510194,8.526549286340263,.3682124455013873,7.527255919373784,7.886832998955057,,1,0,0,0
2022-10-11,2022,10,2,0,0,0,0,0,0,577,1,12553,8678,3902,7374,1220,57,382,2113,0,318,.1175814546323588,318,289,221718.0333333333,17.66255344008073,14.26666666666667,39.4748427672956,0,prcp_gsod_aero,21.3,tmax_obs,12.2,16.5,0,0,0,0,,,0,-2,39,5,-5,16,2,9.437714959818209,12.3091617334481,9.068546366358296,9.437794618877478,.3108420297936748,8.269244521183056,8.905715578794091,,1,0,0,0
2022-10-12,2022,10,3,0,0,0,0,0,0,578,1,13031,8989,4054,7688,1215,74,495,2520,0,318,.1232445706392449,318,273,239801.95,18.40242114956642,14.53333333333333,40.97798742138365,0,prcp_gsod_aero,29,tmax_gsod_aero,12.1,19.8,0,0,0,0,,,0,5,42,17,-5,18,2,9.475086413144906,12.38756865331897,9.103756886573398,9.475163150281881,.3111042897705472,8.307459327011946,8.947415950650129,,1,0,0,0
2022-10-13,2022,10,4,0,0,0,0,0,0,579,1,12396,8687,3791,7334,1209,62,698,2307,0,318,.1112455630848661,319,301,218736,17.64569215876089,13.96666666666667,38.9811320754717,0,prcp_gsod_aero,29.5,tmax_obs,12,19.4,0,0,0,0,,,0,-1,39,-4,-7,17,4,9.425129118907639,12.29562080217177,9.06958293425992,9.425209786838147,.3058244595030655,8.240385115516334,8.900276348631271,,1,0,0,0
2022-10-14,2022,10,5,0,0,0,0,0,0,580,1,11539,8070,3431,6955,1079,74,482,1891,0,318,.109628217349857,318,270,208190.8166666667,18.04236213421151,14.11666666666667,36.28616352201258,0,prcp_gsod_aero,15.72222222222222,tmax_gsod_aero,10.7,14.1,0,0,0,0,,,0,5,41,0,-6,16,4,9.353487881194667,12.24621032596094,8.995908761263994,9.353574540062091,.2973394574919837,8.14060704285845,8.847216104357543,,1,0,0,0
2022-10-15,2022,10,6,1,0,0,0,0,0,581,1,1794,1431,514,1116,158,6,368,689,0,294,.238015607580825,311,99,41731.73333333333,23.26183574879227,17.16666666666667,6.102040816326531,3.048,prcp_gsod_aero,17.2,tmax_obs,12.2,14,0,1,0,0,,,0,11,48,-22,-1,14,5,7.492203042618741,10.63901710958693,7.266128779556451,7.492760300922379,.286510590858417,6.242223265455166,7.017506142941256,,1,0,0,0
2022-10-16,2022,10,7,1,0,0,0,0,0,582,1,3132,2285,977,1770,376,9,302,735,0,309,.3393997445721584,316,298,90661.61666666667,28.94687633035334,22.325,10.13592233009709,7.9,prcp_obs,18.22222222222222,tmax_gsod_aero,11.2,15.2,0,1,0,0,,,0,,,,,,,8.049427057110695,11.41488935652939,7.734121303328305,8.049746290952191,.311941251596424,6.884486652042782,7.478734825567875,,1,0,0,0
2022-10-17,2022,10,1,0,0,0,0,0,0,583,1,11997,8420,3648,7034,1262,53,435,1982,0,317,.1072768192048012,318,265,208730.4833333333,17.39855658359034,14.2,37.84542586750789,0,prcp_obs,19,tmax_gsod_aero,12.6,16.7,0,0,0,0,,,0,,,,,,,9.392411897514927,12.24879914532839,9.038365107236372,9.392495248213038,.3040760190047512,8.201934351194222,8.858510813033927,,1,0,0,0
2022-10-18,2022,10,2,0,0,0,0,0,0,584,1,11978,8457,3731,7038,1150,59,402,2156,0,319,.1132075471698113,319,258,207748.8833333333,17.3442046529749,13.95,37.54858934169279,.8,prcp_obs,21,tmax_gsod_aero,15,18,0,0,0,0,,,0,,,,,,,9.390826912824407,12.24408533765311,9.042749779782222,9.39091039573133,.3114877275004174,8.224431573221159,8.85907931788153,,1,0,0,0
2022-10-19,2022,10,3,0,0,0,0,0,0,585,1,12703,8831,3851,7591,1192,69,500,2310,0,317,.111154845312131,318,281,222061.0333333333,17.48099136686872,13.95,40.07255520504732,0,prcp_obs,23,tmax_obs,16.3,19.6,0,0,0,0,,,0,,,,,,,9.44959346502346,12.31070754799441,9.086023537468803,9.449672183486918,.3031567346296151,8.25608813381491,8.934718614016768,,1,0,0,0
2022-10-20,2022,10,4,0,0,0,0,0,0,586,1,11950,8450,3660,7064,1167,59,379,2131,0,317,.1144769874476987,318,258,210940.6666666667,17.65193863319387,13.98333333333333,37.69716088328076,2,prcp_obs,21.22222222222223,tmax_gsod_aero,18.2,20.8,0,1,0,0,,,0,,,,,,,9.388486557359657,12.25933217228198,9.041921720351219,9.388570235866881,.306276150627615,8.205218426395412,8.862766742283796,,1,0,0,0
2022-10-21,2022,10,5,0,0,0,0,0,0,587,1,12182,8597,3671,7249,1214,48,618,2145,0,317,.1264160236414382,317,302,223482.8,18.34532917419143,14.36666666666667,38.42902208201893,0,prcp_obs,20.6,tmax_aero,16,19.4,0,0,0,0,,,0,,,,,,,9.40771473139643,12.31708973257997,9.059168584174444,9.407796816354408,.3013462485634543,8.208219383496834,8.888618807300878,,1,0,0,0
2022-10-22,2022,10,6,1,0,0,0,0,0,588,1,3962,2940,1412,2210,320,20,262,1792,0,307,.3321554770318021,315,676,113155.9166666667,28.56030203600875,20.83333333333333,12.90553745928339,5.1,prcp_aero,24.6,tmax_obs,10.6,13.4,0,1,0,0,,,0,,,,,,,8.284504227258497,11.63652194016446,7.986164860332727,8.284756593190435,.3563856638061585,7.252762418053187,7.700747794511798,,1,0,0,0
2022-10-23,2022,10,7,1,0,0,0,0,0,589,1,5298,3825,1928,2814,525,31,1336,1944,0,317,.4026047565118913,318,729,170872.6666666667,32.25229646407449,25.225,16.71293375394322,0,prcp_obs,18,tmax_gsod_aero,9.4,14.4,0,0,0,0,,,0,,,,,,,8.575084669832014,12.04867391872697,8.249313746260636,8.575273402492762,.3639109097772744,7.564238475170491,7.942362237674335,,1,0,0,0
2022-10-24,2022,10,1,0,0,0,0,0,0,590,1,13724,9483,4344,7982,1334,64,522,2529,0,318,.1409210142815506,318,563,257043.05,18.72945569804722,14.93333333333333,43.15723270440252,0,prcp_gsod_aero,22,tmax_gsod_aero,14.2,19.4,0,0,0,0,,,0,,,,,,,9.526901403978341,12.4569988595768,9.157256000883727,9.526974266377732,.3165257942290877,8.376550861613771,8.984944285608679,,1,0,0,0
2022-10-25,2022,10,2,0,0,0,0,0,0,591,1,13968,9834,4421,8184,1296,67,506,2438,0,318,.1381729667812142,318,505,265159.6833333334,18.9833679362352,14.85,43.9245283018868,0,prcp_gsod_aero,25,tmax_gsod_aero,17.5,21.3,0,0,0,0,,,0,,,,,,,9.544524278079383,12.48808750210712,9.193601047971885,9.544595867727551,.3165091638029782,8.394121193826242,9.009936307631463,,1,0,0,0
2022-10-26,2022,10,3,0,0,0,0,0,0,592,1,10643,7801,3199,6465,930,49,600,2473,0,311,.1321056093206803,313,368,196698.35,18.4814760875693,14.66666666666667,34.22186495176849,4.1,prcp_obs,27.5,tmax_obs,17.6,20.7,0,1,0,0,,,0,,,,,,,9.272657678041044,12.18942661593322,8.962007209588313,9.272751632097579,.3005731466691722,8.070593539949519,8.774158291205957,,1,0,0,0
2022-10-27,2022,10,4,0,0,0,0,0,0,593,1,13098,9118,4145,7691,1183,79,629,2436,0,317,.1470453504351809,317,494,267445.5166666667,20.41880567007686,15.25,41.3186119873817,2,prcp_obs,27.88888888888889,tmax_gsod_aero,15.1,21.2,0,1,0,0,,,0,,,,,,,9.480214825777999,12.49667114856096,9.118005760773388,9.480291170397649,.3164605283249351,8.329658067569396,8.947806093057054,,1,0,0,0
2022-10-28,2022,10,5,0,0,0,0,0,0,594,1,12229,8561,3768,7252,1151,58,718,2556,0,318,.1431024613623354,318,428,241523.9166666667,19.75009540164091,15.11666666666667,38.4559748427673,0,prcp_obs,34,tmax_gsod_aero,17.9,25.1,0,0,0,0,,,0,,,,,,,9.411565459189371,12.39472378098767,9.054972284742485,9.411647228681218,.3081200425218743,8.234299635696253,8.889032571874742,,1,0,0,0
2022-10-29,2022,10,6,1,0,0,0,0,0,595,1,4930,3425,1704,2727,471,28,511,1232,0,314,.4107505070993915,316,684,162976.7166666667,33.05815753887762,25.50833333333333,15.70063694267516,2,prcp_aero,34.8,tmax_obs,19,25.1,0,1,0,0,,,0,,,,,,,8.503094267036737,12.00136262705015,8.138856750696325,8.503297086224126,.3456389452332657,7.440733707389261,7.910957382845589,,1,0,0,0
2022-10-30,2022,10,7,1,0,0,0,0,0,596,1,2043,1578,640,1222,168,13,579,885,0,283,.3127753303964758,302,232,61029.9,29.87268722466961,20.5,7.219081272084805,0,prcp_obs,31,tmax_obs,12,17.1,0,0,0,0,,,0,,,,,,,7.622174594817622,11.01911918699877,7.363913501405819,7.622663951323595,.3132648066568771,6.461468176353717,7.108244139731541,,1,0,0,0
2022-10-31,2022,10,1,0,0,0,0,0,0,597,1,10926,7660,3373,6490,1004,59,282,1778,0,316,.1218195130880469,317,381,200093,18.31347245103423,13.98333333333333,34.5759493670886,.8,prcp_aero,17,tmax_gsod_aero,7.7,12.7,0,0,0,0,,,0,,,,,,,9.298900548955663,12.20653753745118,8.943767262734637,9.298992069570746,.3087131612667033,8.12355783506165,8.778017809698136,,1,0,0,0
2022-11-01,2022,11,2,0,0,0,0,0,0,598,1,12655,8919,3893,7472,1209,81,389,2177,0,316,.1322797313314895,316,440,254423.65,20.10459502173054,14.76666666666667,40.04746835443038,0,prcp_aero,19.27777777777778,tmax_gsod_aero,6.6,14.7,0,0,0,0,,,0,,,,,,,9.445807672979225,12.44675606996371,9.095939111666207,9.445886690007436,.3076254444883445,8.266935347610456,8.918917979908679,,1,0,0,0
2022-11-02,2022,11,3,0,0,0,0,0,0,599,1,13433,9399,4156,7862,1345,70,562,2543,0,318,.143303804064617,318,519,262678.9166666667,19.55474701605499,15.23333333333333,42.24213836477988,0,prcp_gsod_aero,24,tmax_gsod_aero,12.8,19.9,0,0,0,0,,,0,,,,,,,9.505469645063013,12.47868771614027,9.148358579620302,9.505544085826809,.3093873297104147,8.332308352219117,8.969796305981806,,1,0,0,0
2022-11-03,2022,11,4,0,0,0,0,0,0,600,1,13745,9630,4258,8084,1325,78,727,2603,0,317,.1401236813386686,318,518,277798.2166666667,20.21085606887353,14.83333333333333,43.3596214511041,0,prcp_gsod_aero,26.4,tmax_obs,12.4,20,0,0,0,0,,,0,,,,,,,9.528430400599346,12.53465028979533,9.172638504792172,9.52850315168155,.3097853765005457,8.356554845453426,8.997642078523512,,1,0,0,0
2022-11-04,2022,11,5,0,0,0,0,0,0,601,1,13050,9080,4030,7745,1212,63,690,2369,0,318,.1422988505747126,318,579,256416.8333333333,19.64879948914432,15.35,41.0377358490566,0,prcp_gsod_aero,26.7,tmax_obs,15.6,19.3,0,0,0,0,,,0,,,,,,,9.476543412750839,12.45455965449972,9.11382947159534,9.476620038167528,.3088122605363985,8.301521654940729,8.954802752850968,,1,0,0,0
2022-11-05,2022,11,6,1,0,0,0,0,0,602,1,5020,3622,1752,2821,432,15,467,1153,0,312,.4053784860557769,317,724,167827.25,33.43172310756972,24.7,16.08974358974359,0,prcp_gsod_aero,22.8,tmax_aero,16,19.8,0,0,0,0,,,0,,,,,,,8.521185212685776,12.03069045553967,8.194781638443359,8.521384396034705,.349003984063745,7.468513271496337,7.944846711001996,,1,0,0,0
2022-11-06,2022,11,7,1,0,0,0,0,0,603,1,5331,3823,1890,2932,488,21,497,1070,0,310,.480772838116676,317,979,193020.8333333333,36.20724692052773,29.1,17.19677419354839,0,prcp_gsod_aero,23.9,tmax_aero,16.5,20.7,0,0,0,0,,,0,,,,,,,8.581294116822761,12.17055340679371,8.248790733696414,8.5814816812986,.3545301069217783,7.544332108053689,7.983440063006542,,1,0,0,0
2022-11-07,2022,11,1,0,0,0,0,0,0,604,1,13218,9214,4140,7727,1280,71,499,2379,0,317,.1392797700105916,317,567,254914.2166666667,19.28538482876885,15.06666666666667,41.69716088328076,0,prcp_gsod_aero,24,tmax_gsod_aero,17.5,21.2,0,0,0,0,,,0,,,,,,,9.489334816030398,12.44868236231487,9.128479345495862,9.4894104675794,.3132092600998638,8.32845106681936,8.952475967933584,,1,0,0,0
2022-11-08,2022,11,2,0,0,0,0,0,0,605,1,13986,9703,4376,8201,1336,73,556,2662,0,318,.1516516516516517,318,553,272882.6833333334,19.5111313694647,15.15,43.9811320754717,0,prcp_gsod_aero,25.7,tmax_obs,16,20.8,0,0,0,0,,,0,,,,,,,9.545812108263812,12.51679725042638,9.180190395025299,9.545883605779304,.3128843128843129,8.383890344101816,9.012011377036412,,1,0,0,0
2022-11-09,2022,11,3,0,0,0,0,0,0,606,1,13827,9695,4247,8129,1374,77,637,2679,0,318,.1418239675996239,318,483,265224.9333333334,19.18166871579759,15,43.4811320754717,0,prcp_gsod_aero,24.5,tmax_aero,17,21.6,0,0,0,0,,,0,,,,,,,9.534378481388618,12.48833354996853,9.179365567676753,9.534450801041515,.3071526723078036,8.353968130313271,9.003193193746572,,1,0,0,0
2022-11-10,2022,11,4,0,0,0,0,0,0,607,1,13515,9479,4067,8080,1279,89,630,2647,0,317,.1266740658527562,318,400,256201.8,18.95684794672586,14.7,42.63406940063091,0,prcp_gsod_aero,25,tmax_gsod_aero,17.5,22.8,0,0,0,0,,,0,,,,,,,9.511555458710548,12.45372069418121,9.156834104453042,9.511629447834181,.3009248982611913,8.310660905907225,8.997147151515142,,1,0,0,0
2022-11-11,2022,11,5,0,0,0,0,0,0,608,1,13120,9113,3934,7874,1232,80,806,2712,0,318,.1432926829268293,318,517,254586.2166666667,19.40443724593496,15.35,41.25786163522012,0,prcp_obs,26.5,tmax_gsod_aero,18,23.7,0,0,0,0,,,0,,,,,,,9.481893062498081,12.44739482643128,9.117457244496126,9.481969279105716,.2998475609756098,8.277411998949004,8.971321471503682,,1,0,0,0
2022-11-12,2022,11,6,1,0,0,0,0,0,609,1,4403,3136,1447,2558,376,22,518,1124,0,314,.3345446286622757,319,421,158021.8833333333,35.8895942160648,22.38333333333333,14.02229299363057,0,prcp_gsod_aero,29.8,tmax_obs,20.4,24,0,0,0,0,,,0,,,,,,,8.390041405755754,11.97048880452828,8.050703381470299,8.390268497842571,.3286395639336816,7.277247726631484,7.846980982138788,,1,0,0,0
2022-11-13,2022,11,7,1,0,0,0,0,0,610,1,3230,2411,1101,1774,339,16,632,783,0,311,.3588235294117647,316,347,99714.7,30.87142414860681,23.28333333333334,10.38585209003215,0,prcp_gsod_aero,28,tmax_obs,20,23.1,0,0,0,0,,,0,,,,,,,8.080237416216702,11.51006838740836,7.787796878181171,8.080546965824498,.3408668730650155,7.00397413672268,7.480992162869525,,1,0,0,0
2022-11-14,2022,11,1,0,0,0,0,0,0,611,1,10249,7327,3019,6150,1014,66,252,2052,0,317,.1117182164113572,318,232,178839.8333333333,17.44949100725274,13.66666666666667,32.33123028391167,18,prcp_aero,26.5,tmax_obs,16,18.9,0,1,1,0,,,0,,,,,,,9.234935418831563,12.09424589841578,8.899321434159964,9.235032984566555,.2945653234461899,8.012680929706839,8.724207360800564,,1,0,0,0
2022-11-15,2022,11,2,0,0,0,0,0,0,612,1,13260,9214,4120,7766,1295,79,516,2761,0,318,.1291101055806938,318,326,251739.1833333333,18.98485545500251,14.7,41.69811320754717,0,prcp_aero,32.27777777777778,tmax_gsod_aero,15,23.4,0,0,0,0,,,0,,,,,,,9.492507263739853,12.43614884375242,9.128479345495862,9.4925826756776,.3107088989441931,8.323608442343572,8.957510510291613,,1,0,0,0
2022-11-16,2022,11,3,0,0,0,0,0,0,613,1,11523,8222,3414,6842,1195,72,604,2701,0,316,.1223639677167404,317,257,209894.6666666667,18.21527958575603,14.41666666666667,36.46518987341772,0,prcp_gsod_aero,32.7,tmax_aero,17,26.1,0,0,0,0,,,0,,,,,,,9.352100317014015,12.25436109656103,9.014568767457824,9.352187096204419,.2962770111950013,8.135639903354386,8.830835365537549,,1,0,0,0
2022-11-17,2022,11,4,0,0,0,0,0,0,614,1,12908,8982,3806,7791,1232,79,717,2793,0,316,.1268205763867369,318,299,256585.4,19.87801363495506,14.55833333333333,40.84810126582278,0,prcp_gsod_aero,34,tmax_obs,22.9,26.6,0,0,0,0,,,0,,,,,,,9.465602553171852,12.45521683164937,9.102977853647683,9.46568002150671,.2948559033157732,8.244334047856095,8.960724500330858,,1,0,0,0
2022-11-18,2022,11,5,0,0,0,0,0,0,615,1,11966,8410,3581,7185,1135,65,791,2645,0,316,.1302022396790908,317,311,225794.75,18.86969329767675,14.86666666666667,37.86708860759494,0,prcp_gsod_aero,31,tmax_obs,22.4,25.8,0,0,0,0,,,0,,,,,,,9.389824573949976,12.32738167976309,9.037176752966994,9.389908140573516,.2992645829851245,8.183397369998433,8.879750798513125,,1,0,0,0
2022-11-19,2022,11,6,1,0,0,0,0,1,616,1,3988,2790,1289,2302,385,12,542,1177,0,310,.3390170511534604,317,313,131253.5833333333,32.9121322300234,21.61666666666667,12.86451612903226,0,prcp_gsod_aero,30,tmax_gsod_aero,23.7,27.3,0,0,0,0,,,0,,,,,,,8.291045131081729,11.78488648166849,7.933796874815411,8.291295851905407,.3232196589769308,7.161622002939187,7.741533589281828,,1,0,0,0
2022-11-20,2022,11,7,1,1,0,0,1,1,617,1,2714,2023,942,1500,254,18,512,758,0,304,.3540899042004422,310,295,97236.3,35.82767133382461,22.25833333333333,8.927631578947368,.3,prcp_obs,31.5,tmax_obs,19,25.1,0,0,0,0,,,0,,,,,,,7.906178840394815,11.48489937752103,7.612336837167746,7.906547232368036,.3470891672807664,6.848005274576363,7.313220387090301,,1,0,0,0
2022-11-21,2022,11,1,0,1,0,0,1,0,618,1,2451,1883,799,1467,173,12,345,786,0,303,.2819257445940432,311,145,70672.64999999999,28.83421052631579,18.98333333333333,8.089108910891088,7.9,prcp_obs,29.6,tmax_obs,15.5,17.6,0,1,0,0,,,0,,,,,,,7.804251383528112,11.16581393121308,7.540621528657153,7.804659297056102,.3259893920848633,6.683360945766275,7.290974778142981,,1,0,0,0
2022-11-22,2022,11,2,0,0,0,0,0,0,619,1,11899,8332,3670,6952,1195,82,421,2402,0,315,.1309353727203967,316,315,227701.6166666667,19.13619771969633,14.58333333333333,37.77460317460317,0,prcp_obs,23.38888888888889,tmax_gsod_aero,14.2,18.7,0,0,0,0,,,0,,,,,,,9.384209641955154,12.33579135201199,9.027858802380862,9.384293679099621,.3084292797714094,8.207946941048617,8.846784666945228,,1,0,0,0
2022-11-23,2022,11,3,0,0,0,0,0,0,620,1,13178,9136,4021,7857,1235,65,555,2743,0,316,.1295340719380786,316,315,247631.35,18.79126954014266,14.81666666666667,41.70253164556962,0,prcp_aero,28,tmax_gsod_aero,13.6,21.9,0,0,0,0,,,0,,,,,,,9.486304051473764,12.4196964272864,9.119977931895791,9.486379932643889,.3051297617240856,8.299285906897275,8.969160133175821,,1,0,0,0
2022-11-24,2022,11,4,0,0,0,0,0,0,621,1,12354,8644,3781,7364,1137,72,717,2832,0,317,.1223085640278452,318,296,226885.55,18.36535130322163,14.30833333333333,38.97160883280757,0,prcp_gsod_aero,31,tmax_gsod_aero,19.6,27.3,0,0,0,0,,,0,,,,,,,9.421735176255844,12.33220098429751,9.064620717626777,9.42181611842271,.3060547191193136,8.237743803890933,8.904358542352968,,1,0,0,0
2022-11-25,2022,11,5,0,0,0,0,0,0,622,1,12578,8731,3683,7553,1259,83,744,2741,0,317,.1305453967244395,317,303,237140.9333333333,18.85362802777336,14.65,39.67823343848581,0,prcp_gsod_aero,34.5,tmax_obs,16.2,22.6,0,0,0,0,,,0,,,,,,,9.439704535103449,12.37640989879471,9.074635189810808,9.439784035838873,.2928128478295436,8.211482916445066,8.929700114313448,,1,0,0,0
2022-11-26,2022,11,6,1,0,0,0,0,0,623,1,3816,2810,1181,2184,430,21,498,1206,0,310,.2940251572327044,315,274,109983.0666666667,28.82155835080364,19.65833333333334,12.30967741935484,0,prcp_gsod_aero,28,tmax_gsod_aero,20.2,24.9,0,0,0,0,,,0,,,,,,,8.246958032568177,11.60808169353073,7.940939762327791,8.247220052745229,.3094863731656184,7.074116816197362,7.688913336864796,,1,0,0,0
2022-11-27,2022,11,7,1,0,0,0,0,0,624,1,3903,2765,1321,2131,433,18,517,1283,0,309,.3871380988982834,313,329,129929.9333333333,33.2897600136647,24.18333333333333,12.63106796116505,0,prcp_gsod_aero,32.7,tmax_obs,22.2,26.1,0,0,0,0,,,0,,,,,,,8.269500767180615,11.77475060977985,7.924795913956436,8.269756947532983,.3384575967204714,7.186144304522325,7.664346632098617,,1,0,0,0
2022-11-28,2022,11,1,0,0,0,0,0,0,625,1,12170,8401,3675,7204,1223,68,559,2712,0,317,.1248972884141331,317,288,226339.8666666667,18.59818132018625,14.35,38.39116719242902,0,prcp_gsod_aero,29.1,tmax_aero,21.4,26.5,0,0,0,0,,,0,,,,,,,9.406729185981574,12.32979298343549,9.036106025364846,9.406811351874557,.3019720624486442,8.209308411646937,8.882391706295847,,1,0,0,0
2022-11-29,2022,11,2,0,0,0,0,0,0,626,1,12293,8601,3675,7385,1169,64,614,2764,0,317,.1204750671113642,317,211,229627.3,18.67951679817783,14.51666666666667,38.77917981072555,0,prcp_gsod_aero,31,tmax_gsod_aero,23.1,27.7,0,0,0,0,,,0,,,,,,,9.41678527366734,12.34421283879824,9.059633754551479,9.416866617466955,.2989506223053771,8.209308411646937,8.907206194965481,,1,0,0,0
2022-11-30,2022,11,3,0,0,0,0,0,0,627,1,10527,7492,3165,6293,1022,47,698,2126,0,316,.1111427757195782,316,200,205594.9,19.53024603400779,13.88333333333333,33.31329113924051,0,prcp_gsod_aero,33,tmax_obs,23,26.7,0,0,0,0,,,0,,,,,,,9.261698664251325,12.23366300680802,8.921591063563978,9.261793653565098,.3006554573952693,8.059908334578276,8.747193183526933,,1,0,0,0
2022-12-01,2022,12,4,0,0,0,0,0,0,628,1,10521,7602,3125,6324,1004,68,287,2149,0,314,.1191901910464785,315,205,187213.85,17.79430187244559,14.16666666666667,33.50636942675159,15,prcp_obs,30.5,tmax_obs,17.9,21.1,0,1,1,0,,,0,,,,,,,9.261128538808288,12.14000682533161,8.936166649549195,9.261223582290752,.2970249976238,8.047189562170502,8.752107198329362,,1,0,0,0
2022-12-02,2022,12,5,0,0,0,0,0,0,629,1,11906,8469,3646,7001,1181,78,706,2462,0,315,.1364858054762305,316,347,230110.6833333333,19.32728736211434,14.88333333333333,37.7968253968254,0,prcp_obs,24.4,tmax_aero,15.4,20.8,0,0,0,0,,,0,,,,,,,9.384797753713336,12.34631570403446,9.044167716921599,9.384881741451174,.306232151856207,8.201385955238608,8.853808274977197,,1,0,0,0
2022-12-03,2022,12,6,1,0,0,0,0,0,630,1,4010,2951,1313,2278,402,17,526,1220,0,312,.2945137157107232,315,259,116301.3166666667,29.0028221113882,19.95,12.8525641025641,0,prcp_gsod_aero,27,tmax_obs,18.6,22.6,0,0,0,0,,,0,,,,,,,8.296546520300614,11.66393965973817,7.989899374942939,8.296795865770053,.327431421446384,7.180069874302796,7.731053144007127,,1,0,0,0
2022-12-04,2022,12,7,1,0,0,0,0,0,631,1,4221,3021,1428,2346,414,33,671,1528,0,312,.3984837716181,316,406,139664.1666666667,33.08793334912738,24.93333333333333,13.52884615384615,0,prcp_gsod_aero,28,tmax_gsod_aero,17.6,25,0,0,0,0,,,0,,,,,,,8.347827345782498,11.84699601031463,8.013343181386672,8.348064228408266,.3383084577114428,7.26403014289953,7.76046702921342,,1,0,0,0
2022-12-05,2022,12,1,0,0,0,0,0,0,632,1,11354,8030,3516,6676,1083,79,697,2752,0,314,.1277963713228818,317,268,209319.9166666667,18.43578621337561,14.44166666666667,36.15923566878981,0,prcp_gsod_aero,31.38888888888889,tmax_gsod_aero,22.3,28,0,0,0,0,,,0,,,,,,,9.337325383730672,12.25161906237154,8.990939806940807,9.337413454539659,.3096706006693676,8.165079258805069,8.806274284781726,,1,0,0,0
2022-12-06,2022,12,2,0,0,0,0,0,0,633,1,11097,7749,3349,6571,1114,63,614,2706,0,313,.1244480490222583,315,240,201156.0333333333,18.12706437175212,14.35,35.45367412140575,0,prcp_gsod_aero,32.22222222222222,tmax_gsod_aero,23,29,0,0,0,0,,,0,,,,,,,9.314430080500564,12.21183617112813,8.95531908176395,9.314520190885846,.3017932774623772,8.116417072794205,8.790421306897867,,1,0,0,0
2022-12-07,2022,12,3,0,0,0,0,0,0,634,1,10604,7475,3039,6499,1004,62,756,2468,0,313,.1288193134666164,317,243,205563.4666666667,19.38546460455174,14.35,33.87859424920128,0,prcp_gsod_aero,35,tmax_obs,25.7,29.7,0,0,0,0,,,0,,,,,,,9.268986567408916,12.23351010546419,8.919319398258887,9.269080866998783,.286589966050547,8.019283792916793,8.779403597894349,,1,0,0,0
2022-12-08,2022,12,4,0,1,0,0,1,0,635,1,4856,3471,1426,2934,472,24,683,1860,0,312,.2425864909390445,315,252,121265.4833333333,24.97229887424492,18.14166666666667,15.56410256410256,5.1,prcp_obs,33.3,tmax_aero,22,28.8,0,1,0,0,,,0,,,,,,,8.487970332739334,11.70573749824159,8.152198015861787,8.488176242345745,.293657331136738,7.262628600974241,7.984121958702927,,1,0,0,0
2022-12-09,2022,12,5,0,1,0,0,1,0,636,1,3492,2601,1053,2116,312,11,654,949,0,310,.2007445589919817,312,157,82134.95,23.52089060710195,15.65833333333333,11.26451612903226,0,prcp_obs,34.8,tmax_aero,24.2,30.7,0,0,0,0,,,0,,,,,,,8.158229916959494,11.31611890522123,7.863651265448652,8.158516244806831,.3015463917525773,6.959398512133975,7.65728279297819,,1,0,0,0
2022-12-10,2022,12,6,1,0,0,0,0,1,637,1,3302,2365,1059,1888,330,25,337,1058,0,306,.3485766202301636,313,286,96063.95,29.09265596608116,22.00833333333333,10.79084967320262,32,prcp_obs,38.2,tmax_obs,21.6,25.9,0,1,1,0,,,0,,,,,,,8.102283624480073,11.47276939450666,7.768533300926033,8.10258642539079,.3207147183525136,6.965080345601407,7.543273346705446,,1,0,0,0
2022-12-11,2022,12,7,1,0,0,0,0,1,638,1,3000,2151,990,1716,279,15,571,1117,0,302,.3723333333333334,311,267,97475.31666666667,32.49177222222222,23.125,9.933774834437086,0,prcp_obs,35,tmax_gsod_aero,23.1,29.4,0,0,0,0,,,0,,,,,,,8.006367567650246,11.48735446254177,7.67368812926773,8.006700845440367,.33,6.897704943128636,7.447751280047908,,1,0,0,0
2022-12-12,2022,12,1,0,0,0,0,0,0,639,1,9824,6910,3042,5785,943,54,447,2085,0,316,.1238802931596091,316,220,180372.7333333333,18.36041666666667,14.26666666666667,31.08860759493671,3,prcp_obs,37.7,tmax_obs,18.2,23.2,0,1,0,0,,,0,,,,,,,9.192583650386924,12.10278072958465,8.840724916761715,9.192685436737461,.3096498371335505,8.020270472819238,8.663023639627777,,1,0,0,0
2022-12-13,2022,12,2,0,0,0,0,0,0,640,1,10671,7536,3308,6263,1036,64,506,2451,0,315,.1333520757192391,316,215,212636.15,19.92654390403898,14.66666666666667,33.87619047619047,0,prcp_obs,28.5,tmax_obs,15.9,21.4,0,0,0,0,,,0,,,,,,,9.275285060616564,12.26733776806458,8.927446816256198,9.275378768155404,.3099990628807047,8.104099056143582,8.742414582525413,,1,0,0,0
2022-12-14,2022,12,3,0,0,0,0,0,0,641,1,10610,7500,3045,6459,1041,65,628,2510,0,314,.1213949104618285,315,206,202754.8166666667,19.10978479421929,14.18333333333333,33.78980891719746,0,prcp_aero,31,tmax_gsod_aero,21.5,26.7,0,0,0,0,,,0,,,,,,,9.26955223160803,12.21975272837447,8.922658299524402,9.269646477873591,.2869934024505184,8.021256180143997,8.773229786032474,,1,0,0,0
2022-12-15,2022,12,4,0,0,0,0,0,0,642,1,10325,7370,3030,6301,949,45,589,2319,0,316,.1378208232445521,316,240,193931.8666666667,18.78274737691687,14.7,32.6740506329114,8.9,prcp_obs,32.4,tmax_obs,18.1,25.2,0,1,0,0,,,0,,,,,,,9.242323417829233,12.1752621736102,8.905172985183382,9.242420265439595,.2934624697336562,8.016317898503415,8.748463629942055,,1,0,0,0
2022-12-16,2022,12,5,0,0,0,0,0,0,643,1,11207,7852,3197,6882,1057,71,791,2413,0,316,.1334879985723209,316,274,212784.55,18.98675381458018,14.66666666666667,35.46518987341772,0,prcp_obs,28.9,tmax_obs,16.3,20.9,0,0,0,0,,,0,,,,,,,9.324293862052029,12.26803543043041,8.968523555396352,9.324383088016843,.285268135986437,8.069968149059841,8.836664586357426,,1,0,0,0
2022-12-17,2022,12,6,1,0,0,0,0,0,644,1,3992,2877,1241,2320,407,24,519,1163,0,312,.3211422845691383,314,288,112616.1,28.21044589178357,21.61666666666667,12.7948717948718,0,prcp_gsod_aero,24,tmax_gsod_aero,17.6,21.4,0,0,0,0,,,0,,,,,,,8.292047637431354,11.6317399684807,7.964503363551548,8.292298107063221,.3108717434869739,7.123672785204607,7.749322464660356,,1,0,0,0
2022-12-18,2022,12,7,1,0,0,0,0,1,645,1,7985,6353,2651,4451,839,44,475,2875,0,312,.43055729492799,316,877,394402.65,49.39294301815905,26.51666666666667,25.59294871794872,0,prcp_gsod_aero,26.38888888888889,tmax_gsod_aero,19.7,23.3,0,0,0,0,,,0,,,,,,,8.985320060649112,12.88512762075498,8.756682421266532,8.985445287623167,.3319974953036944,7.882692206289025,8.400884069015854,,1,0,0,0
2022-12-19,2022,12,1,0,0,0,0,0,0,646,1,7642,5838,2314,4551,739,38,818,2280,0,313,.1745616330803455,314,229,253896.2166666667,33.22379176480852,15.9,24.41533546325879,0,prcp_gsod_aero,27.2,tmax_aero,21.2,24.7,0,0,0,0,,,0,,,,,,,8.941414628006845,12.44468086670214,8.67214355141406,8.941545475242885,.3028003140539126,7.746732907753622,8.423102268016642,,1,0,0,0
2022-12-20,2022,12,2,0,1,0,0,1,0,647,1,7301,5556,2270,4293,700,38,506,1515,0,311,.3537871524448706,315,633,251176.5833333333,34.40303839656668,23.35,23.47588424437299,0,prcp_gsod_aero,28.5,tmax_gsod_aero,21.7,25.7,0,0,0,0,,,0,,,,,,,8.895766604056085,12.43391149001656,8.622633703874234,8.895903562215581,.3109163128338584,7.727535110475448,8.364741068224561,,1,0,0,0
2022-12-21,2022,12,3,0,0,0,0,0,0,648,1,8488,6206,2458,5253,723,54,445,1881,0,312,.1463242224316682,315,196,182510.0166666667,21.5021226044612,15.06666666666667,27.2051282051282,0,prcp_gsod_aero,31,tmax_obs,21.4,25.4,0,0,0,0,,,0,,,,,,,9.046408680293819,12.11456033634326,8.733271845008325,9.046526486737967,.2895852968897267,7.80710329012598,8.566554620953962,,1,0,0,0
2022-12-22,2022,12,4,0,0,0,0,0,0,649,1,9343,6745,2720,5628,927,68,630,2057,0,314,.1444932034678369,316,243,192546.2,20.60860537300653,15.03333333333333,29.7547770700637,0,prcp_gsod_aero,29,tmax_gsod_aero,22.4,26.3,0,0,0,0,,,0,,,,,,,9.142382678792956,12.16809140391458,8.816556768641856,9.142489705068009,.2911270469870491,7.908387159290043,8.63550941823428,,1,0,0,0
2022-12-23,2022,12,5,0,0,0,0,0,0,650,1,7461,5346,2188,4506,707,60,509,1555,0,314,.1379171692802574,314,146,152199.5166666667,20.39934548541304,14.7,23.76114649681529,4.1,prcp_obs,32.2,tmax_obs,20.6,24.9,0,1,0,0,,,0,,,,,,,8.917444732471514,11.9329475487586,8.584103896698863,8.917578753781104,.2932582763704597,7.690743163541872,8.41316512099219,,1,0,0,0
2022-12-24,2022,12,6,1,0,0,0,0,1,651,1,2059,1558,583,1270,196,10,168,423,0,297,.2428363283147159,305,87,52215.3,25.35954346770277,16.68333333333333,6.932659932659933,15,prcp_obs,28.3,tmax_obs,18,20.6,0,1,1,0,,,0,,,,,,,7.629975707027789,10.86313083437258,7.351158226430694,7.630461261783627,.2831471588149587,6.368187186350492,7.146772179452637,,1,0,0,0
2022-12-25,2022,12,7,1,1,0,0,1,0,652,1,3520,2498,1105,1970,415,30,622,1271,0,306,.3897727272727273,310,370,116550.5,33.1109375,24.60833333333333,11.50326797385621,0,prcp_obs,23.1,tmax_aero,11.8,19,0,0,0,0,,,0,,,,,,,8.166216268592143,11.66607993445899,7.823245690685523,8.166500319155052,.3139204545454545,7.007600613951853,7.585788821732034,,1,0,0,0
2022-12-26,2022,12,1,0,0,0,0,0,0,653,1,9331,6531,2877,5461,943,50,374,2072,0,316,.152073732718894,316,276,183083.4666666667,19.62099096202622,15.43333333333333,29.52848101265823,0,prcp_gsod_aero,26,tmax_gsod_aero,15.2,22.3,0,0,0,0,,,0,,,,,,,9.141097469234023,12.1176974298443,8.784315349902657,9.141204633141321,.3083270817704426,7.964503363551548,8.605387202152153,,1,0,0,0
2022-12-27,2022,12,2,0,0,0,0,0,0,654,1,9611,6757,2967,5682,900,62,561,2248,0,313,.154822599105192,316,320,192162.7333333333,19.99404154961329,15.41666666666667,30.70607028753994,0,prcp_gsod_aero,29,tmax_gsod_aero,19.4,25.5,0,0,0,0,,,0,,,,,,,9.170663554823284,12.16609786147021,8.818334283552174,9.17076759685636,.3087087711996671,7.995306620290822,8.645058562414134,,1,0,0,0
2022-12-28,2022,12,3,0,0,0,0,0,0,655,1,9461,6659,2794,5701,905,61,654,2202,0,316,.1377232850650037,316,223,181525.8333333333,19.18674911038297,15.06666666666667,29.93987341772152,0,prcp_gsod_aero,31.1,tmax_obs,22.3,26.6,0,0,0,0,,,0,,,,,,,9.154933364704444,12.10915325497381,8.803724602110622,9.155039056191093,.2953176197019343,7.935229539816907,8.648396877031582,,1,0,0,0
2022-12-29,2022,12,4,0,0,0,0,0,0,656,1,9124,6461,2731,5498,839,56,644,2172,0,314,.1488382288469969,316,255,195582.8333333333,21.4360843197428,15.24166666666667,29.05732484076433,0,prcp_gsod_aero,31,tmax_obs,16.1,23.9,0,0,0,0,,,0,,,,,,,9.118663583404279,12.18373926858684,8.773539383558166,9.118773178450692,.2993204734765454,7.912423121473705,8.612139668725192,,1,0,0,0
2022-12-30,2022,12,5,0,0,0,0,0,0,657,1,6963,4931,1970,4266,682,45,640,1863,0,312,.1510843027430705,313,214,142203.35,20.42271291110154,15.08333333333333,22.31730769230769,0,prcp_gsod_aero,32,tmax_gsod_aero,20.6,28.5,0,0,0,0,,,0,,,,,,,8.848365694942547,11.86501335444228,8.503297086224126,8.848509300888079,.2829240269998564,7.585788821732034,8.358431899031295,,1,0,0,0
2022-12-31,2022,12,6,1,0,0,0,0,1,658,1,2886,2044,787,1747,334,18,517,841,0,308,.2685377685377686,312,164,74002.31666666667,25.64182836682837,18.2,9.370129870129871,0,prcp_gsod_aero,36.8,tmax_obs,22.5,27.3,0,0,0,0,,,0,,,,,,,7.967626739333817,11.21185167800258,7.622663951323595,7.967973179662935,.2726957726957727,6.668228248417403,7.465655310134056,,1,0,0,0
2023-01-01,2023,1,7,1,1,0,0,1,0,659,1,1961,1498,580,1123,242,16,785,1012,0,300,.3131055583885772,306,158,59025.5,30.0996940336563,21.43333333333333,6.536666666666667,0,prcp_aero,30.8,tmax_obs,19.72222222222222,23.2,0,0,0,0,,,0,,,,,,,7.581209826196346,10.98572483290471,7.311886164077165,7.581719640125308,.2957674655787864,6.363028103540465,7.023758954738443,,1,0,0,0
2023-01-02,2023,1,1,0,0,0,0,0,0,660,1,8624,6130,2718,5005,849,52,257,1927,0,311,.1696428571428572,311,362,180877.8,20.97377087198516,16.1,27.72990353697749,16,prcp_obs,30,tmax_gsod_aero,17.1,23,0,1,1,0,,,0,,,,,,,9.062304293148779,12.10557694411804,8.720950028930258,9.062420241899561,.3151669758812616,7.907651594711089,8.518192691749322,,1,0,0,0
2023-01-03,2023,1,2,0,0,0,0,0,0,661,1,9293,6478,2856,5521,878,38,502,2210,0,313,.1666846013128161,314,341,199452.15,21.46262240395997,15.73333333333333,29.69009584664537,0,prcp_obs,32.22222222222222,tmax_gsod_aero,19.7,25.8,0,0,0,0,,,0,,,,,,,9.13701670755734,12.20332963691947,8.776167099731275,9.137124309644923,.3073280964166577,7.957177323459475,8.616314282284044,,1,0,0,0
2023-01-04,2023,1,3,0,0,0,0,0,0,662,1,9644,6841,3088,5618,877,61,516,2253,0,314,.1602032351721278,314,384,203079.8666666667,21.05763860085718,15.86666666666667,30.71337579617834,0,prcp_gsod_aero,32.9,tmax_obs,15.8,24.6,0,0,0,0,,,0,,,,,,,9.174091239301061,12.22135461250541,8.830689198760998,9.17419492533983,.3201990875155537,8.035278911144667,8.633731007664188,,1,0,0,0
2023-01-05,2023,1,4,0,0,0,0,0,0,663,1,9616,6749,2957,5679,913,67,613,2308,0,314,.1606697171381032,315,322,261560.3,27.20053036605657,15.55,30.62420382165605,0,prcp_gsod_aero,30,tmax_gsod_aero,19.8,25.8,0,0,0,0,,,0,,,,,,,9.171183656774989,12.47442012863892,8.817149624743406,9.171287644712482,.3075083194675541,7.991930519852478,8.644530439877432,,1,0,0,0
2023-01-06,2023,1,5,0,0,0,0,0,0,664,1,8769,6228,2609,5277,845,38,679,2247,0,313,.1564602577260805,313,307,201887.8666666667,23.02290645075455,15.51666666666667,28.01597444089457,0,prcp_gsod_aero,31.9,tmax_aero,23.4,28,0,0,0,0,,,0,,,,,,,9.078978053779355,12.21546770673813,8.736810532953889,9.079092085366229,.2975253734747406,7.866722285136729,8.571113033405668,,1,0,0,0
2023-01-07,2023,1,6,1,0,0,0,0,0,665,1,3533,2522,1195,1968,352,18,420,1119,0,312,.3631474667421455,313,295,107991.9333333333,30.56663836210963,23.23333333333333,11.32371794871795,0,prcp_gsod_aero,33.9,tmax_obs,23.4,27.3,0,0,0,0,,,0,,,,,,,8.169902647359145,11.5898118119588,7.832807516524865,8.170185652879642,.338239456552505,7.085901464365611,7.584773077612199,,1,0,0,0
2023-01-08,2023,1,7,1,0,0,0,0,0,666,1,3621,2546,1264,1948,398,11,457,1236,0,311,.4164595415631041,314,377,126867.9,35.03670256835129,25.36666666666667,11.64308681672026,0,prcp_gsod_aero,32.8,tmax_obs,23.2,26.7,0,0,0,0,,,0,,,,,,,8.194505509765641,11.7509016666212,7.842278779117352,8.194781638443359,.3490748412040873,7.142036574706803,7.574558484202481,,1,0,0,0
2023-01-09,2023,1,1,0,0,0,0,0,0,667,1,9687,6762,2992,5716,929,50,541,2350,0,314,.1583565603385981,315,353,250815.0333333333,25.89192044320567,15.25,30.85031847133758,0,prcp_gsod_aero,32.2,tmax_obs,23.2,26.6,0,0,0,0,,,0,,,,,,,9.178540059426386,12.43247102746495,8.819073983267831,9.178643285232928,.3088675544544234,8.003697339094368,8.651024539049757,,1,0,0,0
2023-01-10,2023,1,2,0,0,0,0,0,0,668,1,9996,7028,2984,5966,986,60,559,2510,0,313,.1485594237695078,314,338,195881.4,19.59597839135654,15.2,31.93610223642173,0,prcp_gsod_aero,30,tmax_gsod_aero,23,26.9,0,0,0,0,,,0,,,,,,,9.209940291954844,12.18526465302371,8.857657449306988,9.210040326967182,.2985194077631053,8.001019961323651,8.693831965074693,,1,0,0,0
2023-01-11,2023,1,3,0,0,0,0,0,0,669,1,9824,6894,2985,5864,924,51,656,2384,0,314,.1567589576547231,314,325,199648.8166666667,20.32255869978285,15.51666666666667,31.28662420382166,0,prcp_obs,33.6,tmax_obs,22.7,25.7,0,0,0,0,,,0,,,,,,,9.192583650386924,12.20431518543482,8.83840674707681,9.192685436737461,.3038477198697068,8.001355025826703,8.676587243566488,,1,0,0,0
2023-01-12,2023,1,4,0,0,0,0,0,0,670,1,10366,7216,3245,6104,952,65,639,2563,0,314,.1494308315647309,314,349,207796.1166666667,20.04593060646987,15.63333333333333,33.01273885350319,0,prcp_obs,29.88888888888889,tmax_gsod_aero,18,22.2,0,0,0,0,,,0,,,,,,,9.246286498749653,12.24431266963177,8.884056061742459,9.246382963323113,.313042639398032,8.084870629138191,8.716699572964293,,1,0,0,0
2023-01-13,2023,1,5,0,0,0,0,0,0,671,1,9846,6955,3012,5840,926,68,743,2488,0,313,.1552914889295145,314,304,194872.95,19.79209323583181,15.5,31.45686900958467,0,prcp_gsod_aero,30.6,tmax_aero,18.6,25.6,0,0,0,0,,,0,,,,,,,9.194820560318146,12.18010308674093,8.847216104357543,9.194922119247803,.3059110298598415,8.010359588919783,8.672486075822272,,1,0,0,0
2023-01-14,2023,1,6,1,0,0,0,0,0,672,1,3956,2840,1299,2265,369,23,546,1324,0,309,.3538928210313448,310,381,118039.4166666667,29.83807296932929,22.79166666666667,12.80258899676375,0,prcp_gsod_aero,30.8,tmax_aero,20.7,26.7,0,0,0,0,,,0,,,,,,,8.282988692742602,11.67877388721704,7.951559331155252,8.283241441385425,.3283619817997978,7.1693500166706,7.725330037917135,,1,0,0,0
2023-01-15,2023,1,7,1,0,0,0,0,0,673,1,3734,2662,1279,2067,368,20,536,1380,0,306,.4033208355650776,312,362,123466.75,33.06554633101232,25.2,12.20261437908497,0,prcp_gsod_aero,32.27777777777778,tmax_gsod_aero,20.4,28,0,0,0,0,,,0,,,,,,,8.225235324101668,11.72372716803183,7.886832998955057,8.225503097566918,.3425281199785752,7.153833801578843,7.633853559681768,,1,0,0,0
2023-01-16,2023,1,1,0,0,0,0,0,0,674,1,9323,6509,2882,5500,900,41,565,2461,0,312,.148128284886839,315,300,193564.85,20.76207765740641,14.61666666666667,29.88141025641026,0,prcp_gsod_aero,33.1,tmax_aero,24.9,30.1,0,0,0,0,,,0,,,,,,,9.140239744296693,12.17336787742326,8.780941113572387,9.140347000155648,.3091279631020058,7.966239776559467,8.612503371220562,,1,0,0,0
2023-01-17,2023,1,2,0,0,0,0,0,0,675,1,9672,6746,2990,5739,902,41,542,2466,0,311,.1485732009925558,314,306,195421.5166666667,20.20487145023435,15.35,31.09967845659164,0,prcp_gsod_aero,36.5,tmax_obs,25.9,29.9,0,0,0,0,,,0,,,,,,,9.176990392294629,12.18291412852986,8.816705015621595,9.177093778182547,.3091397849462366,8.003028666384733,8.655040258108363,,1,0,0,0
2023-01-18,2023,1,3,0,0,0,0,0,0,676,1,10035,7036,2996,6064,933,42,690,2308,0,314,.1463876432486298,314,330,203185.8333333333,20.24771632619166,15.58333333333333,31.95859872611465,0,prcp_gsod_aero,36,tmax_obs,23.1,26.6,0,0,0,0,,,0,,,,,,,9.213834261230439,12.22187627440829,8.85879510585745,9.213933907486313,.2985550572994519,8.005033344637111,8.710124927322207,,1,0,0,0
2023-01-19,2023,1,4,0,0,0,0,0,0,677,1,9773,6870,3018,5813,902,40,606,2454,0,314,.1527678297349842,314,304,199264.2666666667,20.38926293529793,15.28333333333333,31.12420382165605,0,prcp_obs,29.38888888888889,tmax_gsod_aero,24,27.7,0,0,0,0,,,0,,,,,,,9.187378760338836,12.20238719592941,8.834919385216395,9.1874810778301,.3088099866980457,8.012349639327795,8.66785206770135,,1,0,0,0
2023-01-20,2023,1,5,0,0,0,0,0,0,678,1,6412,4696,1882,3934,567,29,738,1178,0,314,.1255458515283843,314,175,118933.95,18.54865096693699,14.16666666666667,20.42038216560509,0,prcp_gsod_aero,31,tmax_gsod_aero,21.72222222222222,27.3,0,0,0,0,,,0,,,,,,,8.765926513729443,11.68632357598402,8.454466361507933,8.766082459148864,.293512164691204,7.540090320145325,8.277411998949004,,1,0,0,0
2023-01-21,2023,1,6,1,0,0,0,0,0,679,1,3343,2384,1056,1890,381,16,322,920,0,305,.3664373317379599,310,306,109643.4833333333,32.79793100009972,22.76666666666667,10.96065573770492,15,prcp_obs,33,tmax_obs,21.8,25.6,0,1,1,0,,,0,,,,,,,8.114623886420098,11.60498932055536,7.776535028185241,8.114922974204593,.3158839365839067,6.962243464266207,7.544332108053689,,1,0,0,0
2023-01-22,2023,1,7,1,0,0,0,0,0,680,1,4184,2883,1434,2286,447,17,480,1353,0,310,.4170650095602295,312,438,137065.45,32.75942877629063,25.80833333333333,13.49677419354839,0,prcp_obs,34.38888888888889,tmax_gsod_aero,19.4,27.1,0,0,0,0,,,0,,,,,,,8.339023005744759,11.82821382795644,7.966586697638403,8.339261982923576,.3427342256214149,7.268223021159566,7.734558844354756,,1,0,0,0
2023-01-23,2023,1,1,0,0,0,0,0,0,681,1,10098,7099,3147,5894,1002,55,527,2570,0,314,.1667656961774609,314,353,207695.2666666667,20.56796065227438,15.6,32.15923566878981,0,prcp_gsod_aero,35.4,tmax_obs,21,27.2,0,0,0,0,,,0,,,,,,,9.220092663418861,12.24382722032511,8.867709208039386,9.220191688026556,.3116458704693999,8.054204897064407,8.68169016329764,,1,0,0,0
2023-01-24,2023,1,2,0,0,0,0,0,0,682,1,10350,7245,3194,6138,970,48,566,2374,0,314,.148695652173913,315,321,215069.45,20.77965700483092,15.3,32.96178343949045,0,prcp_gsod_aero,33.00000000000001,tmax_gsod_aero,23,28.5,0,0,0,0,,,0,,,,,,,9.244741798693514,12.27871627820483,8.888066854754783,9.24483841238375,.3085990338164251,8.069029328774958,8.722254235179682,,1,0,0,0
2023-01-25,2023,1,3,0,0,0,0,0,0,683,1,10378,7222,3166,6211,945,56,659,2687,0,314,.1426093659664675,314,291,204821.3833333333,19.73611325239288,15.23333333333333,33.05095541401274,0,prcp_gsod_aero,34.6,tmax_obs,20.7,27.7,0,0,0,0,,,0,,,,,,,9.247443459927686,12.22989357750435,8.884887201837403,9.24753981296529,.305068413952592,8.060224240440958,8.734077192559303,,1,0,0,0
2023-01-26,2023,1,4,0,0,0,0,0,0,684,1,9888,6957,3016,5931,903,38,682,2606,0,313,.1522046925566343,313,284,201865.7166666667,20.41522215480043,15.425,31.59105431309904,0,prcp_obs,34.2,tmax_obs,24.5,27.8,0,0,0,0,,,0,,,,,,,9.199077179697472,12.21535798634958,8.847503625923642,9.199178307269991,.3050161812297735,8.011686729127847,8.687948111838727,,1,0,0,0
2023-01-27,2023,1,5,0,0,0,0,0,0,685,1,6663,5024,1937,4091,602,33,697,2074,0,313,.1494822152183701,314,193,139387.1166666667,20.91957326529591,15.61666666666667,21.28753993610224,25.9,prcp_obs,32.2,tmax_obs,20.9,25.1,0,1,1,0,,,0,,,,,,,8.804325112562538,11.84501035314279,8.521981708148035,8.804475183846678,.2907098904397419,7.568895663406996,8.316544717929398,,1,0,0,0
2023-01-28,2023,1,6,1,0,0,0,0,0,686,1,3664,2535,1184,2069,394,17,399,1138,0,314,.3657205240174672,315,275,120507.15,32.88950600436682,22.78333333333334,11.6687898089172,6.1,prcp_obs,28.5,tmax_gsod_aero,20.8,25.3,0,1,0,0,,,0,,,,,,,8.206310725794021,11.69946436625212,7.837948916025283,8.206583614320753,.3231441048034934,7.076653815443951,7.634820677745543,,1,0,0,0
2023-01-29,2023,1,7,1,0,0,0,0,0,687,1,4366,3046,1544,2367,429,26,510,1347,0,306,.450755840586349,312,432,155007.65,35.50335547411819,27.29166666666667,14.26797385620915,0,prcp_obs,32.1,tmax_obs,22.5,26.3,0,0,0,0,,,0,,,,,,,8.38160253710989,11.95122974952218,8.021584533455107,8.381831553485561,.3536417773705909,7.342131730584722,7.769378609513984,,1,0,0,0
2023-01-30,2023,1,1,0,0,0,0,0,0,688,1,10743,7445,3327,6270,1102,44,575,2716,0,313,.1525644605789817,315,314,215946.5333333333,20.10113872599212,15.63333333333333,34.32268370607029,0,prcp_gsod_aero,28.5,tmax_aero,21.6,25.2,0,0,0,0,,,0,,,,,,,9.282009658666542,12.28278612516128,8.915297945118109,9.282102738203074,.3096900307176767,8.109826276018477,8.743531633626967,,1,0,0,0
2023-01-31,2023,1,2,0,0,0,0,0,0,689,1,10948,7642,3319,6520,1058,51,634,2823,0,314,.1498903909389843,315,287,266914.6,24.38021556448667,15.48333333333333,34.86624203821656,0,prcp_gsod_aero,28,tmax_gsod_aero,22,26.3,0,0,0,0,,,0,,,,,,,9.300912070160569,12.49468403603214,8.941414628006845,9.301003406873425,.3031603945926197,8.107418811719974,8.782629654920699,,1,0,0,0
2023-02-01,2023,2,3,0,0,0,0,0,0,690,1,11246,7893,3364,6787,1040,55,694,2629,0,314,.1434287746754402,314,340,221356.2166666667,19.68310658604541,15.31666666666667,35.81528662420382,0,prcp_gsod_aero,30.7,tmax_obs,23.7,25.6,0,0,0,0,,,0,,,,,,,9.327767788852148,12.30752852300045,8.973731569708402,9.327856705404022,.299128579050329,8.120886021092838,8.822764296703758,,1,0,0,0
2023-02-02,2023,2,4,0,0,0,0,0,0,691,1,8819,6414,2581,5401,781,56,696,1687,0,314,.1332350606644744,314,198,174238.1833333333,19.75713610764637,14.55,28.0859872611465,0,prcp_gsod_aero,28.1,tmax_obs,23,24.5,0,0,0,0,,,0,,,,,,,9.08466376388818,12.06817851188042,8.7662383802531,9.084777149000837,.2926635672978796,7.855932199718614,8.594339400592892,,1,0,0,0
2023-02-03,2023,2,5,0,0,0,0,0,0,692,1,9526,6762,2775,5768,925,58,595,2376,0,314,.1472811253411715,314,271,191924.6,20.14744908671006,15.45,30.33757961783439,30,prcp_obs,28,tmax_obs,18.8,22.8,0,1,1,0,,,0,,,,,,,9.161780181360806,12.16485786554647,8.819073983267831,9.161885151706779,.2913079991601932,7.928406026180535,8.660080678964786,,1,0,0,0
2023-02-04,2023,2,6,1,0,0,0,0,0,693,1,4602,3285,1494,2576,508,24,511,1303,0,311,.3791829639287266,313,423,218642.35,47.51028900478053,23.69166666666667,14.79742765273312,0,prcp_obs,29,tmax_gsod_aero,17.8,23.5,0,0,0,0,,,0,,,,,,,8.434246270595311,12.29519256880617,8.097121930918711,8.434463543817241,.3246414602346806,7.309212365692763,7.853993087224244,,1,0,0,0
2023-02-05,2023,2,7,1,0,0,0,0,0,694,1,4819,3320,1741,2550,494,34,495,1452,0,310,.4332849138825483,312,492,165804.45,34.40640174310023,26.51666666666667,15.54516129032258,0,prcp_gsod_aero,29.8,tmax_aero,17.5,24.6,0,0,0,0,,,0,,,,,,,8.480321716640333,12.0185643608889,8.107720061910534,8.480529207044645,.3612782735007263,7.462214939768189,7.843848638152472,,1,0,0,0
2023-02-06,2023,2,1,0,0,0,0,0,0,695,1,10819,7514,3280,6458,1024,57,600,2690,0,314,.1466863850633146,314,315,209056.5833333333,19.32309671257356,15.28333333333333,34.45541401273886,0,prcp_gsod_aero,31,tmax_gsod_aero,22,27.8,0,0,0,0,,,0,,,,,,,9.289059126687574,12.25036022795752,8.924523226133914,9.289151552400472,.3031703484610407,8.09559870137819,8.77307495131822,,1,0,0,0
2023-02-07,2023,2,2,0,0,0,0,0,0,696,1,11086,7686,3359,6609,1070,48,648,2767,0,314,.13584701425221,314,287,211835.0333333333,19.10833784352637,14.93333333333333,35.30573248407644,0,prcp_gsod_aero,31.72222222222222,tmax_gsod_aero,24,29.3,0,0,0,0,,,0,,,,,,,9.31343832997975,12.26356310608836,8.947155771124789,9.313528529772352,.302994768176078,8.119398589612294,8.796187635470453,,1,0,0,0
2023-02-08,2023,2,3,0,0,0,0,0,0,697,1,10625,7480,3161,6430,979,55,616,2580,0,314,.1469176470588235,314,288,210020.6,19.76664470588235,15.21666666666667,33.83757961783439,0,prcp_gsod_obs,35.3,tmax_obs,25.8,28.3,0,0,0,0,,,0,,,,,,,9.270964993792617,12.25496090012668,8.919988070968524,9.271059107010888,.2975058823529412,8.058643712215618,8.768729817231666,,1,0,0,0
2023-02-09,2023,2,4,0,0,0,0,0,0,698,1,10143,7232,3054,6116,936,37,703,2692,0,312,.14522330671399,313,269,238867.0666666667,23.54994248907292,14.85,32.50961538461539,0,prcp_gsod_aero,31.5,tmax_gsod_aero,21.7,28.8,0,0,0,0,,,0,,,,,,,9.224539091375995,12.38366246975786,8.886270902072013,9.224637676677007,.3010943507837918,8.024207485778577,8.718663567048953,,1,0,0,0
2023-02-10,2023,2,5,0,0,0,0,0,0,699,1,8826,6334,2610,5348,836,32,698,2258,0,314,.1409472014502606,315,256,200257.95,22.68954792658056,14.6,28.10828025477707,0,prcp_gsod_aero,33.5,tmax_gsod_aero,24.4,30.4,0,0,0,0,,,0,,,,,,,9.085457189829493,12.2073615645171,8.753687227098585,9.085570485020233,.2957171991842284,7.867105500316739,8.584477938221834,,1,0,0,0
2023-02-11,2023,2,6,1,0,0,0,0,0,700,1,3107,2249,949,1818,327,13,460,1136,0,308,.3022207917605407,313,182,91656.2,29.4999034438365,19.75,10.08766233766234,0,prcp_gsod_aero,36,tmax_gsod_aero,25.5,31.4,0,0,0,0,,,0,,,,,,,8.041412909393047,11.42579989964318,7.718240951959316,8.041734711487537,.3054393305439331,6.855408798609928,7.505492274737424,,1,0,0,0
2023-02-12,2023,2,7,1,0,0,0,0,0,701,1,2890,2086,918,1668,289,15,516,1192,0,295,.3394463667820069,308,196,88174.3,30.5101384083045,21.75833333333333,9.796610169491526,0,prcp_gsod_aero,36.6,tmax_aero,28.5,33.2,0,0,0,0,,,0,,,,,,,7.969011781106478,11.38707081631459,7.643003635560718,7.969357742016346,.3176470588235294,6.822197390620491,7.419380582918692,,1,0,0,0
2023-02-13,2023,2,1,0,0,0,0,0,0,702,1,8509,6106,2528,5119,824,38,550,2383,0,313,.1383241273945234,314,184,163995.0166666667,19.27312453480629,14.71666666666667,27.185303514377,0,prcp_obs,38.1,tmax_obs,23.22222222222222,28.8,0,0,0,0,,,0,,,,,,,9.048879705849558,12.00759132016581,8.717027173294824,9.04899722156742,.2970971912093078,7.835183755266749,8.540714386457584,,1,0,0,0
2023-02-14,2023,2,2,0,0,0,0,0,0,703,1,10886,7776,3191,6595,1039,61,530,2610,0,313,.1565313246371486,314,307,239554.5,22.00574131912548,15.73333333333333,34.77955271565495,8.9,prcp_obs,33.00000000000001,tmax_gsod_aero,21.5,27.6,0,1,0,0,,,0,,,,,,,9.295232838994146,12.38653622735712,8.958797346140274,9.295324695881179,.2931287892706228,8.068089626278244,8.794067065151415,,1,0,0,0
2023-02-15,2023,2,3,0,0,0,0,0,0,704,1,10764,7627,3246,6448,1024,46,682,2648,0,313,.1473429951690821,314,306,254990.5,23.68919546636938,15.41666666666667,34.38977635782748,0,prcp_obs,34,tmax_obs,20,25.3,0,0,0,0,,,0,,,,,,,9.283962511846797,12.44898156854462,8.939449862164238,9.284055409798464,.3015607580824972,8.085178748074537,8.771525284186465,,1,0,0,0
2023-02-16,2023,2,4,0,0,0,0,0,0,705,1,8468,6139,2421,5192,810,45,738,1877,0,311,.1144307982994804,314,186,215640.4666666667,25.46533616753267,13.7,27.22829581993569,0,prcp_gsod_aero,30.1,tmax_obs,14.61111111111111,23,0,0,0,0,,,0,,,,,,,9.044049632254756,12.28136779366393,8.722417141427496,9.044167716921599,.2858998582900331,7.791935956938058,8.554874258383926,,1,0,0,0
2023-02-17,2023,2,5,0,0,0,0,0,0,706,1,6650,4844,1876,4138,599,37,477,1522,0,312,.1108270676691729,314,126,133818.7166666667,20.12311528822055,13.56666666666667,21.31410256410257,0,prcp_obs,26.6,tmax_obs,7.9,12.3,0,0,0,0,,,0,,,,,,,8.8023721336499,11.80424130229431,8.485496104672983,8.802522498284422,.2821052631578948,7.53689712956617,8.327967858305488,,1,0,0,0
2023-02-18,2023,2,6,1,0,0,0,0,1,707,1,3697,2582,1219,2034,417,27,267,840,0,307,.3822017852312686,312,356,171949.2666666667,46.51048597962312,23.85,12.04234527687297,2,prcp_obs,22.61111111111111,tmax_gsod_aero,8.800000000000001,15.3,0,1,0,0,,,0,,,,,,,8.215276958936633,12.05495475104566,7.856319571406588,8.215547411947069,.3297268055179876,7.105786129481271,7.617759576608505,,1,0,0,0
2023-02-19,2023,2,7,1,0,0,0,0,1,708,1,4551,3136,1610,2411,506,24,389,1170,0,309,.4620962425840475,313,550,164265.3333333333,36.0943382406797,28,14.72815533980583,0,prcp_obs,25,tmax_gsod_aero,11.8,20.5,0,0,0,0,,,0,,,,,,,8.423102268016642,12.00923828561728,8.050703381470299,8.423321975806166,.3537684025488904,7.383989457978509,7.787796878181171,,1,0,0,0
2023-02-20,2023,2,1,0,1,0,0,1,0,709,1,5192,3584,1878,2769,525,20,421,1280,0,308,.4275808936825886,312,679,178033.2833333333,34.28992360041089,26.04166666666667,16.85714285714286,0,prcp_gsod_aero,27,tmax_gsod_aero,15.8,21.9,0,0,0,0,,,0,,,,,,,8.554874258383926,12.08972579681343,8.18423477409482,8.555066843844319,.3617103235747304,7.537962659768208,7.926241523170962,,1,0,0,0
2023-02-21,2023,2,2,0,1,0,0,1,0,710,1,4675,3282,1671,2478,492,34,392,1248,0,312,.3811764705882353,313,404,153301.9833333333,32.79186809269162,23.93333333333333,14.98397435897436,0,prcp_gsod_aero,29,tmax_gsod_aero,20.2,24.4,0,0,0,0,,,0,,,,,,,8.449984441722787,11.94016500237134,8.096208271650037,8.450198322591959,.3574331550802139,7.421177528595393,7.815207062189088,,1,0,0,0
2023-02-22,2023,2,3,0,0,0,0,0,0,711,1,10323,7192,3073,6210,986,54,552,2495,0,313,.1269979657076431,315,264,195621.8833333333,18.9501001001001,14.86666666666667,32.98083067092652,0,prcp_gsod_aero,32,tmax_gsod_aero,21.2,26.6,0,0,0,0,,,0,,,,,,,9.242129694465589,12.18393890830726,8.880724576151456,9.242226560838505,.2976847815557493,8.030409562130485,8.733916174927524,,1,0,0,0
2023-02-23,2023,2,4,0,0,0,0,0,0,712,1,10633,7515,3178,6431,983,41,646,2504,0,314,.1365560048904354,314,266,203705.4833333333,19.15785604564406,15,33.86305732484077,0,prcp_obs,33.2,tmax_obs,21.3,26.4,0,0,0,0,,,0,,,,,,,9.271717651651086,12.22443052052384,8.924656302187074,9.271811694064283,.2988808426596445,8.064007347096661,8.768885326134862,,1,0,0,0
2023-02-24,2023,2,5,0,0,0,0,0,0,713,1,10014,7068,3075,5905,983,51,706,2397,0,314,.1372079089275015,315,247,198728.8833333333,19.84510518607283,15.11666666666667,31.89171974522293,0,prcp_gsod_aero,31.7,tmax_aero,20.8,26.3,0,0,0,0,,,0,,,,,,,9.211739392889891,12.19969677949247,8.863332833439587,9.211839248099919,.3070701018573996,8.031060180240619,8.683554728631462,,1,0,0,0
2023-02-25,2023,2,6,1,0,0,0,0,0,714,1,3516,2585,1130,1989,384,13,474,1087,0,308,.3196814562002275,312,293,98683.68333333333,28.06703166477058,20.79166666666667,11.41558441558442,0,prcp_gsod_aero,32.7,tmax_obs,21.3,25.7,0,0,0,0,,,0,,,,,,,8.165079258805069,11.49967489598372,7.85748078694253,8.165363632473982,.3213879408418658,7.029972911706386,7.595387278853973,,1,0,0,0
2023-02-26,2023,2,7,1,0,0,0,0,0,715,1,4887,3353,1718,2636,506,27,497,1319,0,309,.4119091467157766,314,422,165108.15,33.78517495395948,25.5,15.81553398058252,.8,prcp_obs,33.2,tmax_obs,17.9,23.6,0,0,0,0,,,0,,,,,,,8.494333897270154,12.01435599271166,8.117610746466228,8.494538500851432,.3515449150808267,7.4489161025442,7.877017895622398,,1,0,0,0
2023-02-27,2023,2,1,0,0,0,0,0,0,716,1,11962,8379,3669,7093,1147,53,627,2582,0,314,.1383547901688681,315,333,268341.8666666666,22.43285961099036,15.15833333333333,38.09554140127388,0,prcp_obs,27.38888888888889,tmax_gsod_aero,19.9,24.7,0,0,0,0,,,0,,,,,,,9.389490237604502,12.50001706846918,9.033483854613287,9.389573832170905,.3067212840662097,8.207674424355282,8.866863661202087,,1,0,0,0
2023-02-28,2023,2,2,0,0,0,0,0,0,717,1,10980,7787,3357,6512,1067,44,585,2483,0,315,.1244990892531876,315,249,238874.2,21.75539162112933,14.65,34.85714285714285,0,prcp_gsod_aero,31.88888888888889,tmax_gsod_aero,22.4,28.3,0,0,0,0,,,0,,,,,,,9.303830715063521,12.38369233250505,8.960210955576986,9.303921785597714,.3057377049180328,8.118802996980035,8.781401907682376,,1,0,0,0
2023-03-01,2023,3,3,0,0,0,0,0,0,718,1,10804,7760,3336,6463,965,40,670,2465,0,314,.121251388374676,314,284,200545.15,18.56212051092188,14.46666666666667,34.40764331210191,0,prcp_gsod_aero,33.38888888888889,tmax_gsod_aero,25.5,30.9,0,0,0,0,,,0,,,,,,,9.287671714912506,12.20879468741039,8.956737613177264,9.287764268940986,.3087745279526101,8.112527763478637,8.773848885262895,,1,0,0,0
2023-03-02,2023,3,4,0,0,0,0,0,0,719,1,9757,6948,2842,5971,894,50,663,2352,0,314,.11735164497284,314,192,176268.9166666667,18.06589286324348,14.15,31.07324840764331,0,prcp_gsod_aero,37.6,tmax_obs,25.1,30.6,0,0,0,0,,,0,,,,,,,9.18574025510795,12.07976604352041,8.846209127360996,9.185842740375783,.2912780567797479,7.952263308657046,8.694669696546992,,1,0,0,0
2023-03-03,2023,3,5,0,0,0,0,0,0,720,1,9461,6721,2740,5802,885,34,718,2309,0,314,.1219744213085298,315,218,264284.5,27.93409787548885,14.33333333333333,30.13057324840764,0,prcp_gsod_aero,38,tmax_obs,25.4,30.8,0,0,0,0,,,0,,,,,,,9.154933364704444,12.48478145339404,8.812992231969966,9.155039056191093,.2896099778036149,7.915713199382116,8.665957964681349,,1,0,0,0
2023-03-04,2023,3,6,1,0,0,0,0,0,721,1,2995,2241,933,1744,308,10,417,1032,0,299,.3178631051752922,306,189,96077.35000000001,32.07924874791319,20.68333333333333,10.01672240802676,0,prcp_gsod_aero,34.11111111111111,tmax_gsod_aero,24.6,29.3,0,0,0,0,,,0,,,,,,,8.00469951054955,11.47290887519115,7.714677473800927,8.005033344637111,.3115191986644407,6.838405200847344,7.463936604468925,,1,0,0,0
2023-03-05,2023,3,7,1,0,0,0,0,0,722,1,3574,2564,1195,1957,406,16,451,1101,0,305,.38276440962507,309,295,112709.2,31.5358701734751,23.75833333333333,11.71803278688525,0,prcp_gsod_aero,36.3,tmax_obs,23.5,27,0,0,0,0,,,0,,,,,,,8.181440695719374,11.63256632934917,7.849323818040561,8.181720455128108,.3343592613318411,7.085901464365611,7.579167967396076,,1,0,0,0
2023-03-06,2023,3,1,0,0,0,0,0,0,723,1,10673,7611,3199,6445,979,50,542,2475,0,312,.1218963740279209,313,268,248894.7,23.32003185608545,14.26666666666667,34.20833333333334,0,prcp_gsod_aero,31,tmax_gsod_aero,24.8,29.3,0,0,0,0,,,0,,,,,,,9.275472466913964,12.42478519443672,8.937349848267392,9.275566156893889,.2997282863299915,8.070593539949519,8.771059915373288,,1,0,0,0
2023-03-07,2023,3,2,0,0,0,0,0,0,724,1,11262,7976,3436,6724,1045,57,552,2526,0,313,.1309714082756171,314,263,216014.3166666667,19.18081305866335,14.74166666666667,35.98083067092652,0,prcp_gsod_aero,33.6,tmax_obs,21.8,27.6,0,0,0,0,,,0,,,,,,,9.329189505814563,12.28309996533402,8.984192311641674,9.329278296047697,.3050967856508613,8.142063283104147,8.813438494528507,,1,0,0,0
2023-03-08,2023,3,3,0,0,0,0,0,0,725,1,10431,7590,3084,6341,963,43,647,2434,0,312,.1230946218004027,315,272,195743.95,18.76559773751318,14.68333333333333,33.43269230769231,0,prcp_gsod_aero,30.6,tmax_aero,23.7,28.2,0,0,0,0,,,0,,,,,,,9.252537420675971,12.18456270660659,8.934586870389676,9.252633284166434,.2956571757262008,8.033982734683221,8.754791763700032,,1,0,0,0
2023-03-09,2023,3,4,0,0,0,0,0,0,726,1,10844,7754,3269,6575,954,46,649,2503,0,312,.1291036517890077,313,259,203808.05,18.79454537071191,14.71666666666667,34.75641025641026,0,prcp_gsod_aero,33.7,tmax_obs,23.8,27.8,0,0,0,0,,,0,,,,,,,9.291367210618557,12.2249338985,8.955964118230874,9.291459423260974,.3014570269273331,8.092239406724211,8.791029857045965,,1,0,0,0
2023-03-10,2023,3,5,0,0,0,0,0,0,727,1,9541,6903,2821,5837,834,49,786,2306,0,314,.1272403312021801,315,242,187843.4666666667,19.68802711106453,14.38333333333333,30.38535031847134,0,prcp_gsod_aero,31.72222222222222,tmax_gsod_aero,26,30.4,0,0,0,0,,,0,,,,,,,9.163353580751846,12.14336427087462,8.839711378703475,9.163458386076052,.2956713132795305,7.944846711001996,8.671972245203792,,1,0,0,0
2023-03-11,2023,3,6,1,0,0,0,0,0,728,1,2835,2116,776,1733,315,11,497,1034,0,305,.3022927689594356,313,164,81816.71666666666,28.85951205173427,19.95,9.295081967213115,0,prcp_gsod_aero,35.22222222222223,tmax_gsod_aero,25.5,32.1,0,0,0,0,,,0,,,,,,,7.949797216161852,11.31223686194033,7.65728279297819,7.950149887652018,.2737213403880071,6.654152520183219,7.457609289715606,,1,0,0,0
2023-03-12,2023,3,7,1,0,0,0,0,0,729,1,2895,2109,820,1764,297,14,511,1165,0,301,.3253886010362694,310,227,85322.91666666667,29.47251007484168,21.18333333333333,9.617940199335548,0,prcp_gsod_aero,38.9,tmax_obs,28,32.1,0,0,0,0,,,0,,,,,,,7.970740390007095,11.3541983570299,7.653969180478774,7.971085753505607,.2832469775474957,6.709304340258298,7.475339236566737,,1,0,0,0
2023-03-13,2023,3,1,0,0,0,0,0,0,730,1,9886,6994,2871,5988,989,38,526,2418,0,315,.1227999190774833,315,239,182622.0333333333,18.47279317553443,14.11666666666667,31.38412698412698,0,prcp_gsod_aero,36.5,tmax_obs,27,30.6,0,0,0,0,,,0,,,,,,,9.198874893866904,12.11517390433972,8.852807917623322,9.198976041897133,.2904106817722031,7.962415680121064,8.69751274553952,,1,0,0,0
2023-03-14,2023,3,2,0,0,0,0,0,0,731,1,9911,7088,2885,6036,956,34,569,2287,0,315,.127938654020785,316,257,196821.85,19.8589294723035,14.46666666666667,31.46349206349206,0,prcp_gsod_aero,34.61111111111111,tmax_gsod_aero,27.6,31.3,0,0,0,0,,,0,,,,,,,9.201400530406708,12.19005428386008,8.866158492284917,9.201501423308978,.2910907072949248,7.9672801789422,8.70549681988774,,1,0,0,0
2023-03-15,2023,3,3,0,0,0,0,0,0,732,1,9462,6810,2780,5778,869,35,558,2116,0,314,.1154090044388079,315,194,184578.6333333333,19.50735926160784,14.14166666666667,30.13375796178344,9.906000000000001,prcp_gsod_aero,37,tmax_obs,25,28.4,0,1,0,0,,,0,,,,,,,9.155039056191093,12.12583084859524,8.826147399143558,9.155144736508232,.2938068061720566,7.930206206684683,8.661812881026181,,1,0,0,0
2023-03-16,2023,3,4,0,0,0,0,0,0,733,1,10031,7267,3010,6057,931,33,474,2290,0,314,.132688665138072,314,282,197254.5333333333,19.66449340378161,14.38333333333333,31.94585987261146,0,prcp_gsod_aero,29,tmax_gsod_aero,24.1,27.4,0,0,0,0,,,0,,,,,,,9.213435576883486,12.19225022112252,8.891098830616636,9.213535262872702,.3000697836706211,8.009695357742922,8.708969906980947,,1,0,0,0
2023-03-17,2023,3,5,0,0,0,0,0,0,734,1,9889,7213,2836,6092,929,32,753,2312,0,316,.141975932854687,316,288,206695.8833333333,20.90159604948259,15.01666666666667,31.29430379746836,0,prcp_gsod_aero,31.22222222222223,tmax_gsod_aero,25,28.7,0,0,0,0,,,0,,,,,,,9.199178307269991,12.23900382932897,8.883640232503673,9.199279424616758,.286783294569724,7.950149887652018,8.714731714015052,,1,0,0,0
2023-03-18,2023,3,6,1,0,0,0,0,0,735,1,3680,2719,1166,2087,406,21,526,1099,0,311,.3440217391304348,313,309,117563.9833333333,31.94673460144928,22.1,11.83279742765273,0,prcp_gsod_aero,33.4,tmax_obs,23.3,26.8,0,0,0,0,,,0,,,,,,,8.210668031162976,11.67473800336588,7.908019444632471,8.210939733379021,.3168478260869565,7.061334366910438,7.643482907077201,,1,0,0,0
2023-03-19,2023,3,7,1,0,0,0,0,0,736,1,3130,2318,1036,1788,284,22,491,976,0,305,.3881789137380192,309,268,104735.95,33.46196485623003,23.9,10.26229508196721,0,prcp_gsod_aero,29,tmax_aero,25,27.4,0,0,0,0,,,0,,,,,,,8.048788283534199,11.55919769991002,7.748460023899697,8.049107721326406,.3309904153354633,6.943122422819428,7.488852955733459,,1,0,0,0
2023-03-20,2023,3,1,0,0,0,0,0,0,737,1,9757,7101,2879,5938,910,30,370,1960,0,313,.1256533770626217,315,258,191221.6833333333,19.59840968877046,14.45,31.17252396166134,4.1,prcp_obs,33.4,tmax_obs,18.5,23.2,0,1,0,0,,,0,,,,,,,9.18574025510795,12.16118867972449,8.867990898182093,9.185842740375783,.2950702060059445,7.965198290612176,8.689127655323706,,1,0,0,0
2023-03-21,2023,3,2,0,0,0,0,0,0,738,1,10813,7727,3257,6471,1046,39,422,2122,0,315,.1203181355775456,316,140,201406.7333333333,18.62635099725639,14.36666666666667,34.32698412698413,0,prcp_obs,26.5,tmax_obs,19.5,22.9,0,0,0,0,,,0,,,,,,,9.288504392945537,12.21308169134594,8.952475967933584,9.28859686994195,.3012115046703043,8.088561805276234,8.775085935057266,,1,0,0,0
2023-03-22,2023,3,3,0,0,0,0,0,0,739,1,10950,7900,3319,6598,986,47,467,2128,0,316,.1302283105022831,316,272,214308.1333333333,19.57151902587519,14.68333333333333,34.65189873417722,0,prcp_gsod_aero,27,tmax_obs,19.8,23.3,0,0,0,0,,,0,,,,,,,9.301094735244647,12.27517013376682,8.974618038455112,9.301186055275759,.3031050228310502,8.107418811719974,8.794521851788527,,1,0,0,0
2023-03-23,2023,3,4,0,0,0,0,0,0,740,1,10385,7491,3125,6284,936,40,534,1976,0,316,.1259508907077516,317,312,208249.3333333333,20.05289680629113,14.68333333333333,32.86392405063291,0,prcp_gsod_aero,27,tmax_gsod_aero,20.2,24.8,0,0,0,0,,,0,,,,,,,9.248117736310213,12.24649135874345,8.921457578947884,9.248214024404264,.3009147809340395,8.047189562170502,8.745761999375512,,1,0,0,0
2023-03-24,2023,3,5,0,1,0,0,1,0,741,1,4231,3155,1408,2434,371,18,585,1173,0,311,.352635310801229,316,368,163750.05,38.70244623020562,22.7,13.60450160771704,0,prcp_gsod_aero,29.6,tmax_obs,20.2,24.1,0,0,0,0,,,0,,,,,,,8.350193650720067,12.00609645884096,8.056743774975313,8.350429973538136,.332781848262822,7.249925536717988,7.797291273547472,,1,0,0,0
2023-03-25,2023,3,6,1,0,0,0,0,1,742,1,3246,2364,1114,1818,295,19,184,738,0,298,.4051139864448552,306,314,166977.7,51.44106592729513,24.66666666666667,10.89261744966443,27.9,prcp_obs,27,tmax_gsod_aero,19.6,23.8,0,1,1,0,,,0,,,,,,,8.085178748074537,12.02561554954844,7.768110378525988,8.085486772102845,.3431916204559458,7.01571242048723,7.505492274737424,,1,0,0,0
2023-03-26,2023,3,7,1,0,0,0,0,1,743,1,3652,2707,1264,2034,331,23,412,983,0,305,.4214129244249726,313,343,130329.5666666667,35.68717597663381,26.14166666666667,11.97377049180328,0,prcp_obs,28.4,tmax_obs,14.2,20,0,0,0,0,,,0,,,,,,,8.20303024171486,11.77782164962602,7.903596289614301,8.203304026795282,.3461117196056955,7.142036574706803,7.617759576608505,,1,0,0,0
2023-03-27,2023,3,1,0,0,0,0,0,0,744,1,11209,7949,3428,6666,1063,52,509,2270,0,315,.130341689713623,315,269,230994.1833333333,20.60792071847028,14.55,35.58412698412698,0,prcp_gsod_aero,25,tmax_gsod_aero,16,21,0,0,0,0,,,0,,,,,,,9.324472306021095,12.35014780881172,8.980801413573113,9.324561516066206,.3058256757962352,8.13973227971767,8.804775258867686,,1,0,0,0
2023-03-28,2023,3,2,0,0,0,0,0,0,745,1,11533,8236,3417,6931,1143,42,449,2250,0,315,.1258128847654557,315,235,219965.6333333333,19.07271597445013,14.66666666666667,36.61269841269841,0,prcp_obs,28,tmax_gsod_aero,20.5,24.8,0,0,0,0,,,0,,,,,,,9.35296777022594,12.3012266010109,9.01627006814768,9.353054474175359,.296280239313275,8.136518252115291,8.843759381917984,,1,0,0,0
2023-03-29,2023,3,3,0,0,0,0,0,0,746,1,9930,7153,2945,6001,946,38,496,1605,0,314,.1072507552870091,316,173,179754.5166666667,18.10216683450823,13.81666666666667,31.62420382165605,0,prcp_gsod_aero,30.7,tmax_obs,20.2,23.9,0,0,0,0,,,0,,,,,,,9.203315757039219,12.09934740275949,8.875287128108385,9.203416456903359,.296576032225579,7.987864096085687,8.699681400989514,,1,0,0,0
2023-03-30,2023,3,4,0,0,0,0,0,0,747,1,10559,7608,3057,6467,995,40,445,2004,0,316,.1169618335069609,316,214,198029.15,18.75453641443318,14.41666666666667,33.41455696202532,1,prcp_obs,29,tmax_obs,14.7,18.8,0,1,0,0,,,0,,,,,,,9.264733855806515,12.19616952106277,8.936955604225226,9.264828557260252,.2895160526565015,8.025189321890835,8.774467601446593,,1,0,0,0
2023-03-31,2023,3,5,0,0,0,0,0,0,748,1,10315,7437,3067,6193,1010,45,561,1932,0,316,.123509452253999,316,203,202435.3333333333,19.62533527225723,14.75,32.64240506329114,0,prcp_obs,24,tmax_obs,16.8,20.9,0,0,0,0,,,0,,,,,,,9.241354425505353,12.21817577296457,8.9142228207033,9.241451367001236,.2973339796412991,8.028455164114252,8.731174900938061,,1,0,0,0
2023-04-01,2023,4,6,1,0,0,0,0,1,749,1,3665,2691,1133,2120,395,17,344,812,0,303,.3274215552523875,313,271,127555.7666666667,34.8037562528422,21.7,12.0957095709571,0,prcp_gsod_aero,22.9,tmax_obs,9.9,15.8,0,0,0,0,,,0,,,,,,,8.206583614320753,11.75630893357632,7.897668150726906,8.20685642839965,.3091405184174625,7.032624261028007,7.659171367666058,,1,0,0,0
2023-04-02,2023,4,7,1,1,0,0,1,0,750,1,2102,1583,618,1263,207,14,388,629,0,290,.3173168411037108,304,168,82677.98333333334,39.33300824611481,21.36666666666667,7.248275862068965,0,prcp_gsod_aero,20.72222222222222,tmax_gsod_aero,14,18.5,0,0,0,0,,,0,,,,,,,7.650644551436897,11.32270862227101,7.367077059881012,7.6511201757027,.2940057088487155,6.42648845745769,7.141245122350491,,1,0,0,0
2023-04-03,2023,4,1,0,0,0,0,0,0,751,1,9742,7250,2801,6003,899,39,99,1829,0,313,.1369328679942517,315,246,224479.1333333333,23.04240744542531,15.03333333333333,31.12460063897764,29,prcp_obs,21.9,tmax_obs,15.2,18.7,0,1,1,0,,,0,,,,,,,9.184201714366488,12.32153803455431,8.888756747848721,9.184304357425342,.2875179634571957,7.937731775260109,8.700014623251843,,1,0,0,0
2023-04-04,2023,4,2,0,0,0,0,0,0,752,1,10243,7346,3080,6154,970,39,408,1854,0,316,.1196914966318461,316,216,198805.1833333333,19.40888248885418,14.46666666666667,32.41455696202532,0,prcp_obs,22,tmax_gsod_aero,15.4,19.1,0,0,0,0,,,0,,,,,,,9.234349824436535,12.20008064597001,8.901911226379612,9.234447447319417,.3006931563018647,8.03268487596762,8.724857555881988,,1,0,0,0
2023-04-05,2023,4,3,0,0,0,0,0,0,753,1,9885,7132,3018,5884,947,36,403,1807,0,316,.1264542235710673,316,234,190548.2833333333,19.27650817737312,14.73333333333333,31.28164556962025,0,prcp_gsod_aero,23.61111111111111,tmax_gsod_aero,16.9,21.4,0,0,0,0,,,0,,,,,,,9.198773735604718,12.15766089725242,8.872346978983032,9.198874893866904,.3053110773899848,8.012349639327795,8.679992081721329,,1,0,0,0
2023-04-06,2023,4,4,0,0,1,0,1,0,754,1,6461,4619,1977,3878,578,28,548,1450,0,313,.1877418356291596,316,212,155395.9,24.05136975700356,16.9,20.64217252396166,0,prcp_gsod_aero,25.9,tmax_obs,18.8,21.7,0,0,0,0,,,0,,,,,,,8.773539383558166,11.95373133304125,8.437933510430606,8.773694146384443,.3059897848630243,7.589335823170617,8.263074835802597,,1,0,0,0
2023-04-07,2023,4,5,0,1,0,0,1,0,755,1,3291,2470,1119,1846,317,9,376,872,0,309,.3941051352172592,315,447,117758.2,35.78189000303859,24.3,10.6504854368932,0,prcp_gsod_aero,26.5,tmax_obs,18.9,21.8,0,0,0,0,,,0,,,,,,,8.098946748943339,11.67638864851979,7.811973429622023,8.099250561796961,.3400182315405652,7.020190708311925,7.520776415062797,,1,0,0,0
2023-04-08,2023,4,6,1,0,0,0,0,1,756,1,4408,3051,1570,2360,453,25,358,875,0,311,.4228675136116152,314,575,146886.5166666667,33.32271249243799,26.15833333333334,14.17363344051447,0,prcp_gsod_aero,24.22222222222222,tmax_gsod_aero,17.4,21.9,0,0,0,0,,,0,,,,,,,8.391176350832751,11.89741557215407,8.02322468471667,8.391403185357937,.3561705989110708,7.358830898342354,7.766416898019656,,1,0,0,0
2023-04-09,2023,4,7,1,0,0,0,0,1,757,1,3692,2647,1304,1968,391,29,375,800,0,312,.421180931744312,313,442,124902.9333333333,33.83069700252799,26.03333333333334,11.83333333333333,0,prcp_gsod_aero,25.5,tmax_gsod_aero,16,22.3,0,0,0,0,,,0,,,,,,,8.213923595622743,11.73529218129292,7.881182202227102,8.214194414852564,.3531960996749729,7.173191742486599,7.584773077612199,,1,0,0,0
2023-04-10,2023,4,1,0,0,0,0,0,0,758,1,11138,7935,3382,6698,1013,45,303,2027,0,316,.1268629915604238,316,316,222448.3,19.97201472436703,14.85,35.24683544303797,0,prcp_gsod_aero,27.9,tmax_obs,16.4,22.2,0,0,0,0,,,0,,,,,,,9.318117964149614,12.31244999403821,8.97903863296051,9.318207742845189,.3036451786676244,8.126222529458525,8.80956425335415,,1,0,0,0
2023-04-11,2023,4,2,0,0,0,0,0,0,759,1,11612,8292,3422,7006,1118,66,415,2253,0,316,.1184981054081984,316,278,216735.4166666667,18.66477925134918,14.60833333333333,36.74683544303797,0,prcp_gsod_aero,27,tmax_gsod_aero,17.8,22.9,0,0,0,0,,,0,,,,,,,9.35979432514452,12.28643261056458,9.02304647355567,9.359880439245758,.2946951429555632,8.137980454452139,8.854522203757432,,1,0,0,0
2023-04-12,2023,4,3,0,0,0,1,0,0,760,1,10482,7460,3082,6446,921,33,423,1926,0,316,.1109521083762641,316,200,202868.2833333333,19.35396711823443,13.85,33.17088607594937,2,prcp_obs,29.8,tmax_obs,15.4,19.7,0,1,0,0,,,0,,,,,,,9.257414779362112,12.22031219685458,8.917310693197807,9.257510176452573,.2940278572791452,8.033334015880062,8.771215062375383,,1,0,0,0
2023-04-13,2023,4,4,0,0,0,1,0,0,761,1,10582,7620,3084,6520,931,47,417,1871,0,315,.1205821205821206,316,201,208179.0666666667,19.67294147294147,14.45,33.5936507936508,0,prcp_obs,21,tmax_obs,9.9,15.3,0,0,0,0,,,0,,,,,,,9.266909723464076,12.2461538857597,8.938531648680693,9.267004219093725,.2914382914382914,8.033982734683221,8.782629654920699,,1,0,0,0
2023-04-14,2023,4,5,0,0,0,0,0,0,762,1,8891,6560,2593,5498,754,46,366,1626,0,315,.130019120458891,315,206,180113.5,20.25795748509729,15,28.22539682539683,0,prcp_gsod_aero,19.5,tmax_aero,9.199999999999999,14.8,0,0,0,0,,,0,,,,,,,9.092794808121139,12.10134248671128,8.788745881938135,9.092907275084087,.2916432347317512,7.860570785538664,8.612139668725192,,1,0,0,0
2023-04-15,2023,4,6,1,0,0,0,0,0,763,1,3277,2440,1024,1911,335,7,322,802,0,309,.3118706133658835,313,225,105212.7833333333,32.10643373003764,20.93333333333333,10.60517799352751,0,prcp_obs,20.2,tmax_obs,11.7,16.9,0,0,0,0,,,0,,,,,,,8.094683648698815,11.56374008647886,7.799753318287247,8.094988759303774,.312480927677754,6.931471805599453,7.555381944240273,,1,0,0,0
2023-04-16,2023,4,7,1,0,0,0,0,0,764,1,1886,1466,593,1063,215,15,380,553,0,291,.3451749734888653,305,159,55697.68333333333,29.53217568045245,22.35,6.481099656357388,0,prcp_obs,20.3,tmax_obs,11.8,16.4,0,0,0,0,,,0,,,,,,,7.542213463193403,10.92769383318925,7.290292882446597,7.54274354536855,.3144220572640509,6.385194398997726,6.968850378341948,,1,0,0,0
2023-04-17,2023,4,1,0,0,0,0,0,0,765,1,9686,7061,2913,5820,918,35,182,1754,0,312,.1231674581870741,314,208,261500.8833333333,26.99781987748641,14.3,31.0448717948718,7.1,prcp_obs,19.22222222222222,tmax_gsod_aero,12.1,16.3,0,1,0,0,,,0,,,,,,,9.178436822963175,12.47419294042915,8.862341963516347,9.178540059426386,.3007433409043981,7.976938756959434,8.669055540725484,,1,0,0,0
2023-04-18,2023,4,2,0,0,0,0,0,0,766,1,8713,6438,2488,5362,837,26,196,1410,0,315,.1137380925054516,316,203,179451.55,20.59583955009756,14.23333333333333,27.66031746031746,7.1,prcp_obs,21.7,tmax_obs,9.699999999999999,13.7,0,1,0,0,,,0,,,,,,,9.072571442231286,12.09766053404193,8.769973211858753,9.072686206677387,.2855503270974406,7.81923445385907,8.587092318795905,,1,0,0,0
2023-04-19,2023,4,3,0,0,0,0,0,0,767,1,9225,6780,2604,5768,800,53,428,1907,0,315,.1168563685636856,316,221,295601.2,32.04349051490515,14.33333333333333,29.28571428571429,.5,prcp_obs,18.2,tmax_aero,10.9,14.6,0,0,0,0,,,0,,,,,,,9.129672468908728,12.59676652758786,8.821732380934442,9.129780864117766,.2822764227642277,7.86480400332846,8.660080678964786,,1,0,0,0
2023-04-20,2023,4,4,0,0,0,0,0,0,768,1,9674,7075,2762,5994,877,41,434,1816,0,311,.1215629522431259,317,217,256640.6166666667,26.5289039349459,14.475,31.10610932475884,.3,prcp_obs,19.3,tmax_aero,7.7,14.3,0,0,0,0,,,0,,,,,,,9.177197153382929,12.45543200650445,8.864322722511439,9.177300517897983,.2855075459995865,7.923710333969238,8.698514247876609,,1,0,0,0
2023-04-21,2023,4,5,0,0,0,1,0,0,769,1,9356,6879,2692,5788,825,51,465,1833,0,313,.1203505771697307,315,218,233040.1,24.9080910645575,14.43333333333333,29.89137380191693,0,prcp_obs,20.5,tmax_gsod_aero,11.3,17.3,0,0,0,0,,,0,,,,,,,9.143773127704069,12.35896582074411,8.836228571526014,9.143880005275912,.2877297990594271,7.898039690764619,8.663542087751374,,1,0,0,0
2023-04-22,2023,4,6,1,0,0,0,0,0,770,1,3569,2639,1049,2079,416,25,362,797,0,306,.3513589240683665,309,300,112765.0833333333,31.59570841505557,22.66666666666667,11.66339869281046,0,prcp_gsod_aero,22,tmax_gsod_aero,13.1,17.9,0,0,0,0,,,0,,,,,,,8.18004072349016,11.63306202520992,7.878155336503324,8.180320874773685,.2939198655085458,6.955592608396297,7.639642287858013,,1,0,0,0
2023-04-23,2023,4,7,1,0,0,0,0,0,771,1,3330,2432,1032,1947,334,17,327,763,0,297,.3813813813813814,308,316,120969.1,36.32705705705705,24.34166666666667,11.21212121212121,0,prcp_gsod_aero,24.5,tmax_obs,14.4,18.7,0,0,0,0,,,0,,,,,,,8.110727582974489,11.7032904200651,7.796469243086058,8.11102783819368,.3099099099099099,6.939253946041508,7.5740450053722,,1,0,0,0
2023-04-24,2023,4,1,0,0,0,1,0,0,772,1,9922,7127,2914,5987,969,52,378,1808,0,315,.1173150574480951,316,221,214066.3333333333,21.57491769132567,13.86666666666667,31.4984126984127,0,prcp_gsod_aero,22.9,tmax_obs,15.5,18.8,0,0,0,0,,,0,,,,,,,9.202509792860994,12.27404121482092,8.871645667501872,9.202610573914242,.2936907881475509,7.97728198675515,8.697345730925353,,1,0,0,0
2023-04-25,2023,4,2,0,0,0,0,0,0,773,1,8056,5940,2240,5039,735,42,314,1547,0,315,.1076216484607746,316,151,173110.7333333333,21.48842270771268,13.55833333333333,25.57460317460318,21.1,prcp_obs,22.3,tmax_obs,17.5,19.4,0,1,1,0,,,0,,,,,,,8.994172434398399,12.06168674578925,8.68946441235669,8.994296557777195,.2780536246276067,7.714231144849086,8.524962928680598,,1,0,0,0
2023-04-26,2023,4,3,0,0,0,0,0,0,774,1,9937,7232,2903,6139,832,63,412,1932,0,314,.1190500150950991,315,189,231295.7833333333,23.27621850994599,14.26666666666667,31.64649681528663,0,prcp_obs,23,tmax_gsod_aero,14.8,18.7,0,0,0,0,,,0,,,,,,,9.204020443231363,12.35145261776081,8.886270902072013,9.204121072162266,.2921404850558519,7.97349996402463,8.722417141427496,,1,0,0,0
2023-04-27,2023,4,4,0,0,0,0,0,0,775,1,10389,7443,2997,6452,886,54,500,2053,0,314,.120127057464626,315,235,194261,18.69871979978824,14.36666666666667,33.0859872611465,0,prcp_gsod_aero,23.7,tmax_aero,15.1,20.7,0,0,0,0,,,0,,,,,,,9.248502833070532,12.17695789468321,8.915029272359911,9.248599084093273,.2884781980941381,8.005367067316664,8.772145439245099,,1,0,0,0
2023-04-28,2023,4,5,0,0,0,0,0,0,776,1,9814,7131,2881,5964,926,43,538,1968,0,314,.1254330548196454,316,245,202842.2,20.66865702058284,14.78333333333333,31.2547770700637,0,prcp_gsod_aero,28.1,tmax_obs,17.5,21.8,0,0,0,0,,,0,,,,,,,9.191565216649849,12.22018361583712,8.872206756028303,9.191667106710561,.2935602200937436,7.965892735084529,8.69349667588463,,1,0,0,0
2023-04-29,2023,4,6,1,0,0,0,0,1,777,1,3916,2843,1287,2175,430,24,339,876,0,302,.3654239019407559,312,358,145070.1833333333,37.04550136193394,23.275,12.96688741721854,0,prcp_gsod_aero,27.2,tmax_obs,17.7,22.3,0,0,0,0,,,0,,,,,,,8.272826003650401,11.88497292728988,7.952615111651,8.27308133366583,.3286516853932585,7.160069207596127,7.684783943522785,,1,0,0,0
2023-04-30,2023,4,7,1,0,0,0,0,1,778,1,2028,1608,649,1165,206,8,455,668,0,287,.3357988165680473,305,243,71927.58333333333,35.46725016436555,22.5,7.066202090592334,0,prcp_obs,27,tmax_gsod_aero,14.72222222222222,21.3,0,0,0,0,,,0,,,,,,,7.614805364711073,11.18341510481796,7.382746449738912,7.615298339825815,.3200197238658777,6.47543271670409,7.060476365999801,,1,0,0,0
2023-05-01,2023,5,1,0,1,0,0,1,0,779,1,4003,2947,1427,2144,417,15,224,582,0,301,.4688983262553085,306,538,144334.85,36.05666999750188,28.33333333333333,13.29900332225914,3,prcp_obs,26.9,tmax_obs,9.5,14.9,0,1,0,0,,,0,,,,,,,8.294799358992574,11.87989122634445,7.988542982737695,8.295049140435111,.3564826380214839,7.263329617476837,7.670428522190693,,1,0,0,0
2023-05-02,2023,5,2,0,0,0,0,0,0,780,1,9114,6567,2659,5589,821,45,289,1612,0,313,.1240947992100066,315,174,169845.0333333333,18.63561919391412,14.15,29.11821086261981,0,prcp_obs,20.1,tmax_obs,7.9,13.1,0,0,0,0,,,0,,,,,,,9.117566971823829,12.0426417316736,8.789812386190972,9.117676687112763,.2917489576475751,7.88570539124302,8.628555659269699,,1,0,0,0
2023-05-03,2023,5,3,0,0,0,0,0,0,781,1,9828,7108,2877,6029,874,48,357,1769,0,316,.118030118030118,316,206,201097.7666666667,20.46171822005156,14.13333333333333,31.10126582278481,0,prcp_gsod_aero,20,tmax_obs,8.6,13.9,0,0,0,0,,,0,,,,,,,9.19299073364107,12.21154647011313,8.868976189274543,9.19309247856663,.2927350427350428,7.964503363551548,8.704336438489406,,1,0,0,0
2023-05-04,2023,5,4,0,0,0,0,0,0,782,1,9849,7130,2821,6090,897,41,366,1741,0,313,.1224489795918367,314,226,186230.0833333333,18.90852709242901,14.2,31.46645367412141,0,prcp_gsod_aero,20.5,tmax_gsod_aero,8.699999999999999,15.2,0,0,0,0,,,0,,,,,,,9.195125206169703,12.1347381954008,8.872066513408342,9.195226734166134,.2864250177683014,7.944846711001996,8.714403360703942,,1,0,0,0
2023-05-05,2023,5,5,0,0,0,0,0,0,783,1,7056,5196,2011,4422,590,33,451,870,0,314,.1053004535147392,316,147,128207.9166666667,18.17005621693122,13.4,22.47133757961784,0,prcp_gsod_aero,22.3,tmax_obs,13,17.8,0,0,0,0,,,0,,,,,,,8.861633597686627,11.7614085740322,8.55564437779049,8.86177531100083,.2850056689342403,7.606387389772652,8.394347361417392,,1,0,0,0
2023-05-06,2023,5,6,1,0,0,0,0,0,784,1,1574,1224,458,972,127,17,59,306,0,265,.2509529860228716,290,105,54233.73333333333,34.45599322321051,18.45833333333333,5.939622641509434,33,prcp_obs,21.3,tmax_obs,16.8,18.4,0,1,1,0,,,0,,,,,,,7.361375428977349,10.90105838004962,7.109879463072272,7.362010551259734,.2909783989834816,6.126869184114185,6.879355804460439,,1,0,0,0
2023-05-07,2023,5,7,1,0,0,0,0,0,785,1,2819,2166,894,1607,302,16,213,615,0,297,.3767293366442001,308,261,112519.6166666667,39.91472744472035,23.98333333333333,9.491582491582491,0,prcp_obs,21.11111111111111,tmax_gsod_aero,15,18.1,0,0,0,0,,,0,,,,,,,7.944137491114113,11.63088285579624,7.680637427560936,7.944492163932159,.3171337353671515,6.795705775173514,7.382124365737512,,1,0,0,0
2023-05-08,2023,5,1,0,0,0,0,0,0,786,1,8690,6366,2392,5437,830,31,240,1523,0,306,.1174913693901036,311,224,187813.2,21.61256616800921,14.34166666666667,28.39869281045752,0,prcp_obs,21.8,tmax_obs,11.5,16.1,0,0,0,0,,,0,,,,,,,9.069928218259438,12.14320313082618,8.758726607842037,9.070043286437461,.275258918296893,7.779885115070522,8.600982717145921,,1,0,0,0
2023-05-09,2023,5,2,0,0,0,0,0,0,787,1,9237,6765,2625,5699,870,43,336,1676,0,313,.117895420591101,317,205,217957.1333333333,23.59609541337375,14.25,29.5111821086262,0,prcp_gsod_aero,21.8,tmax_obs,9,15.1,0,0,0,0,,,0,,,,,,,9.130972436592611,12.29205368635019,8.819517540604888,9.131080690990551,.2841831763559597,7.872836175025724,8.648045999835,,1,0,0,0
2023-05-10,2023,5,3,0,0,0,0,0,0,788,1,9006,6635,2522,5639,794,51,323,1713,0,313,.1241394625805019,316,195,221342.9833333333,24.57727996150715,14.6,28.77316293929712,0,prcp_gsod_aero,19.22222222222222,tmax_gsod_aero,10.8,15.3,0,0,0,0,,,0,,,,,,,9.105646300861517,12.30746873823763,8.800113946766308,9.105757331783742,.2800355318676438,7.832807516524865,8.637462023807181,,1,0,0,0
2023-05-11,2023,5,4,0,0,0,0,0,0,789,1,8576,6374,2371,5413,761,31,355,1535,0,313,.1147388059701493,316,183,171433.5166666667,19.98991565609453,13.93333333333333,27.39936102236422,0,prcp_gsod_aero,20.5,tmax_obs,8.9,13.1,0,0,0,0,,,0,,,,,,,9.056722883310583,12.05195081250906,8.759982494977281,9.056839480990421,.2764692164179105,7.771067086065406,8.596558746796978,,1,0,0,0
2023-05-12,2023,5,5,0,0,0,0,0,0,790,1,8459,6236,2404,5223,782,50,374,1502,0,315,.1279111006029081,316,219,196304.65,23.20660243527604,14.46666666666667,26.85396825396825,0,prcp_gsod_aero,18,tmax_gsod_aero,8,13.4,0,0,0,0,,,0,,,,,,,9.042986242304014,12.18742306821629,8.738094230177667,9.04310445260027,.2841943492138551,7.784889295655098,8.560827228436299,,1,0,0,0
2023-05-13,2023,5,6,1,0,0,0,0,0,791,1,3333,2499,1025,1926,362,20,293,700,0,310,.3549354935493549,314,312,98477.7,29.54626462646264,23.15,10.75161290322581,0,prcp_gsod_aero,22.61111111111111,tmax_gsod_aero,13,17.5,0,0,0,0,,,0,,,,,,,8.11162807830774,11.49758540558966,7.823645930834952,8.111928063310739,.3075307530753075,6.932447891572509,7.563200592358071,,1,0,0,0
2023-05-14,2023,5,7,1,0,0,0,0,0,792,1,3991,2863,1392,2223,360,16,327,812,0,304,.4074166875469807,312,423,159971,40.08293660736658,25.38333333333333,13.12828947368421,0,prcp_gsod_aero,24,tmax_gsod_aero,14.1,19.3,0,0,0,0,,,0,,,,,,,8.291797105048733,11.9827478277882,7.959625305098115,8.292047637431354,.3487847657228765,7.238496840894365,7.706612913964197,,1,0,0,0
2023-05-15,2023,5,1,0,0,0,0,0,0,793,1,10093,7271,2968,6114,958,53,314,1773,0,313,.1302883186366789,315,245,194743.1833333333,19.29487598665742,14.65,32.24600638977636,0,prcp_gsod_aero,26.9,tmax_obs,13.4,19.2,0,0,0,0,,,0,,,,,,,9.219597393238859,12.17943696098091,8.891649112650057,9.219696466900208,.294065193698603,7.995643604287271,8.71833650245078,,1,0,0,0
2023-05-16,2023,5,2,0,0,0,0,0,0,794,1,9563,6963,2759,5897,846,61,349,1753,0,316,.1203597197532155,317,232,225225.1166666667,23.55172191432256,14.56666666666667,30.2626582278481,0,prcp_gsod_aero,23.22222222222222,tmax_gsod_aero,14.9,19.4,0,0,0,0,,,0,,,,,,,9.165656764349542,12.32485569952003,8.848365694942547,9.165761328578215,.2885077904423298,7.922623574217286,8.682199026000504,,1,0,0,0
2023-05-17,2023,5,3,0,0,0,0,0,0,795,1,9701,7085,2863,5923,868,47,378,1746,0,316,.1176167405422122,316,184,188175.3,19.39751572002886,14.5,30.6993670886076,0,prcp_gsod_aero,25.5,tmax_obs,16.4,19.8,0,0,0,0,,,0,,,,,,,9.179984251961283,12.14512925416212,8.865735152124781,9.180087328805161,.2951242139985569,7.959625305098115,8.686598356276965,,1,0,0,0
2023-05-18,2023,5,4,0,0,0,0,0,0,796,1,10194,7402,2957,6342,858,37,418,1815,0,314,.1246811850107907,317,234,220932.0833333333,21.6727568504349,14.46666666666667,32.46496815286624,0,prcp_gsod_aero,23.7,tmax_obs,15.4,18.8,0,0,0,0,,,0,,,,,,,9.229554590899987,12.3056106180351,8.909505512946101,9.229652683008556,.29007259172062,7.991930519852478,8.754949455098293,,1,0,0,0
2023-05-19,2023,5,5,0,0,0,0,0,0,797,1,4103,3360,1131,2600,356,16,453,768,0,310,.0999268827687058,311,98,72478.38333333333,17.66472906003737,12.93333333333333,13.23548387096774,0,prcp_gsod_aero,22.9,tmax_obs,11,15.2,0,0,0,0,,,0,,,,,,,8.319473692442186,11.19104363546442,8.119696252957249,8.319717386850606,.2756519619790397,7.030857476116121,7.863266724009574,,1,0,0,0
2023-05-20,2023,5,6,1,0,0,0,0,0,798,1,2741,2058,873,1600,256,12,176,506,0,299,.3090113097409705,310,234,74682.66666666667,27.2465037091086,20.66666666666667,9.167224080267559,38.1,prcp_obs,19.8,tmax_obs,10,13.4,0,1,1,0,,,0,,,,,,,7.916078096302786,11.22100330492745,7.629489916393995,7.91644286012226,.318496898941992,6.771935555839602,7.377758908227873,,1,0,0,0
2023-05-21,2023,5,7,1,0,0,0,0,0,799,1,1625,1280,447,1025,143,10,298,611,0,275,.3163076923076923,297,147,95361.5,58.684,21.08333333333333,5.909090909090909,.5,prcp_obs,20,tmax_obs,11.2,15.8,0,0,0,0,,,0,,,,,,,7.393263094763838,11.46543021204124,7.154615356913663,7.393878290107756,.2750769230769231,6.102558594613569,6.932447891572509,,1,0,0,0
2023-05-22,2023,5,1,0,0,0,0,0,0,800,1,7627,5665,2161,4797,639,30,262,1243,0,308,.1178707224334601,316,182,168388.5833333333,22.07795769415673,14.13333333333333,24.76298701298701,1,prcp_obs,20,tmax_gsod_aero,14.7,18.6,0,1,0,0,,,0,,,,,,,8.939449862164238,12.03402958355948,8.642062173462106,8.93958096672031,.2833355185525108,7.678326356506886,8.475746001502063,,1,0,0,0
2023-05-23,2023,5,2,0,0,0,0,0,0,801,1,8090,5974,2336,5059,667,28,274,1297,0,314,.1211372064276885,318,162,244494.0666666667,30.22176349402555,14.41666666666667,25.76433121019108,0,prcp_obs,20.1,tmax_aero,17.4,19.3,0,0,0,0,,,0,,,,,,,8.998384010052538,12.40694632039061,8.695171998776056,8.99850761180784,.2887515451174289,7.756195343948118,8.528924114291936,,1,0,0,0
2023-05-24,2023,5,3,0,0,0,0,0,0,802,1,4914,3857,1340,3114,438,22,304,1083,0,303,.1206756206756207,310,112,113514.8666666667,23.10029846696513,14.225,16.21782178217822,29,prcp_obs,22,tmax_gsod_aero,17.5,20.9,0,1,1,0,,,0,,,,,,,8.499843553081124,11.63968909117324,8.257644958208228,8.500047032581268,.2726902726902727,7.200424892944957,8.043663352393944,,1,0,0,0
2023-05-25,2023,5,4,0,1,0,0,1,0,803,1,1266,1063,362,796,100,8,301,435,0,235,.2764612954186414,255,104,42252.48333333333,33.37478936282254,19.41666666666667,5.387234042553192,1,prcp_obs,21.9,tmax_obs,18.2,19.7,0,1,0,0,,,0,,,,,,,7.143617602704121,10.65141840817833,6.968850378341948,7.144407180321139,.2859399684044234,5.891644211825772,6.679599185844383,,1,0,0,0
2023-05-26,2023,5,5,0,1,0,0,1,0,804,1,2934,2251,973,1672,275,14,122,629,0,277,.3738922972051806,298,413,102553.7,34.95354464894342,23.79166666666667,10.59205776173285,64,prcp_obs,21.1,tmax_obs,16.77777777777778,19,0,1,1,0,,,0,,,,,,,7.984121958702927,11.53814184281066,7.719129840906732,7.984462732262196,.3316291751874574,6.880384082186005,7.421775793644647,,1,0,0,0
2023-05-27,2023,5,6,1,0,0,0,0,1,805,1,2509,1828,865,1442,188,14,166,386,0,282,.4097249900358709,298,386,86333.98333333334,34.40971834728312,25.23333333333333,8.897163120567376,55.9,prcp_obs,20.6,tmax_obs,11,13.4,0,1,1,0,,,0,,,,,,,7.827639546366422,11.36597858094275,7.510977752014095,7.828038032125829,.3447588680749302,6.762729506931879,7.273786317844895,,1,0,0,0
2023-05-28,2023,5,7,1,0,0,0,0,1,806,1,2474,1792,939,1297,229,9,132,353,0,288,.4207760711398545,302,337,92614.96666666666,37.43531393155483,26.71666666666667,8.590277777777779,0,prcp_obs,15.4,tmax_obs,4,9.6,0,0,0,0,,,0,,,,,,,7.813591552952433,11.43620603464386,7.491087593534876,7.813995675002791,.3795472918350849,6.844815479208263,7.167809184316444,,1,0,0,0
2023-05-29,2023,5,1,0,0,0,0,0,0,807,1,7396,5466,2108,4547,695,46,184,1181,0,312,.1151974040021633,317,150,171680.3166666667,23.21259013881377,13.76666666666667,23.7051282051282,0,prcp_gsod_aero,14,tmax_gsod_aero,5.5,10.4,0,0,0,0,,,0,,,,,,,8.908694592507015,12.05338940237976,8.606302366488013,8.908829791587868,.2850189291508924,7.653494909661253,8.42222295382501,,1,0,0,0
2023-05-30,2023,5,2,0,0,0,0,0,0,808,1,7884,5763,2257,4906,687,34,215,1270,0,310,.1111111111111111,314,173,146438.0833333333,18.57408464400474,13.95833333333333,25.43225806451613,0,prcp_gsod_aero,16,tmax_gsod_aero,9.300000000000001,13.4,0,0,0,0,,,0,,,,,,,8.972590668272611,11.89435797873916,8.659213451436667,8.972717499397138,.2862760020294267,7.721791776817535,8.498214224818435,,1,0,0,0
2023-05-31,2023,5,3,0,0,0,0,0,0,809,1,7971,5909,2242,5003,692,34,279,1439,0,312,.1067620122945678,316,156,163800.7666666667,20.54958809016016,14.01666666666667,25.54807692307692,0,prcp_obs,18,tmax_gsod_aero,12.1,16.1,0,0,0,0,,,0,,,,,,,8.983565234427923,12.00640613089483,8.684231891345675,8.983690681332686,.2812696023083678,7.715123603632105,8.517793011488205,,1,0,0,0
2023-06-01,2023,6,4,0,0,0,0,0,0,810,1,8772,6411,2506,5462,766,38,321,1560,0,313,.1203830369357045,316,239,176469.7833333333,20.11739436084512,14.51666666666667,28.02555910543131,0,prcp_gsod_aero,19.5,tmax_gsod_aero,14.1,18.2,0,0,0,0,,,0,,,,,,,9.079320109537779,12.08090494145466,8.765770543987257,9.079434102128383,.2856817145462836,7.826443135456014,8.60557030203365,,1,0,0,0
2023-06-02,2023,6,5,0,0,0,0,0,0,811,1,8773,6371,2503,5403,822,45,378,1569,0,312,.1242448421292602,314,255,167051.35,19.04153083323835,14.61666666666667,28.11858974358975,0,prcp_gsod_aero,21.5,tmax_gsod_aero,13.9,20.2,0,0,0,0,,,0,,,,,,,9.079434102128383,12.026056529165,8.759511722116487,9.079548081726159,.2853071925225122,7.825245291431775,8.594709633844065,,1,0,0,0
2023-06-03,2023,6,6,1,0,0,0,0,0,812,1,3171,2394,966,1868,328,9,282,623,0,300,.3349101229895932,309,284,95603.56666666667,30.1493430043099,21.88333333333333,10.57,0,prcp_gsod_obs,24.2,tmax_obs,15.6,19.7,0,0,0,0,,,0,,,,,,,8.061802274538348,11.46796540657229,7.780720886117918,8.062117582754739,.304635761589404,6.873163834212518,7.532623618788788,,1,0,0,0
2023-06-04,2023,6,7,1,0,0,0,0,0,813,1,3085,2282,1043,1744,278,20,288,618,0,301,.4194489465153971,312,396,122115.7833333333,39.58372231226364,26.08333333333333,10.24916943521595,0,prcp_gsod_obs,23.5,tmax_obs,15,16.7,0,0,0,0,,,0,,,,,,,8.034306936339489,11.71272491737398,7.732807530422021,8.034631032923107,.3380875202593193,6.949856455000773,7.463936604468925,,1,0,0,0
2023-06-05,2023,6,1,0,0,0,0,0,0,814,1,7848,5747,2330,4780,704,34,253,1370,0,311,.1083078491335372,313,159,185652.95,23.65608435270132,13.74166666666667,25.23472668810289,0,prcp_gsod_aero,19.4,tmax_obs,7,12,0,0,0,0,,,0,,,,,,,8.9680140012452,12.13163434959479,8.656433258507741,8.968141414126814,.2968909276248726,7.753623546559746,8.472195825485501,,1,0,0,0
2023-06-06,2023,6,2,0,0,0,0,0,0,815,1,7819,5718,2169,4952,660,38,277,1298,0,310,.1139531909451337,314,173,158679.5333333333,20.29409557914482,13.76666666666667,25.22258064516129,0,prcp_gsod_obs,19,tmax_gsod_aero,9,15.8,0,0,0,0,,,0,,,,,,,8.964311948124514,11.97464193369461,8.651374372882257,8.964439833539357,.2774012021997698,7.682021510826875,8.507546814364432,,1,0,0,0
2023-06-07,2023,6,3,0,0,0,0,0,0,816,1,8293,6149,2380,5152,717,44,302,1366,0,315,.1221512118654287,317,164,228995.7166666667,27.61313356646167,14.31666666666667,26.32698412698413,0,prcp_obs,20.4,tmax_obs,13.9,18.3,0,0,0,0,,,0,,,,,,,9.023167064451204,12.34145857784907,8.724044745953469,9.023287640806327,.2869890268901483,7.77485576666552,8.54714026778419,,1,0,0,0
2023-06-08,2023,6,4,0,0,0,0,0,0,817,1,8682,6485,2465,5469,716,32,381,1547,0,314,.1293480764800737,316,230,173194.0333333333,19.94863318743761,15.05,27.64968152866242,0,prcp_obs,24,tmax_gsod_aero,16.7,20.8,0,0,0,0,,,0,,,,,,,9.069007195859539,12.06216782494047,8.777247096750545,9.069122370060645,.2839207555862705,7.80994708647679,8.606851063346772,,1,0,0,0
2023-06-09,2023,6,5,0,0,0,0,0,0,818,1,6425,4870,1804,4019,578,24,342,1014,0,315,.1243579766536965,316,198,163243.3166666667,25.40752010376135,14.26666666666667,20.3968253968254,0,prcp_obs,26.2,tmax_obs,13.72222222222223,19.8,0,0,0,0,,,0,,,,,,,8.76795190976342,12.00299710704592,8.490849216076635,8.768107539675803,.2807782101167315,7.497761700622569,8.298788394449201,,1,0,0,0
2023-06-10,2023,6,6,1,0,0,0,0,0,819,1,1681,1333,511,1017,148,5,192,374,0,265,.3355145746579417,285,157,59327.96666666667,35.2932579813603,22.11666666666667,6.343396226415094,.3,prcp_obs,20.6,tmax_obs,8.6,10.7,0,0,0,0,,,0,,,,,,,7.427144133408616,10.99083608707711,7.195187320178709,7.427738840532894,.3039857227840571,6.236369590203704,6.92461239604856,,1,0,0,0
2023-06-11,2023,6,7,1,0,0,0,0,0,820,1,1786,1398,616,1007,159,4,131,287,0,278,.410414333706607,297,214,60964.06666666667,34.13441582680105,24.51666666666667,6.424460431654676,0,prcp_obs,12.6,tmax_obs,4.2,8.199999999999999,0,0,0,0,,,0,,,,,,,7.487733761436444,11.01803989854669,7.242797922793756,7.488293515159428,.3449048152295633,6.423246963533519,6.914730892718563,,1,0,0,0
2023-06-12,2023,6,1,0,0,0,0,0,0,821,1,6258,4674,1784,3894,551,29,175,966,0,314,.1075423457973794,315,121,120640,19.27772451262384,13.4,19.92993630573248,0,prcp_gsod_aero,13,tmax_gsod_aero,2,7.3,0,0,0,0,,,0,,,,,,,8.741615924228828,11.70056618324178,8.449770515098804,8.741775706924701,.2850751038670502,7.486613313139955,8.267192185932146,,1,0,0,0
2023-06-13,2023,6,2,0,0,0,0,0,0,822,1,5854,4435,1582,3749,495,28,197,1089,0,308,.125213529210796,313,128,119697.5833333333,20.44714440268762,13.6,19.00649350649351,0,prcp_gsod_aero,14,tmax_gsod_aero,2.5,8,0,0,0,0,,,0,,,,,,,8.674880467251832,11.69272370197996,8.397282894743681,8.675051276031818,.2702425691834643,7.366445148327599,8.229244416735913,,1,0,0,0
2023-06-14,2023,6,3,0,0,0,0,0,0,823,1,7025,5173,1964,4411,617,33,256,1167,0,315,.1188612099644128,317,161,142518.8,20.28737366548043,13.86666666666667,22.3015873015873,0,prcp_gsod_aero,15.4,tmax_obs,2.6,8.1,0,0,0,0,,,0,,,,,,,8.857230494201946,11.86722919981343,8.551208070003515,8.857372832825773,.2795729537366548,7.582738488914411,8.39185670010494,,1,0,0,0
2023-06-15,2023,6,4,0,0,0,0,0,0,824,1,7251,5319,2032,4515,674,30,294,1226,0,306,.1090884015997793,313,163,151307.7166666667,20.86715165724268,13.96666666666667,23.69607843137255,0,prcp_gsod_aero,13.5,tmax_aero,6.6,10.6,0,0,0,0,,,0,,,,,,,8.888894669371593,11.92707090089931,8.579040594742317,8.889032571874742,.2802372086608744,7.616775808698373,8.415160465851086,,1,0,0,0
2023-06-16,2023,6,5,0,0,0,0,0,0,825,1,6978,5148,2077,4259,617,25,290,1121,0,309,.1328460877042132,312,217,167110.9333333333,23.94825642495462,14.4,22.58252427184466,0,prcp_gsod_aero,15.5,tmax_gsod_aero,5.2,11.7,0,0,0,0,,,0,,,,,,,8.85051762174672,12.02641314232535,8.546363568716018,8.850660919017152,.2976497563771854,7.638679823876112,8.356789669923213,,1,0,0,0
2023-06-17,2023,6,6,1,1,0,0,1,1,826,1,2583,1942,825,1467,286,5,220,510,0,291,.3685636856368564,303,303,99719.3,38.60600077429346,23.13333333333333,8.876288659793815,0,prcp_gsod_aero,16,tmax_obs,6.6,9.800000000000001,0,0,0,0,,,0,,,,,,,7.856706793095841,11.51011451795782,7.571473648851271,7.857093864902493,.3193960511033682,6.715383386334681,7.290974778142981,,1,0,0,0
2023-06-18,2023,6,7,1,0,0,0,0,1,827,1,2142,1562,744,1159,231,8,162,385,0,277,.4393090569561158,290,362,77605.2,36.23025210084033,27.14166666666667,7.732851985559567,0,prcp_gsod_aero,14.5,tmax_obs,.9,6.8,0,0,0,0,,,0,,,,,,,7.669495251007694,11.2593897142355,7.353722330399632,7.669961995473577,.3473389355742297,6.612041034833092,7.055312843339752,,1,0,0,0
2023-06-19,2023,6,1,0,1,0,0,1,0,828,1,2984,2148,1069,1659,250,6,156,504,0,300,.4309651474530831,311,458,115978.7,38.86685656836461,26.68333333333333,9.946666666666667,0,prcp_gsod_aero,14,tmax_gsod_aero,2.2,11.3,0,0,0,0,,,0,,,,,,,8.001019961323651,11.6611618325385,7.672292455628756,8.001355025826703,.3582439678284182,6.974478911025045,7.413970290190444,,1,0,0,0
2023-06-20,2023,6,2,0,1,0,0,1,0,829,1,2484,1806,830,1419,227,8,216,464,0,298,.3329307568438003,306,220,86524.41666666667,34.83269592055824,20.4,8.335570469798658,0,prcp_obs,15.6,tmax_obs,8,10.9,0,0,0,0,,,0,,,,,,,7.81762544305337,11.36818192669136,7.498869733976931,7.818027938530729,.3341384863123993,6.721425700790643,7.257707677160043,,1,0,0,0
2023-06-21,2023,6,3,0,0,0,0,0,0,830,1,6412,4727,1691,4123,565,33,205,1042,0,307,.106207111665627,313,128,137170.1,21.39271678103556,13.41666666666667,20.88599348534202,0,prcp_obs,15,tmax_obs,8.800000000000001,13.3,0,0,0,0,,,0,,,,,,,8.765926513729443,11.82897704049457,8.461046030793236,8.766082459148864,.2637242669993762,7.43307534889858,8.324336332706901,,1,0,0,0
2023-06-22,2023,6,4,0,0,0,0,0,0,831,1,7713,5645,2140,4856,685,32,228,1358,0,311,.1190198366394399,317,200,154411.5166666667,20.01964432343662,14.31666666666667,24.80064308681672,0,prcp_obs,15,tmax_gsod_aero,7.6,11.5,0,0,0,0,,,0,,,,,,,8.950662495933999,11.94737650360115,8.638525476583762,8.950792138768174,.2774536496823545,7.668561108015897,8.487970332739334,,1,0,0,0
2023-06-23,2023,6,5,0,0,0,0,0,0,832,1,6859,5118,1933,4234,649,43,321,1154,0,311,.1198425426447004,316,150,162771.45,23.73107595859455,13.75,22.05466237942122,0,prcp_gsod_aero,16.9,tmax_obs,8.5,11.5,0,0,0,0,,,0,,,,,,,8.833316937499321,12.00010234862135,8.540519016719735,8.833462720719931,.2818195072167954,7.566828479208331,8.350902451694811,,1,0,0,0
2023-06-24,2023,6,6,1,0,0,0,0,0,833,1,1931,1480,619,1110,197,5,223,492,0,285,.3133091662351114,298,150,53678.06666666667,27.79806663214224,20.45,6.775438596491228,0,prcp_obs,16,tmax_gsod_aero,9.699999999999999,12.5,0,0,0,0,,,0,,,,,,,7.565793282428515,10.8907597551003,7.299797366758161,7.566311014772463,.3205592957017089,6.428105272684596,7.01211529430638,,1,0,0,0
2023-06-25,2023,6,7,1,0,0,0,0,0,834,1,2808,2112,948,1520,327,13,205,464,0,297,.4298433048433049,309,308,104379.8833333333,37.17232312440646,26.54166666666667,9.454545454545455,0,prcp_obs,16.3,tmax_aero,10.9,14.4,0,0,0,0,,,0,,,,,,,7.940227765145702,11.55579224748585,7.655390644826152,7.940583827104244,.3376068376068376,6.854354502255021,7.326465613840322,,1,0,0,0
2023-06-26,2023,6,1,0,0,0,0,0,0,835,1,8637,6243,2563,5232,780,62,235,1477,0,314,.1267801319902744,314,205,179262.6833333333,20.75520242368106,14.21666666666667,27.50636942675159,0,prcp_obs,18.5,tmax_gsod_aero,11.5,15.8,0,0,0,0,,,0,,,,,,,9.063810579280286,12.09660751374573,8.739216115061744,9.063926353520646,.2967465555169619,7.848933726364071,8.562548893137034,,1,0,0,0
2023-06-27,2023,6,2,0,0,0,0,0,0,836,1,8207,5889,2340,5069,746,52,297,1390,0,312,.1157548434263434,314,187,189880.15,23.13636529791641,14.1,26.30448717948718,0,prcp_obs,20.7,tmax_obs,9.9,13.8,0,0,0,0,,,0,,,,,,,9.012742727629712,12.15414836263756,8.680841482944571,9.012864567410551,.2851224564396247,7.757906208351747,8.53089883847235,,1,0,0,0
2023-06-28,2023,6,3,0,0,0,1,0,0,837,1,8462,6063,2484,5234,699,45,304,1411,0,312,.1192389506026944,314,145,163608.9,19.33454266130939,14.21666666666667,27.12179487179487,0,prcp_obs,17.5,tmax_aero,7.5,12.4,0,0,0,0,,,0,,,,,,,9.043340831280013,12.0052341026491,8.70996000607173,9.043458999670106,.2935476246750177,7.81762544305337,8.562931083090092,,1,0,0,0
2023-06-29,2023,6,4,0,0,0,0,0,0,838,1,7975,5805,2315,4958,655,47,299,1348,0,310,.1043260188087774,314,115,150216.7333333333,18.83595402298851,13.6,25.7258064516129,0,prcp_gsod_aero,17.9,tmax_obs,7.1,10.4,0,0,0,0,,,0,,,,,,,8.984066927653045,11.91983441911974,8.666474894131993,8.984192311641674,.290282131661442,7.747164966520335,8.508757712595136,,1,0,0,0
2023-06-30,2023,6,5,0,0,0,0,0,0,839,1,7701,5543,2238,4781,637,45,291,1244,0,312,.1175172055577198,314,96,157707.2833333333,20.47880578279877,13.85,24.68269230769231,0,prcp_gsod_aero,14,tmax_gsod_aero,6.7,12.1,0,0,0,0,,,0,,,,,,,8.94910546953925,11.9684959566236,8.620291149419805,8.949235314374855,.2906116088819634,7.71333788887187,8.472405008626103,,1,0,0,0
2023-07-01,2023,7,6,1,0,0,0,0,0,840,1,1557,1150,504,899,146,8,152,299,0,289,.3198458574181118,305,17,44138.36666666667,28.34834082637551,20.55,5.387543252595155,0,prcp_gsod_aero,14.1,tmax_aero,8.699999999999999,13.5,0,0,0,0,,,0,,,,,,,7.350516171833998,10.69508467565229,7.047517221357296,7.351158226430694,.3236994219653179,6.222576268071369,6.80128303447162,,1,0,0,0
2023-07-02,2023,7,7,1,0,0,0,0,0,841,1,1361,956,474,754,126,7,104,274,0,287,.3813372520205731,300,25,43949.11666666667,32.2917830026941,23.95,4.742160278745645,0,prcp_gsod_aero,17.22222222222222,tmax_gsod_aero,9.4,15.1,0,0,0,0,,,0,,,,,,,7.215975002651466,10.69078780431445,6.862757913051401,7.216709486709457,.3482733284349743,6.161207321695077,6.625392368007956,,1,0,0,0
2023-07-03,2023,7,1,0,0,0,0,0,0,842,1,8319,5902,2503,5027,751,38,207,1403,0,314,.1162399326842169,316,148,152168.5833333333,18.29169170974075,13.88333333333333,26.49363057324841,0,prcp_gsod_aero,18,tmax_gsod_aero,13,16.8,0,0,0,0,,,0,,,,,,,9.026297334283887,11.93274428610762,8.683046555502886,9.026417533815254,.3008775093160236,7.825245291431775,8.522578663692576,,1,0,0,0
2023-07-04,2023,7,2,0,0,0,0,0,0,843,1,6990,5184,1972,4321,655,42,304,833,0,313,.113447782546495,315,154,250874.9166666667,35.89054601812112,13.91666666666667,22.33226837060703,0,prcp_obs,21,tmax_gsod_aero,15,20,0,0,0,0,,,0,,,,,,,8.852235835227855,12.43270975392785,8.553332238032111,8.852378886511986,.2821173104434907,7.586803535162581,8.371242135931933,,1,0,0,0
2023-07-05,2023,7,3,0,0,0,0,0,0,844,1,8413,6090,2318,5295,761,39,201,1276,0,313,.1170807084274337,316,160,159817.2166666667,18.99645984389239,14.8,26.87859424920128,11.9,prcp_obs,25,tmax_obs,14.4,17.7,0,1,1,0,,,0,,,,,,,9.037533407550814,11.98178604535112,8.714403360703942,9.037652264150466,.2755259717104481,7.748460023899697,8.574518258035507,,1,0,0,0
2023-07-06,2023,7,4,0,0,0,0,0,0,845,1,8050,5985,2221,5062,723,44,310,1515,0,315,.133167701863354,315,208,163737.85,20.34010559006211,14.75833333333333,25.55555555555556,0,prcp_obs,20.4,tmax_obs,13,15.5,0,0,0,0,,,0,,,,,,,8.99342737041261,12.00602195227137,8.697011617992073,8.993551586299981,.2759006211180125,7.705712823894428,8.529516941105069,,1,0,0,0
2023-07-07,2023,7,5,0,0,0,0,0,0,846,1,12972,9007,3996,7724,1203,49,743,1766,0,315,.1803885291396855,315,730,352777,27.19526672833796,17.03333333333334,41.18095238095238,0,prcp_obs,19.7,tmax_obs,8.699999999999999,12.1,0,0,0,0,,,0,,,,,,,9.470548467427209,12.77359140824587,9.105757331783742,9.470625553571013,.3080481036077706,8.293049139768444,8.952087643548405,,1,0,0,0
2023-07-08,2023,7,6,1,0,0,0,0,1,847,1,2248,1685,674,1346,219,9,271,500,0,289,.3291814946619217,304,223,66601.51666666666,29.62700919335706,21.05833333333333,7.778546712802768,0,prcp_gsod_obs,15.7,tmax_obs,9.800000000000001,12.6,0,0,0,0,,,0,,,,,,,7.717796211013582,11.10648262904196,7.429520842786462,7.718240951959316,.2998220640569395,6.513230110912307,7.204892510204673,,1,0,0,0
2023-07-09,2023,7,7,1,1,0,0,1,0,848,1,1820,1352,600,1058,158,4,224,441,0,280,.3637362637362637,295,201,63121.75,34.68228021978022,22.76666666666667,6.5,0,prcp_obs,15.22222222222222,tmax_gsod_aero,11.6,14.5,0,0,0,0,,,0,,,,,,,7.506591780070841,11.05282068010374,7.20934025660291,7.507141079727608,.3296703296703297,6.396929655216146,6.964135612418245,,1,0,0,0
2023-07-10,2023,7,1,0,0,0,0,0,0,849,1,7873,5632,2287,4796,747,43,218,1246,0,312,.1267623523434523,315,230,150711.4666666667,19.14282569118083,14.58333333333333,25.23397435897436,.5,prcp_obs,15.8,tmax_aero,11.72222222222222,13.8,0,0,0,0,,,0,,,,,,,8.971194463184467,11.9231224710807,8.636219897837878,8.971321471503682,.2904864727549854,7.734996194022781,8.475537516147405,,1,0,0,0
2023-07-11,2023,7,2,0,0,0,0,0,0,850,1,4145,3178,1106,2677,334,28,276,491,0,304,.1001206272617612,313,102,72088.5,17.39167671893848,12.61666666666667,13.63486842105263,.3,prcp_obs,17.7,tmax_obs,10,11.8,0,0,0,0,,,0,,,,,,,8.329658067569396,11.18564980985797,8.064007347096661,8.329899292995725,.2668275030156815,7.00850518208228,7.892452043520352,,1,0,0,0
2023-07-12,2023,7,3,0,0,0,0,0,0,851,1,1193,957,294,809,84,6,129,331,0,261,.0947191953059514,283,18,37623.23333333333,31.536658284437,11.26666666666667,4.57088122605364,15,prcp_obs,13.2,tmax_obs,9.000000000000002,9.9,0,1,1,0,,,0,,,,,,,7.084226422097916,10.53537704635298,6.863803391452954,7.085064293952548,.2464375523889354,5.683579767338681,6.695798917058491,,1,0,0,0
2023-07-13,2023,7,4,0,0,0,0,0,0,852,1,5518,4215,1481,3503,498,36,139,896,0,308,.1399057629575933,315,177,113921.7,20.64546937296122,14.75,17.91558441558442,24.9,prcp_obs,11.3,tmax_aero,6.3,9.199999999999999,0,1,1,0,,,0,,,,,,,8.615770754777232,11.64326664928727,8.346404870435956,8.615951963439501,.2683943457774556,7.300472814267799,8.161375023197486,,1,0,0,0
2023-07-14,2023,7,5,0,0,0,0,0,0,853,1,5817,4244,1664,3651,470,32,273,952,0,315,.1351211964930376,318,174,114546.6166666667,19.69169961606785,14.31666666666667,18.46666666666667,.3,prcp_obs,12.2,tmax_obs,2.5,6.9,0,0,0,0,,,0,,,,,,,8.668539943910762,11.64873715158047,8.353261499733874,8.668711839055147,.2860581055526904,7.416979621381154,8.202756381655638,,1,0,0,0
2023-07-15,2023,7,6,1,0,0,0,0,0,854,1,2116,1562,661,1224,224,7,175,483,0,300,.3275047258979206,310,207,73541.23333333334,34.75483616887209,20.825,7.053333333333334,0,prcp_obs,13.61111111111111,tmax_gsod_aero,3.7,10.7,0,0,0,0,,,0,,,,,,,7.65728279297819,11.20560152563295,7.353722330399632,7.657755271134866,.3123818525519849,6.493753839851686,7.109879463072272,,1,0,0,0
2023-07-16,2023,7,7,1,0,0,0,0,0,855,1,2241,1629,768,1238,224,11,184,396,0,295,.4448906738063365,309,261,82506.36666666667,36.81676334969507,26.66666666666667,7.596610169491526,0,prcp_gsod_aero,14,tmax_obs,4.3,8.800000000000001,0,0,0,0,,,0,,,,,,,7.714677473800927,11.32063074106236,7.395721608602045,7.715123603632105,.3427041499330656,6.643789733147672,7.121252453244542,,1,0,0,0
2023-07-17,2023,7,1,0,0,0,0,0,0,856,1,5711,4120,1687,3478,515,31,188,904,0,322,.155489406408685,326,219,135891.9666666667,23.79477616296037,14.51666666666667,17.7360248447205,0,prcp_gsod_aero,13.2,tmax_obs,2.8,7.2,0,0,0,0,,,0,,,,,,,8.650149418664864,11.81961548629982,8.323608442343572,8.650324504019419,.2953948520399229,7.430707082545968,8.154212694914229,,1,0,0,0
2023-07-18,2023,7,2,0,0,0,0,0,0,857,1,6046,4382,1743,3727,552,24,192,944,0,320,.1470393648693351,326,277,124596.2333333333,20.60804388576469,14.525,18.89375,0,prcp_gsod_aero,11.1,tmax_aero,.7,5.9,0,0,0,0,,,0,,,,,,,8.707152175339404,11.732833654809,8.385260520155413,8.707317560273213,.2882897783658617,7.463363045520021,8.223358899479258,,1,0,0,0
2023-07-19,2023,7,3,0,0,0,1,0,0,858,1,6042,4319,1714,3808,484,36,223,989,0,327,.145316120489904,327,217,119087.5166666667,19.70994979587333,14.9,18.47706422018349,0,prcp_gsod_aero,12,tmax_gsod_aero,2.7,9.4,0,0,0,0,,,0,,,,,,,8.706490361946617,11.68761393596814,8.370779172960701,8.706655856361559,.2836809003641179,7.446585099157725,8.244859395911256,,1,0,0,0
2023-07-20,2023,7,4,0,0,0,0,0,0,859,1,6610,4730,1872,4145,566,27,310,1210,0,328,.1493192133131619,332,313,144435.0833333333,21.85099596570852,14.95,20.15243902439024,0,prcp_gsod_aero,15,tmax_gsod_aero,8.9,12.1,0,0,0,0,,,0,,,,,,,8.796338932845732,11.88058543530313,8.461680481485979,8.796490207333578,.2832072617246596,7.534762657037537,8.329658067569396,,1,0,0,0
2023-07-21,2023,7,5,0,0,0,0,0,0,860,1,7100,5123,2143,4291,637,29,505,1546,0,330,.1677464788732394,333,398,185529.5,26.13091549295775,15.725,21.51515151515152,0,prcp_gsod_aero,21,tmax_gsod_aero,10.2,17.9,0,0,0,0,,,0,,,,,,,8.867850063029406,12.13096917803535,8.541495483939203,8.867990898182093,.301830985915493,7.669961995473577,8.364275084991524,,1,0,0,0
2023-07-22,2023,7,6,1,0,0,0,0,0,861,1,3167,2277,1075,1752,328,12,327,577,0,308,.4287969687401326,318,460,112701.7166666667,35.58626986632986,26.11666666666667,10.28246753246753,0,prcp_gsod_obs,26,tmax_gsod_aero,15.9,24,0,0,0,0,,,0,,,,,,,8.060540046538639,11.63249993209169,7.73061406606374,8.060855752934316,.3394379538995895,6.980075940561763,7.468513271496337,,1,0,0,0
2023-07-23,2023,7,7,1,0,0,0,0,0,862,1,2917,2081,1038,1567,309,3,191,449,0,320,.4617757970517655,326,413,117671.35,40.33985258827563,28.21666666666667,9.115625,0,prcp_obs,27.9,tmax_obs,9.6,13.8,0,0,0,0,,,0,,,,,,,7.978310969867722,11.67565084815498,7.640603826393634,7.978653729082731,.3558450462804251,6.945051063725834,7.356918242356021,,1,0,0,0
2023-07-24,2023,7,1,0,0,0,0,0,0,863,1,5682,4041,1571,3577,503,31,236,1099,0,325,.1281239000351989,328,187,126843.8166666667,22.32379737181744,14.28333333333333,17.48307692307692,0,prcp_gsod_aero,18,tmax_obs,9.4,10.9,0,0,0,0,,,0,,,,,,,8.645058562414134,11.75071181860218,8.304247465078474,8.645234541297121,.2764871524111229,7.359467638255621,8.182279739259018,,1,0,0,0
2023-07-25,2023,7,2,0,0,0,0,0,0,864,1,6246,4486,1716,3968,525,37,265,896,0,326,.1349663784822286,328,251,122677.3833333333,19.64095154232042,14.36666666666667,19.15950920245399,0,prcp_obs,14,tmax_gsod_aero,9.5,11.9,0,0,0,0,,,0,,,,,,,8.739696537843024,11.71731328879737,8.408716715080153,8.73985662749357,.2747358309317964,7.447751280047908,8.286017468404763,,1,0,0,0
2023-07-26,2023,7,3,0,0,0,0,0,0,865,1,6143,4553,1760,3836,516,31,98,1148,0,328,.1543219925118021,330,234,128129.3333333333,20.85777850127516,15.28333333333333,18.72865853658537,10.9,prcp_obs,16,tmax_gsod_aero,11,13.3,0,1,1,0,,,0,,,,,,,8.723068501163928,11.7607954494411,8.423541635334782,8.723231274827509,.286504965000814,7.473069088032197,8.252185436003328,,1,0,0,0
2023-07-27,2023,7,4,0,0,0,0,0,0,866,1,6557,4625,1908,4078,530,41,278,1150,0,328,.1503736464846729,331,227,132369.35,20.18748665548269,14.78333333333333,19.99085365853659,.3,prcp_obs,16.5,tmax_obs,6.8,10.1,0,0,0,0,,,0,,,,,,,8.788288460263619,11.79335140021756,8.439231649946526,8.788440957404594,.2909867317370749,7.553810852008231,8.3133619511344,,1,0,0,0
2023-07-28,2023,7,5,0,0,0,0,0,0,867,1,6792,4857,1920,4212,629,31,378,1293,0,328,.1684334511189635,331,293,172580.35,25.40935659599529,15.73333333333333,20.70731707317073,0,prcp_obs,13,tmax_gsod_aero,6.8,10.8,0,0,0,0,,,0,,,,,,,8.823500727991183,12.05861820410521,8.488176242345745,8.823647949191303,.2826855123674912,7.560080465021827,8.345692873253865,,1,0,0,0
2023-07-29,2023,7,6,1,0,0,0,0,0,868,1,2757,2006,891,1575,284,7,288,601,0,311,.3953572723975335,323,303,90598.10000000001,32.86111715632934,24.63333333333333,8.864951768488746,0,prcp_gsod_aero,17,tmax_gsod_aero,8.6,13.1,0,0,0,0,,,0,,,,,,,7.921898411023797,11.41418852050874,7.603897968521881,7.922261058353247,.323177366702938,6.792344427470809,7.362010551259734,,1,0,0,0
2023-07-30,2023,7,7,1,0,0,0,0,0,869,1,3028,2202,1134,1562,320,12,202,538,0,309,.4940554821664465,322,441,141890.3166666667,46.85941765741963,29.775,9.799352750809062,0,prcp_gsod_aero,18,tmax_gsod_aero,10.5,15.2,0,0,0,0,,,0,,,,,,,8.015657614557339,11.86280962027466,7.697121317282625,8.015987811027237,.3745046235138705,7.033506484287697,7.353722330399632,,1,0,0,0
2023-07-31,2023,7,1,0,0,0,0,0,0,870,1,8105,5585,2368,4963,735,39,290,1514,0,327,.1517581739666872,331,255,188946.1166666667,23.31229076701624,14.96666666666667,24.78593272171254,0,prcp_gsod_aero,21.3,tmax_obs,10.3,15.7,0,0,0,0,,,0,,,,,,,9.000236434169777,12.14921715639214,8.627839711503301,9.000359807188254,.2921653300431832,7.769800996003896,8.50976567558744,,1,0,0,0
2023-08-01,2023,8,2,0,0,0,0,0,0,871,1,8147,5531,2336,5016,752,43,309,1503,0,327,.1436111452068246,331,64,194354.05,23.8559040137474,14.98333333333333,24.91437308868501,0,prcp_gsod_aero,24,tmax_gsod_aero,11.7,21.2,0,0,0,0,,,0,,,,,,,9.005405040310642,12.17743677475633,8.618123909994678,9.005527777346696,.2867313121394378,7.756195343948118,8.520388082312756,,1,0,0,0
2023-08-02,2023,8,3,0,0,0,0,0,0,872,1,8792,6080,2600,5361,793,38,325,1421,0,329,.1347816196542311,331,218,217089.9666666667,24.69176144980285,14.73333333333333,26.72340425531915,0,prcp_gsod_aero,30.2,tmax_obs,16.8,22.8,0,0,0,0,,,0,,,,,,,9.081597496083457,12.28806713953664,8.712759974960212,9.081711229379001,.2957233848953594,7.863266724009574,8.586905803827538,,1,0,0,0
2023-08-03,2023,8,4,0,0,0,0,0,0,873,1,7426,5291,2092,4684,604,46,333,1277,0,329,.1339886883921357,331,196,160308.5333333333,21.58746745668373,14.31666666666667,22.57142857142857,0,prcp_gsod_aero,17,tmax_gsod_aero,9,12.1,0,0,0,0,,,0,,,,,,,8.912742634737025,11.98485557070127,8.573762542904131,8.912877287669296,.2817129006194452,7.645875825184813,8.451907724717607,,1,0,0,0
2023-08-04,2023,8,5,0,0,0,0,0,0,874,1,8241,5819,2395,5100,710,36,372,1337,0,328,.1418517170246329,330,246,175162.4333333333,21.25499737086923,14.9,25.125,0,prcp_gsod_aero,18.5,tmax_gsod_aero,7,12.4,0,0,0,0,,,0,,,,,,,9.016876974763383,12.07346901287943,8.66888370465667,9.016998311898762,.2906200703798083,7.781138509845015,8.536995818712418,,1,0,0,0
2023-08-05,2023,8,6,1,0,0,0,0,0,875,1,3194,2295,1059,1849,279,7,234,574,0,315,.3919849718221666,323,339,123776.5833333333,38.75284387393028,24,10.13968253968254,0,prcp_gsod_aero,19.2,tmax_obs,6.4,11.7,0,0,0,0,,,0,,,,,,,8.069029328774958,11.72623347217635,7.738488122494646,8.069342366811636,.3315591734502192,6.965080345601407,7.522400231387125,,1,0,0,0
2023-08-06,2023,8,7,1,0,0,0,0,0,876,1,2814,2035,957,1599,247,11,277,634,0,317,.4065387348969439,328,347,96231.39999999999,34.19737029140014,25.13333333333333,8.876971608832807,0,prcp_obs,20.22222222222223,tmax_gsod_aero,12.4,16.8,0,0,0,0,,,0,,,,,,,7.942362237674335,11.47451098672222,7.618251097876695,7.942717540573791,.3400852878464819,6.863803391452954,7.377133712833954,,1,0,0,0
2023-08-07,2023,8,1,0,0,0,0,0,0,877,1,7663,5413,2228,4719,678,38,233,1170,0,326,.1308886858932533,332,216,174700.4166666667,22.79791421984428,14.03333333333333,23.50613496932515,0,prcp_obs,21,tmax_obs,7.6,11.1,0,0,0,0,,,0,,,,,,,8.944158830970403,12.07082788116033,8.596558746796978,8.944289319650697,.2907477489233982,7.708859601047175,8.459352191726387,,1,0,0,0
2023-08-08,2023,8,2,0,0,0,0,0,0,878,1,8210,5785,2461,5028,675,46,203,1218,0,327,.1264311814859927,330,222,175931.6666666667,21.42894843686561,14.16666666666667,25.10703363914373,0,prcp_gsod_aero,13.5,tmax_gsod_aero,7.7,10.6,0,0,0,0,,,0,,,,,,,9.013108202446475,12.07785094105304,8.663023639627777,9.013229997708789,.2997563946406821,7.808323050391056,8.522777569710138,,1,0,0,0
2023-08-09,2023,8,3,0,0,0,0,0,0,879,1,9110,6274,2679,5562,823,46,281,1457,0,329,.124807903402854,331,238,197024.95,21.62732711306257,14.26666666666667,27.68996960486322,0,prcp_gsod_aero,15,tmax_gsod_aero,9,13.6,0,0,0,0,,,0,,,,,,,9.117127990254003,12.19108564944692,8.744169388750624,9.117237753713859,.2940724478594951,7.893198869544609,8.62371303479391,,1,0,0,0
2023-08-10,2023,8,4,0,0,0,0,0,0,880,1,8954,6247,2567,5564,781,42,370,1549,0,330,.1247487156578066,331,234,193233.5833333333,21.58069950115405,14.18333333333333,27.13333333333333,0,prcp_gsod_aero,18.4,tmax_obs,11.9,15.6,0,0,0,0,,,0,,,,,,,9.099855638800911,12.17165501243152,8.73985662749357,9.099967314494812,.2866875139602412,7.850493180871141,8.624072553043334,,1,0,0,0
2023-08-11,2023,8,5,0,0,0,0,0,0,881,1,8474,6009,2463,5246,712,53,384,1339,0,330,.1375973566202502,332,279,193143.25,22.7924533868303,14.51666666666667,25.67878787878788,0,prcp_gsod_aero,18.4,tmax_obs,10.5,14.6,0,0,0,0,,,0,,,,,,,9.044757931186505,12.17118742055133,8.701013624333928,9.044875932248651,.290653764455983,7.809135398120538,8.56522116042682,,1,0,0,0
2023-08-12,2023,8,6,1,0,0,0,0,0,882,1,2559,1861,854,1450,250,5,216,484,0,318,.3423212192262602,324,218,104122.1666666667,40.68861534453563,21.8,8.047169811320755,0,prcp_gsod_aero,17.7,tmax_obs,5.2,9.800000000000001,0,0,0,0,,,0,,,,,,,7.847371836159788,11.55332016821457,7.528869256642251,7.847762537473608,.3337241109808519,6.74993119378857,7.27931883541462,,1,0,0,0
2023-08-13,2023,8,7,1,0,0,0,0,0,883,1,4039,2902,1490,2128,396,25,166,479,0,325,.3119584055459272,330,467,136750.0666666667,33.85740694891475,21.3,12.42769230769231,0,prcp_gsod_aero,16,tmax_gsod_aero,2.9,9.6,0,0,0,0,,,0,,,,,,,8.303752415563412,11.82591020779173,7.973155433444133,8.303999970955196,.3689031938598663,7.306531398939505,7.662937850461535,,1,0,0,0
2023-08-14,2023,8,1,0,0,0,0,0,0,884,1,9141,6391,2665,5665,772,39,267,1538,0,329,.1349961710972541,330,272,177921.3333333333,19.46409947853991,14.71666666666667,27.78419452887538,0,prcp_gsod_aero,24.61111111111111,tmax_gsod_aero,8.6,16.4,0,0,0,0,,,0,,,,,,,9.120525067653819,12.08909678402107,8.762646029650282,9.12063445889169,.2915435947926923,7.887959336599945,8.642062173462106,,1,0,0,0
2023-08-15,2023,8,2,0,0,0,0,0,0,885,1,10007,6918,3061,6028,877,41,299,1728,0,329,.1430998301189168,332,311,223123.6666666667,22.29675893541188,14.91666666666667,30.41641337386018,0,prcp_gsod_aero,25.3,tmax_obs,11.8,19.2,0,0,0,0,,,0,,,,,,,9.211040127090456,12.31548145577456,8.841881989497114,9.211140052146748,.3058858798840812,8.026496938945412,8.704170559746386,,1,0,0,0
2023-08-16,2023,8,3,0,0,0,0,0,0,886,1,9126,6434,2625,5680,768,53,363,1577,0,329,.118781503396888,331,204,173191.6,18.97782160859084,13.91666666666667,27.73860182370821,0,prcp_obs,24,tmax_gsod_aero,15.5,21.3,0,0,0,0,,,0,,,,,,,9.118882761487347,12.0621537750891,8.769351707798972,9.118992332516877,.2876397107166338,7.872836175025724,8.644706511715198,,1,0,0,0
2023-08-17,2023,8,4,0,0,0,0,0,0,887,1,3459,2732,889,2313,237,20,164,973,0,322,.0974270020237063,329,53,59431.35,17.1816565481353,12.61666666666667,10.74223602484472,15,prcp_obs,28.5,tmax_obs,14.5,16,0,1,1,0,,,0,,,,,,,8.148734808937169,10.99257714390281,7.912789220690681,8.149023868051771,.2570106967331599,6.790097235513905,7.746300662231439,,1,0,0,0
2023-08-18,2023,8,5,0,0,0,0,0,0,888,1,6789,4986,1907,4277,575,30,290,1281,0,325,.1315363087347179,330,203,138808.0166666667,20.44601806844405,14.23333333333333,20.88923076923077,62,prcp_obs,17,tmax_gsod_aero,12,14.4,0,1,1,0,,,0,,,,,,,8.823058934301647,11.84084708235143,8.514389264083503,8.823206220552741,.2808955663573428,7.553286605600419,8.361007108226909,,1,0,0,0
2023-08-19,2023,8,6,1,0,0,0,0,1,889,1,2282,1668,695,1375,207,5,253,518,0,310,.3575810692375109,321,254,68515.89999999999,30.02449605609115,22.55,7.361290322580645,.3,prcp_obs,17.1,tmax_obs,6.5,10.7,0,0,0,0,,,0,,,,,,,7.732807530422021,11.13482111410371,7.419380582918692,7.733245646529795,.3045574057843997,6.543911845564792,7.226209010100671,,1,0,0,0
2023-08-20,2023,8,7,1,0,0,0,0,1,890,1,2546,1824,902,1400,234,10,242,525,0,309,.4245875883739199,322,391,139807.6,54.91264728986646,25.88333333333333,8.239482200647249,0,prcp_obs,14.3,tmax_obs,6.6,9.9,0,0,0,0,,,0,,,,,,,7.842278779117352,11.84802247068046,7.508787170634276,7.842671474979457,.3542812254516889,6.804614520062624,7.24422751560335,,1,0,0,0
2023-08-21,2023,8,1,0,1,0,0,1,0,891,1,3378,2408,1191,1899,278,10,253,695,0,324,.4188869153345174,329,431,131405.6833333333,38.90043911584765,26,10.42592592592593,0,prcp_obs,17,tmax_gsod_aero,7.6,11.7,0,0,0,0,,,0,,,,,,,8.125039097367745,11.78604463625357,7.786551806428712,8.125335086714291,.3525754884547069,7.0825485693553,7.549082710812286,,1,0,0,0
2023-08-22,2023,8,2,0,0,0,0,0,0,892,1,8772,6127,2620,5342,775,35,258,1569,0,330,.1256269949840401,330,249,164963.1833333333,18.80565245478037,14.03333333333333,26.58181818181818,17,prcp_obs,18,tmax_gsod_aero,11.3,15.5,0,1,1,0,,,0,,,,,,,9.079320109537779,12.01347759667209,8.720460512725655,9.079434102128383,.2986776105791154,7.870929596755143,8.583355393669907,,1,0,0,0
2023-08-23,2023,8,3,0,0,0,0,0,0,893,1,8620,6015,2526,5328,722,44,279,1452,0,330,.1193735498839907,331,173,171465.3666666667,19.89157385924208,13.93333333333333,26.12121212121212,0,prcp_obs,18.9,tmax_obs,9.5,12.3,0,0,0,0,,,0,,,,,,,9.061840363657739,12.05213658156017,8.70201162840878,9.061956366209925,.2930394431554524,7.834392302910437,8.580731212220226,,1,0,0,0
2023-08-24,2023,8,4,0,0,0,0,0,0,894,1,9164,6398,2541,5756,818,49,378,1548,0,329,.1206896551724138,331,225,168940.75,18.43526298559581,13.95,27.85410334346505,0,prcp_gsod_aero,16,tmax_gsod_aero,10.2,13.1,0,0,0,0,,,0,,,,,,,9.123038043573386,12.03730334071759,8.763740720509464,9.123147160273806,.2772806634657355,7.840312983320164,8.657998068007258,,1,0,0,0
2023-08-25,2023,8,5,0,0,0,0,0,0,895,1,8671,6036,2439,5429,765,38,419,1516,0,329,.1219005881674547,329,75,164423.95,18.96251297428209,14.18333333333333,26.35562310030395,0,prcp_gsod_aero,16.22222222222223,tmax_gsod_aero,7.9,12.3,0,0,0,0,,,0,,,,,,,9.067739403377161,12.01020343225894,8.70549681988774,9.067854723679428,.2812824357052243,7.79934339821592,8.599510233905452,,1,0,0,0
2023-08-26,2023,8,6,1,0,0,0,0,0,896,1,2793,2043,880,1595,307,11,231,559,0,318,.3623344074471894,327,46,85293.5,30.53831006086645,22.7,8.783018867924529,0,prcp_gsod_aero,16.4,tmax_obs,4,10.6,0,0,0,0,,,0,,,,,,,7.934871565945177,11.35385352893501,7.622174594817622,7.935229539816907,.3150733977801647,6.779921907472252,7.374629015218945,,1,0,0,0
2023-08-27,2023,8,7,1,0,0,0,0,0,897,1,3004,2235,1037,1662,286,19,279,576,0,321,.4011318242343542,328,59,96429.95,32.10051597869507,24.45833333333333,9.358255451713395,0,prcp_gsod_aero,16.5,tmax_obs,4.7,9.9,0,0,0,0,,,0,,,,,,,8.007700012884026,11.47657211699346,7.711996507047669,8.008032846969307,.3452063914780293,6.944087208229528,7.415776975415394,,1,0,0,0
2023-08-28,2023,8,1,0,0,0,0,0,0,898,1,8153,5805,2357,5078,675,43,258,1355,0,328,.1144364037777505,332,41,166686.8,20.44484238930455,13.73333333333333,24.85670731707317,0,prcp_gsod_aero,14.7,tmax_obs,7.9,11.4,0,0,0,0,,,0,,,,,,,9.006141236662911,12.02387188144049,8.666474894131993,9.006263883379198,.2890960382681222,7.765144902936132,8.532672762264625,,1,0,0,0
2023-08-29,2023,8,2,0,0,0,0,0,0,899,1,9066,6330,2622,5633,765,46,236,1405,0,330,.1119567615265828,331,39,162620.9833333333,17.93745679829399,13.9,27.47272727272727,0,prcp_gsod_aero,15,tmax_gsod_aero,9.800000000000001,13.9,0,0,0,0,,,0,,,,,,,9.112286431500795,11.99917751656026,8.753055515138222,9.112396727646056,.2892124420913302,7.871692664323645,8.636397438894713,,1,0,0,0
2023-08-30,2023,8,3,0,0,0,0,0,0,900,1,9745,6842,2865,5988,843,49,316,1536,0,330,.1231400718317086,331,202,177633.65,18.22818368394048,14.23333333333333,29.53030303030303,0,prcp_gsod_aero,19.38888888888889,tmax_gsod_aero,10.8,15.8,0,0,0,0,,,0,,,,,,,9.184509611941662,12.08747856231362,8.830835365537549,9.184612223403452,.2939969214982042,7.96032362914884,8.69751274553952,,1,0,0,0
2023-08-31,2023,8,4,0,0,0,0,0,0,901,1,9522,6667,2686,5955,843,38,404,1647,0,330,.1223482461667717,330,267,198234.5333333333,20.81858153049079,14.01666666666667,28.85454545454546,0,prcp_gsod_aero,23.1,tmax_obs,8.1,14.5,0,0,0,0,,,0,,,,,,,9.161360189754465,12.19720612048059,8.80492526261806,9.161465204194046,.2820835958832178,7.895808377083183,8.691986481789401,,1,0,0,0
2023-09-01,2023,9,5,0,0,0,0,0,0,902,1,9526,6640,2758,5898,832,38,347,1593,0,331,.1339491916859122,331,287,194665.5833333333,20.43518615718385,14.58333333333333,28.77945619335348,0,prcp_gsod_aero,18.1,tmax_aero,11.8,16.7,0,0,0,0,,,0,,,,,,,9.161780181360806,12.17903840805828,8.80086724247048,9.161885151706779,.2895234096157884,7.922261058353247,8.682368589375221,,1,0,0,0
2023-09-02,2023,9,6,1,0,0,0,0,0,903,1,1898,1417,513,1192,186,7,227,418,0,312,.2839831401475237,328,133,50369.68333333333,26.53829469617141,19.09166666666667,6.083333333333333,.8,prcp_obs,22.6,tmax_obs,11,15.7,0,0,0,0,,,0,,,,,,,7.548555979169874,10.827144751909,7.256297239690681,7.549082710812286,.2702845100105374,6.240275845170769,7.083387847625295,,1,0,0,0
2023-09-03,2023,9,7,1,0,0,0,0,0,904,1,448,373,112,298,34,4,63,196,0,205,.2321428571428572,259,19,12184.41666666667,27.19735863095238,16.44166666666667,2.185365853658537,20.1,prcp_obs,15.8,tmax_obs,7.9,10,0,1,1,0,,,0,,,,,,,6.104793232414985,9.407913091845375,5.921578419643816,6.107022887742255,.25,4.718498871295094,5.697093486505405,,1,0,0,1
2023-09-04,2023,9,1,0,0,0,0,0,0,905,1,7874,5539,2142,5035,653,44,208,1298,0,333,.1065532131064262,335,150,137812.5666666667,17.50223097112861,13.225,23.64564564564565,15,prcp_obs,13,tmax_gsod_aero,8.6,10.9,0,1,1,0,,,0,,,,,,,8.971321471503682,11.83364982837224,8.619569258033105,8.971448463693834,.2720345440690881,7.669495251007694,8.524168805152662,,1,0,0,0
2023-09-05,2023,9,2,0,0,0,0,0,0,906,1,8273,5857,2373,5168,699,33,233,1327,0,336,.1091502477940288,337,163,143804.9333333333,17.38244087191265,13.28333333333333,24.62202380952381,0,prcp_obs,13,tmax_obs,5.6,9.300000000000001,0,0,0,0,,,0,,,,,,,9.020752479190183,11.87621303058836,8.675392806089782,9.020873347021357,.2868366976912849,7.771910256435763,8.550241045462437,,1,0,0,0
2023-09-06,2023,9,3,0,0,0,0,0,0,907,1,7773,5497,2135,4981,624,33,258,1358,0,339,.1079377331789528,340,148,142534.2,18.33708992666924,13.36666666666667,22.92920353982301,0,prcp_gsod_aero,13,tmax_obs,7,10.5,0,0,0,0,,,0,,,,,,,8.958411469230219,11.86733724989545,8.611957767860661,8.958540111412168,.274668725073974,7.666221925662725,8.513385953073284,,1,0,0,0
2023-09-07,2023,9,4,0,0,0,0,0,0,908,1,4660,3582,1187,3130,322,21,303,1191,0,334,.0987124463519313,339,73,120803.8333333333,25.92356938483548,12.38333333333333,13.95209580838323,0,prcp_obs,16,tmax_gsod_aero,9.4,14.3,0,0,0,0,,,0,,,,,,,8.446770727119692,11.70192329687121,8.183676582620658,8.446985296372741,.2547210300429185,7.079184394609668,8.048788283534199,,1,0,0,0
2023-09-08,2023,9,5,0,0,0,0,0,0,909,1,8866,6253,2469,5590,774,33,360,1560,0,338,.1381682833295737,342,304,185627.8666666667,20.93704789833822,14.35,26.23076923076923,6.1,prcp_obs,19,tmax_gsod_aero,7.1,13.6,0,1,0,0,,,0,,,,,,,9.089979015305,12.13149923174196,8.740816627567298,9.090091799380007,.2784795849311978,7.81156848934518,8.628734566149145,,1,0,0,0
2023-09-09,2023,9,6,1,0,0,0,0,0,910,1,3679,2606,1180,2083,399,17,305,722,0,331,.3832563196520794,339,436,117972.25,32.06639032345746,23.83333333333333,11.11480362537764,0,prcp_obs,20.1,tmax_aero,9.5,15.4,0,0,0,0,,,0,,,,,,,8.210396255104774,11.6782047062996,7.865571757684791,8.210668031162976,.3207393313400381,7.07326971745971,7.641564441260972,,1,0,0,0
2023-09-10,2023,9,7,1,0,0,0,0,0,911,1,4003,2870,1469,2132,392,10,280,727,0,335,.4339245565825631,340,505,161619.3666666667,40.37456074610709,26.65,11.94925373134328,0,prcp_gsod_aero,19,tmax_gsod_aero,13.8,17.2,0,0,0,0,,,0,,,,,,,8.294799358992574,11.99299926112283,7.962067308753666,8.295049140435111,.3669747689233075,7.292337176173877,7.664815785285735,,1,0,0,0
2023-09-11,2023,9,1,0,0,0,0,0,0,912,1,7493,5245,2078,4740,638,37,351,1499,0,339,.1050313626050981,341,162,154740.6333333333,20.65135904622092,12.93333333333333,22.10324483775811,.508,prcp_gsod_obs,23,tmax_gsod_aero,14.8,17.4,0,0,0,0,,,0,,,,,,,8.92172453036431,11.94950566098206,8.565030520830398,8.921857979353632,.27732550380355,7.639161171659173,8.463792414689122,,1,0,0,0
2023-09-12,2023,9,2,0,0,0,0,0,0,913,1,9484,6644,2738,5829,872,45,315,1510,0,343,.1155630535638971,343,200,166474.0166666667,17.55314389146633,13.48333333333333,27.65014577259475,0,prcp_gsod_aero,23.5,tmax_obs,9.6,14.7,0,0,0,0,,,0,,,,,,,9.157361447185297,12.02259452016857,8.801469470733185,9.157466882369114,.2886967524251371,7.914983005848394,8.67060073804555,,1,0,0,0
2023-09-13,2023,9,3,0,0,0,0,0,0,914,1,10311,7145,3035,6342,876,58,344,1697,0,342,.1197749975754049,342,244,185338.6666666667,17.97484886690589,13.8,30.14912280701755,0,prcp_gsod_aero,20.7,tmax_obs,10.4,14.3,0,0,0,0,,,0,,,,,,,9.240966565517944,12.12994006112898,8.874168090363968,9.241063544619024,.2943458442440112,8.017966703493599,8.754949455098293,,1,0,0,0
2023-09-14,2023,9,4,0,0,0,0,0,0,915,1,10358,7292,2985,6435,883,55,372,1697,0,343,.1315891098667696,343,266,197195.8833333333,19.03802696788312,13.90833333333333,30.19825072886297,0,prcp_gsod_aero,18,tmax_gsod_aero,8.6,14.3,0,0,0,0,,,0,,,,,,,9.245514446983837,12.19195284534116,8.894533135798554,9.245610986058102,.2881830469202549,8.001355025826703,8.769507120030227,,1,0,0,0
2023-09-15,2023,9,5,0,0,0,0,0,0,916,1,10249,7151,3113,6235,851,50,428,1793,0,341,.1460630305395649,341,358,199098.1166666667,19.42610173350245,14.56666666666667,30.05571847507331,0,prcp_gsod_aero,24,tmax_gsod_aero,13.8,19.1,0,0,0,0,,,0,,,,,,,9.234935418831563,12.20155303077433,8.875007486048396,9.235032984566555,.3037369499463362,8.043342170441608,8.737933858114136,,1,0,0,0
2023-09-16,2023,9,6,1,0,0,1,0,0,917,1,4975,3548,1795,2643,508,29,324,841,0,335,.4440201005025126,340,666,175877.8,35.35232160804021,27,14.85074626865672,0,prcp_gsod_aero,26.22222222222223,tmax_gsod_aero,15.6,21.1,0,0,0,0,,,0,,,,,,,8.512180649592693,12.07754471468797,8.17413934342947,8.512381634419015,.3608040201005025,7.492760300922379,7.879669914604289,,1,0,0,0
2023-09-17,2023,9,7,1,0,0,1,0,0,918,1,2031,1538,576,1242,207,6,349,668,0,316,.2919743968488429,335,215,63311.96666666667,31.17280485803381,20.08333333333333,6.427215189873418,1.016,prcp_gsod_obs,27,tmax_obs,14,17.4,0,1,0,0,,,0,,,,,,,7.616283561580385,11.05582963713193,7.338238150065589,7.616775808698373,.2836041358936485,6.356107660695892,7.124478262493424,,1,0,0,0
2023-09-18,2023,9,1,0,0,0,0,0,0,919,1,9971,6938,2985,6022,910,54,285,1568,0,342,.1313810049142513,342,277,187028.1833333333,18.75721425467188,13.91666666666667,29.15497076023392,0,prcp_gsod_aero,19.1,tmax_obs,9.5,14.2,0,0,0,0,,,0,,,,,,,9.207436158828793,12.13901459749314,8.844768827529695,9.207536444643448,.2993681676862903,8.001355025826703,8.703174709041679,,1,0,0,0
2023-09-19,2023,9,2,0,0,0,0,0,0,920,1,9178,6457,2751,5647,738,42,257,1486,0,342,.1181085203748093,343,228,166439.3333333333,18.13459722524878,13.53333333333333,26.83625730994152,0,prcp_gsod_aero,18.6,tmax_obs,9.9,11.4,0,0,0,0,,,0,,,,,,,9.124564594954778,12.02238615764145,8.772920092626467,9.124673545219091,.2997385051209414,7.919719760924575,8.638879709672837,,1,0,0,0
2023-09-20,2023,9,3,0,0,0,0,0,0,921,1,8190,5818,2345,5165,637,43,320,977,0,340,.1120879120879121,342,178,139792.8333333333,17.06872201872202,13.25,24.08823529411765,0,prcp_obs,17,tmax_gsod_aero,14,15.9,0,0,0,0,,,0,,,,,,,9.010669176847115,11.84791684375776,8.668711839055147,9.010791269515602,.2863247863247863,7.76004068088038,8.549660381553739,,1,0,0,0
2023-09-21,2023,9,4,0,0,0,0,0,0,922,1,8476,5965,2477,5259,702,38,299,1674,0,343,.1362671071260028,343,246,168966.15,19.93465667767815,14.33333333333333,24.71137026239067,1,prcp_obs,20,tmax_gsod_aero,15.6,17.7,0,1,0,0,,,0,,,,,,,9.04499391938819,12.03745367798533,8.693664334532016,9.045111892608405,.2922369042000944,7.814803429489359,8.567696173589344,,1,0,0,0
2023-09-22,2023,9,5,0,0,0,0,0,0,923,1,8832,6194,2476,5542,777,37,493,1700,0,343,.1238677536231884,344,240,189067.3666666667,21.40708408816425,13.8,25.74927113702624,0,prcp_obs,19.8,tmax_obs,12,15.1,0,0,0,0,,,0,,,,,,,9.086136768516877,12.14985866792284,8.731336360533149,9.086249986745132,.2803442028985507,7.814399633804487,8.620110725422924,,1,0,0,0
2023-09-23,2023,9,6,1,0,0,0,0,0,924,1,4076,2998,1524,2263,280,9,221,1762,0,330,.3726692836113837,338,716,126761.8166666667,31.09956247955512,22.56666666666667,12.35151515151515,0,prcp_obs,16,tmax_gsod_aero,10.7,14.1,0,0,0,0,,,0,,,,,,,8.312871394342615,11.75006514524734,8.005700678662542,8.313116702819253,.3738959764474976,7.329093736246592,7.724446645633537,,1,0,0,0
2023-09-24,2023,9,7,1,0,0,0,0,0,925,1,4417,3282,1615,2348,438,16,1393,1745,0,331,.4188363142404347,340,811,177082.25,40.09106859859633,25.41666666666667,13.34441087613293,0,prcp_obs,17,tmax_gsod_aero,12.4,14.7,0,0,0,0,,,0,,,,,,,8.393216011596527,12.08436959288688,8.096208271650037,8.393442383980062,.3656327824315146,7.387090235656757,7.761319180947987,,1,0,0,0
2023-09-25,2023,9,1,0,0,0,1,0,0,926,1,9372,6559,2866,5678,767,61,288,1538,0,341,.1425522833973538,342,345,203709.1166666667,21.73592794138569,14.09166666666667,27.48387096774194,0,prcp_gsod_aero,18.2,tmax_obs,10,14.1,0,0,0,0,,,0,,,,,,,9.145481799627687,12.22444835657259,8.788593431293736,9.145588494746486,.3058045241143833,7.960672608388117,8.644354337032917,,1,0,0,0
2023-09-26,2023,9,2,0,0,0,0,0,0,927,1,7003,5044,1971,4433,552,47,232,1384,0,341,.1018135084963587,343,115,128837.1333333333,18.39742015326765,12.58333333333333,20.5366568914956,0,prcp_obs,17.2,tmax_obs,12.4,13.9,0,0,0,0,,,0,,,,,,,8.854093907655518,11.76630435337871,8.52595469708481,8.854236693405742,.281450806797087,7.58629630715272,8.396831834745054,,1,0,0,0
2023-09-27,2023,9,3,0,0,0,0,0,0,928,1,10518,7366,3071,6487,910,50,331,1813,0,341,.1306332002281803,341,314,217085.6166666667,20.63943873993788,14.28333333333333,30.84457478005865,.8,prcp_obs,18.5,tmax_gsod_aero,7.7,13.9,0,0,0,0,,,0,,,,,,,9.260843354149289,12.28804710156045,8.904630097005011,9.260938424739274,.2919756607720099,8.029758520440822,8.777555453213056,,1,0,0,0
2023-09-28,2023,9,4,0,0,0,0,0,0,929,1,10384,7293,3134,6312,891,47,360,1739,0,344,.1386748844375963,345,306,284471.1333333334,27.39513995891115,14.5,30.18604651162791,0,prcp_obs,21.3,tmax_obs,13,16.5,0,0,0,0,,,0,,,,,,,9.248021438943871,12.55838706284294,8.894670262984233,9.248117736310213,.3018104776579353,8.050065422915965,8.750207862525711,,1,0,0,0
2023-09-29,2023,9,5,0,0,0,0,0,0,930,1,10428,7319,3175,6326,873,54,527,1796,0,341,.1469121595703874,343,366,237444.45,22.76989355581128,14.96666666666667,30.58064516129032,0,prcp_gsod_aero,21.2,tmax_obs,11.6,16.6,0,0,0,0,,,0,,,,,,,9.252249775053393,12.37768898036235,8.898228985601227,9.252345666121213,.3044687380130418,8.063062911326792,8.752423403865594,,1,0,0,0
2023-09-30,2023,9,6,1,0,0,0,0,0,931,1,3967,2868,1399,2227,322,19,263,711,0,334,.401814973531636,337,514,159637.9333333333,40.24147550625998,24.38333333333333,11.87724550898204,0,prcp_gsod_aero,21.2,tmax_obs,7.5,13.1,0,0,0,0,,,0,,,,,,,8.285765420514331,11.98066361328417,7.961370201719511,8.286017468404763,.3526594403831611,7.243512974665482,7.708410667257367,,1,0,0,0
2023-10-01,2023,10,7,1,0,0,0,0,0,932,1,4187,3048,1656,2155,361,15,293,682,0,328,.4506806782899451,337,606,171086.3833333333,40.86132871586657,27.38333333333333,12.76524390243903,0,prcp_gsod_aero,18,tmax_gsod_aero,5.9,13.8,0,0,0,0,,,0,,,,,,,8.339739766019143,12.04992387362357,8.022240916806537,8.339978571990427,.3955099116312396,7.412160334945205,7.675546002537848,,1,0,0,0
2023-10-02,2023,10,1,0,0,0,0,0,0,933,1,9754,6901,2988,5921,796,49,363,1699,0,341,.1244617592782448,342,271,197973.8166666667,20.29667999453216,14,28.60410557184751,0,prcp_gsod_aero,21.1,tmax_obs,11,15.1,0,0,0,0,,,0,,,,,,,9.185432736269998,12.19589006187508,8.839421607620603,9.185535253057212,.3063358622103752,8.002359546252707,8.686260632531775,,1,0,0,0
2023-10-03,2023,10,2,0,0,0,0,0,0,934,1,8203,5920,2410,5061,693,39,350,1173,0,338,.1119102767280263,343,191,148336.0666666667,18.08314844162705,13.38333333333333,24.26923076923077,0,prcp_gsod_aero,18.5,tmax_gsod_aero,12.8,16.7,0,0,0,0,,,0,,,,,,,9.01225522000275,11.90723569927679,8.686091727878051,9.012377119192271,.2937949530659515,7.787382026484701,8.529319371214077,,1,0,0,0
2023-10-04,2023,10,3,0,0,0,0,0,0,935,1,10105,7099,2976,6258,828,43,394,1789,0,340,.1151904997525977,341,256,180479.4333333333,17.86040903842982,13.78333333333333,29.72058823529412,3,prcp_obs,19.72222222222222,tmax_gsod_aero,13,15.6,0,1,0,0,,,0,,,,,,,9.220785629837721,12.10337210751149,8.867709208039386,9.220884585851854,.2945076694705591,7.998335395952982,8.741615924228828,,1,0,0,0
2023-10-05,2023,10,4,0,0,0,0,0,0,936,1,10823,7550,3250,6617,896,60,387,1829,0,342,.1311096738427423,343,312,217834.4666666667,20.12699497982691,14.3,31.64619883040936,0,prcp_obs,24,tmax_gsod_aero,10,16.8,0,0,0,0,,,0,,,,,,,9.289428778295147,12.29149072611917,8.92930284224307,9.289521169850625,.3002864270534972,8.086410275323782,8.797397374012059,,1,0,0,0
2023-10-06,2023,10,5,0,0,0,0,0,0,937,1,10612,7361,3181,6429,965,37,524,1979,0,341,.1476630229928383,342,375,221227.0666666667,20.84687774846086,14.81666666666667,31.12023460410557,0,prcp_gsod_aero,26.72222222222222,tmax_gsod_aero,12.9,20.1,0,0,0,0,,,0,,,,,,,9.26974071525763,12.30694490401379,8.903951072058707,9.269834943761822,.2997549943460234,8.064950891749144,8.768574284141687,,1,0,0,0
2023-10-07,2023,10,6,1,0,0,0,0,0,938,1,4781,3380,1671,2567,524,19,323,933,0,337,.4076553022380255,342,585,173007.1166666667,36.18638708777801,25.26666666666667,14.18694362017804,0,prcp_gsod_aero,27.4,tmax_obs,11,17.8,0,0,0,0,,,0,,,,,,,8.472405008626103,12.06108800943536,8.125630988477065,8.47261414801827,.349508471031165,7.421177528595393,7.850493180871141,,1,0,0,0
2023-10-08,2023,10,7,1,0,0,0,0,0,939,1,5505,3812,2112,2852,526,15,368,1152,0,340,.4623069936421435,341,696,209837.9666666667,38.11770511656071,28.13333333333333,16.19117647058824,0,prcp_gsod_aero,24.11111111111111,tmax_gsod_aero,13.8,20.4,0,0,0,0,,,0,,,,,,,8.61341204915678,12.25409092457133,8.245909264774094,8.613593685702552,.3836512261580382,7.655390644826152,7.955775781534187,,1,0,0,0
2023-10-09,2023,10,1,0,0,0,0,0,0,940,1,11309,7829,3452,6787,1027,43,394,2116,0,342,.1387390573879211,342,355,220397.55,19.48868600229906,14.66666666666667,33.06725146198831,0,prcp_gsod_aero,26.11111111111111,tmax_gsod_aero,15.6,23.2,0,0,0,0,,,0,,,,,,,9.333354147871328,12.30318824004666,8.965590066907915,9.333442569110167,.3052436112830489,8.146709052203319,8.822764296703758,,1,0,0,0
2023-10-10,2023,10,2,0,0,0,0,0,0,941,1,10818,7564,3279,6568,931,40,421,1757,0,340,.1308929561841375,342,321,203030.2666666667,18.76781906698712,14.16666666666667,31.81764705882353,0,prcp_gsod_aero,30.4,tmax_obs,17.1,23.2,0,0,0,0,,,0,,,,,,,9.288966692431373,12.22111034379022,8.931155429778348,9.289059126687574,.3031059345535219,8.095293776844649,8.789964651132264,,1,0,0,0
2023-10-11,2023,10,3,0,0,0,0,0,0,942,1,8697,6122,2495,5462,694,46,176,1299,0,342,.1162469817178337,342,159,150884.8833333333,17.34907247709938,13.2,25.42982456140351,10.9,prcp_obs,28.9,tmax_obs,10.6,14.9,0,1,1,0,,,0,,,,,,,9.070733417589766,11.92427246302045,8.719644119505357,9.070848393157585,.2868805335173048,7.822044008185619,8.60557030203365,,1,0,0,0
2023-10-12,2023,10,4,0,0,0,0,0,0,943,1,10190,7093,3027,6180,919,64,357,1590,0,340,.1372914622178607,342,363,227418.1666666667,22.31777886817141,14.325,29.97058823529412,0,prcp_obs,16.6,tmax_obs,4.8,10.6,0,0,0,0,,,0,,,,,,,9.229162126216771,12.33454574570337,8.866863661202087,9.229260256828693,.2970559371933268,8.015327309021719,8.729073550451737,,1,0,0,0
2023-10-13,2023,10,5,0,1,0,0,1,0,944,1,5890,4092,2057,3319,491,23,361,1091,0,338,.3495755517826825,341,669,188881.6833333333,32.06819750990379,21.96666666666667,17.42603550295858,0,prcp_gsod_aero,17,tmax_gsod_aero,8.9,14.4,0,0,0,0,,,0,,,,,,,8.681011276645632,12.14887608390379,8.316789127071518,8.681181041521688,.3492359932088285,7.629003889652958,8.107418811719974,,1,0,0,0
2023-10-14,2023,10,6,1,0,0,0,0,1,945,1,4816,3296,1832,2502,465,17,341,844,0,336,.4354235880398671,339,786,192059.6833333333,39.87950235326689,26.29166666666667,14.33333333333333,0,prcp_gsod_aero,20,tmax_gsod_aero,13.7,17.7,0,0,0,0,,,0,,,,,,,8.479698986988657,12.1655614534003,8.100464891029363,8.479906606630221,.3803986710963455,7.513163545234075,7.824845691026856,,1,0,0,0
2023-10-15,2023,10,7,1,0,0,0,0,1,946,1,4293,3010,1598,2262,424,9,297,762,0,329,.4803167947822036,337,754,164373.7833333333,38.28879183166395,28.83333333333333,13.04863221884498,0,prcp_gsod_aero,21.11111111111111,tmax_gsod_aero,14,18.7,0,0,0,0,,,0,,,,,,,8.364741068224561,12.00989828011237,8.009695357742922,8.364973978438727,.372233869089215,7.37650812632622,7.724004656676065,,1,0,0,0
2023-10-16,2023,10,1,0,1,0,0,1,0,947,1,6004,4217,2259,3225,497,23,419,1186,0,338,.4388740839440373,341,877,226459.8,37.71815456362425,26.85833333333333,17.76331360946746,0,prcp_gsod_aero,23,tmax_gsod_aero,16.8,21.6,0,0,0,0,,,0,,,,,,,8.700181192753353,12.33032272470947,8.346879253746559,8.700347734514084,.3762491672218521,7.722677516468004,8.078688229229872,,1,0,0,0
2023-10-17,2023,10,2,0,0,0,0,0,0,948,1,10149,7092,3111,6161,836,41,317,1590,0,342,.1275002463296877,343,314,189323.6833333333,18.6544175123986,13.81666666666667,29.67543859649123,0,prcp_gsod_aero,28.6,tmax_obs,9,15.8,0,0,0,0,,,0,,,,,,,9.225130457448818,12.15121343942639,8.866722667194098,9.225228984469933,.3065326633165829,8.042699496897637,8.725994381014571,,1,0,0,0
2023-10-18,2023,10,3,0,0,0,0,0,0,949,1,10177,7146,3054,6267,811,45,334,1714,0,342,.1193868527070846,344,258,199740.75,19.62668271592807,13.76666666666667,29.75730994152047,0,prcp_gsod_aero,20.7,tmax_obs,10.7,14.5,0,0,0,0,,,0,,,,,,,9.227885551191932,12.20477555467142,8.874308038583354,9.227983807148778,.300088434705709,8.024207485778577,8.743053050224676,,1,0,0,0
2023-10-19,2023,10,4,0,0,0,0,0,0,950,1,9452,6792,2904,5775,737,36,452,1854,0,348,.1254760897164621,349,285,171362.9833333333,18.12981203272676,14.01666666666667,27.16091954022988,0,prcp_obs,21.7,tmax_aero,14.7,17.2,0,0,0,0,,,0,,,,,,,9.153981638306799,12.0515392952717,8.823500727991183,9.154087430425385,.3072365636902243,7.973844375944687,8.661293535389994,,1,0,0,0
2023-10-20,2023,10,5,0,0,0,0,0,0,951,1,10878,7601,3318,6612,897,51,555,2073,0,351,.137433351719066,352,368,213444.9833333333,19.62171201814059,14.66666666666667,30.99145299145299,0,prcp_obs,22,tmax_gsod_aero,15,19.3,0,0,0,0,,,0,,,,,,,9.294497679982905,12.27113438913799,8.936035096566041,9.294589604421082,.305019305019305,8.10711747075039,8.796641458940915,,1,0,0,0
2023-10-21,2023,10,6,1,0,0,0,0,0,952,1,3848,2737,1318,2153,372,5,384,889,0,338,.3711018711018711,348,392,130623.1166666667,33.94571638946639,23.66666666666667,11.38461538461539,0,prcp_gsod_aero,24.6,tmax_obs,17.2,20.7,0,0,0,0,,,0,,,,,,,8.255308811785596,11.78007148373444,7.914617709040679,8.255568653283746,.3425155925155925,7.183870715062453,7.674617497364363,,1,0,0,0
2023-10-22,2023,10,7,1,0,0,0,0,0,953,1,3075,2172,1102,1595,368,10,257,611,0,335,.4282926829268293,346,356,110638.2,35.97990243902439,25.9,9.17910447761194,0,prcp_obs,23.6,tmax_aero,18.6,22.1,0,0,0,0,,,0,,,,,,,8.031060180240619,11.61402069722582,7.683403681053826,8.031385330625534,.3583739837398374,7.004881989712859,7.374629015218945,,1,0,0,0
2023-10-23,2023,10,1,0,0,0,0,0,0,954,1,4313,3280,1202,2766,330,15,417,1250,0,336,.1061905865986552,348,86,81457.21666666666,18.88644021949146,12.38333333333333,12.83630952380952,3,prcp_obs,27.4,tmax_obs,16.7,18.3,0,1,0,0,,,0,,,,,,,8.369388996647842,11.3078332125198,8.09559870137819,8.369620826949102,.2786923255274751,7.091742115095153,7.925157512224703,,1,0,0,0
2023-10-24,2023,10,2,0,0,0,0,0,0,955,1,10205,7115,2973,6361,832,39,256,1845,0,349,.1242528172464478,352,272,194738.95,19.08269965703087,13.81666666666667,29.2406876790831,14,prcp_obs,19.5,tmax_aero,13,16.7,0,1,1,0,,,0,,,,,,,9.230633075243945,12.17941522271375,8.869960510523953,9.230731061623917,.291327780499755,7.997326822998097,8.757940876678804,,1,0,0,0
2023-10-25,2023,10,3,0,0,0,0,0,0,956,1,11637,8095,3477,7118,994,48,431,2169,0,351,.1350004296640028,352,310,223469.7666666667,19.20338288791498,14.48333333333333,33.15384615384615,0,prcp_obs,19.6,tmax_aero,9.300000000000001,16.3,0,0,0,0,,,0,,,,,,,9.361944956108077,12.31703141170072,8.999001866111735,9.362030885216615,.2987883475122454,8.153925132007862,8.870382066070137,,1,0,0,0
2023-10-26,2023,10,4,0,0,0,0,0,0,957,1,11974,8330,3730,7202,987,55,530,2304,0,350,.1393018206113245,350,373,225841.0833333333,18.86095568175491,14.38333333333333,34.21142857142857,0,prcp_gsod_aero,23,tmax_gsod_aero,13,18.4,0,0,0,0,,,0,,,,,,,9.390492911485298,12.32758685982223,9.027618735160889,9.390576422279116,.3115082679138133,8.224163512637862,8.882114044208821,,1,0,0,0
2023-10-27,2023,10,5,0,0,0,0,0,0,958,1,11400,7953,3455,6883,1010,52,552,2241,0,348,.1457017543859649,350,402,217358.5333333333,19.06653801169591,14.7,32.75862068965517,0,prcp_obs,25,tmax_gsod_aero,17.3,22.2,0,0,0,0,,,0,,,,,,,9.341368634382587,12.28930349643914,8.981304494957135,9.34145634983372,.3030701754385965,8.14757773620177,8.836809882398365,,1,0,0,0
2023-10-28,2023,10,6,1,0,0,0,0,0,959,1,5163,3682,1887,2756,506,14,447,1164,0,340,.4129382142165408,349,629,173118.3,33.53056362579896,25.35,15.18529411764706,0,prcp_gsod_aero,25.72222222222222,tmax_gsod_aero,18.8,23.9,0,0,0,0,,,0,,,,,,,8.549273084879649,12.06173045481385,8.211211361793023,8.549466751966532,.3654851830331203,7.54274354536855,7.92153563213355,,1,0,0,0
2023-10-29,2023,10,7,1,0,0,0,0,0,960,1,4449,3147,1633,2375,430,11,563,1155,0,347,.4104293099572938,351,579,153323.0166666667,34.4623548362928,25.31666666666667,12.82132564841499,4.1,prcp_obs,27.9,tmax_obs,18,22.1,0,1,0,0,,,0,,,,,,,8.400434630806041,11.9403021949249,8.054204897064407,8.400659375160286,.3670487750056192,7.398174092970465,7.772752716468742,,1,0,0,0
2023-10-30,2023,10,1,0,0,0,0,0,0,961,1,9325,6683,2761,5671,858,35,335,1876,0,350,.1338337801608579,351,274,173701.45,18.62750134048257,14.11666666666667,26.64285714285714,8.9,prcp_obs,24,tmax_obs,10.5,16.8,0,1,0,0,,,0,,,,,,,9.140454244512016,12.06509329992032,8.80732226751107,9.140561477368266,.2960857908847185,7.923348211930154,8.643120748014027,,1,0,0,0
2023-10-31,2023,10,2,0,0,0,0,0,0,962,1,5599,4180,1465,3712,401,21,334,1056,0,345,.0878728344347205,349,89,89321.89999999999,15.95318806929809,11.9,16.22898550724638,0,prcp_obs,20.3,tmax_obs,11.6,14.4,0,0,0,0,,,0,,,,,,,8.630343289348893,11.40000197755947,8.338066525518801,8.630521876723241,.2616538667619218,7.289610521451167,8.219326093906091,,1,0,0,0
2023-11-01,2023,11,3,0,0,0,0,0,0,963,1,8901,6325,2510,5622,728,41,327,1489,0,348,.1052690708909111,351,173,187837.9666666667,21.1030183874471,13.26666666666667,25.57758620689655,7.9,prcp_obs,16.8,tmax_aero,10.4,12.8,0,1,0,0,,,0,,,,,,,9.093918908958932,12.14333499074783,8.752265313595721,9.094031249575799,.2819907875519604,7.828038032125829,8.634442751466477,,1,0,0,0
2023-11-02,2023,11,4,0,0,0,0,0,0,964,1,1628,1306,418,1116,86,8,291,820,0,307,.0982800982800983,334,20,26484.41666666667,16.26806920556921,11.55,5.302931596091205,10.9,prcp_obs,15.7,tmax_obs,12.6,14.3,0,1,1,0,,,0,,,,,,,7.395107546562485,10.18431178869045,7.174724309836376,7.395721608602045,.2567567567567567,6.035481432524756,7.017506142941256,,1,0,0,0
2023-11-03,2023,11,5,0,0,0,0,0,0,965,1,7606,5404,2143,4742,679,42,169,1350,0,346,.1279253221141204,349,210,214194.95,28.16131343676045,13.48333333333333,21.98265895953757,52.1,prcp_obs,16.22222222222223,tmax_gsod_aero,12.7,14.7,0,1,1,0,,,0,,,,,,,8.936692688488204,12.27464186062076,8.59489469908009,8.936824154997302,.2817512490139364,7.669961995473577,8.464214266625351,,1,0,0,0
2023-11-04,2023,11,6,1,0,0,0,0,0,966,1,3866,2772,1330,2100,424,12,321,902,0,334,.3755819968960166,346,400,123768.5666666667,32.01463183307467,23.55,11.5748502994012,0,prcp_obs,23,tmax_gsod_aero,8.699999999999999,16.1,0,0,0,0,,,0,,,,,,,8.259975659768276,11.72616870284705,7.927324360309794,8.260234291607297,.3440248318675634,7.1929342212158,7.649692623711514,,1,0,0,0
2023-11-05,2023,11,7,1,0,0,0,0,0,967,1,5034,3507,1808,2678,533,15,357,991,0,345,.4628526023043306,349,735,180173.6666666667,35.79135213878956,28.05,14.59130434782609,0,prcp_gsod_aero,24.9,tmax_obs,14.4,19.6,0,0,0,0,,,0,,,,,,,8.523970175695261,12.1016764795525,8.162516250140179,8.524168805152662,.3591577274533174,7.499976540952122,7.892825526251118,,1,0,0,0
2023-11-06,2023,11,1,0,0,0,0,0,0,968,1,10370,7131,3143,6259,917,51,406,1894,0,350,.135390549662488,350,213,203836.8833333333,19.65640147862424,14.61666666666667,29.62857142857143,0,prcp_gsod_aero,23.4,tmax_aero,16.8,20.6,0,0,0,0,,,0,,,,,,,9.246672301223573,12.22507536147929,8.872206756028303,9.246768728589734,.3030858244937319,8.052933036797567,8.741775706924701,,1,0,0,0
2023-11-07,2023,11,2,0,0,0,0,0,0,969,1,9232,6550,2827,5569,794,42,362,1747,0,349,.1298743500866551,351,249,198458.6333333333,21.49681903523975,13.81666666666667,26.45272206303725,0,prcp_gsod_aero,27.61111111111111,tmax_gsod_aero,18,23.8,0,0,0,0,,,0,,,,,,,9.130430988747881,12.19833596108623,8.787220328629298,9.130539301772627,.3062175043327556,7.946971357693591,8.624970783589669,,1,0,0,0
2023-11-08,2023,11,3,0,0,0,0,0,0,970,1,11547,8063,3543,6940,1011,53,449,2111,0,350,.1437602840564649,351,433,264444.7666666667,22.90159926099131,14.75,32.99142857142857,1,prcp_obs,31.4,tmax_obs,18.2,23.3,0,1,0,0,,,0,,,,,,,9.354180941951857,12.48538768679809,8.995040974685022,9.354267540782825,.3068329436217199,8.172729104865471,8.845057053500851,,1,0,0,0
2023-11-09,2023,11,4,0,0,0,0,0,0,971,1,11664,8242,3562,6991,1060,51,479,2105,0,349,.1500342935528121,350,420,241953.4666666667,20.74360996799269,14.86666666666667,33.42120343839542,0,prcp_obs,27.8,tmax_obs,15.7,20.6,0,0,0,0,,,0,,,,,,,9.36426245424844,12.39650070014803,9.016998311898762,9.36434818445553,.3053840877914952,8.178077463849608,8.852378886511986,,1,0,0,0
2023-11-10,2023,11,5,0,0,0,0,0,0,972,1,4187,3441,1177,2653,341,16,586,916,0,345,.1086696919035109,349,76,82511.39999999999,19.70656794841175,12.75,12.13623188405797,17.018,prcp_gsod_aero,25.5,tmax_obs,17,18,0,1,1,0,,,0,,,,,,,8.339739766019143,11.32069174459473,8.14351740579748,8.339978571990427,.2811081920229281,7.070724107260276,7.88344635413774,,1,0,0,0
2023-11-11,2023,11,6,1,0,0,0,0,0,973,1,4945,3499,1752,2624,551,18,180,990,0,344,.4198179979777553,349,628,184108.6,37.23126390293226,25.63333333333333,14.375,69.09999999999999,prcp_obs,26.5,tmax_gsod_aero,16.1,21.4,0,1,1,0,,,0,,,,,,,8.506132244056813,12.12328107987265,8.160232492367689,8.506334448081361,.3542972699696663,7.468513271496337,7.872455150063979,,1,0,0,0
2023-11-12,2023,11,7,1,0,0,0,0,0,974,1,5142,3639,1887,2695,542,18,569,1065,0,348,.4377674056787242,349,688,178796.2833333333,34.77173927136004,27.2,14.77586206896552,0,prcp_obs,28.4,tmax_obs,17.1,21.3,0,0,0,0,,,0,,,,,,,8.545197387825835,12.09400235477918,8.19946419761216,8.545391845774915,.366977829638273,7.54274354536855,7.899153483343097,,1,0,0,0
2023-11-13,2023,11,1,0,0,0,0,0,0,975,1,10416,7277,3100,6283,982,51,481,1968,0,350,.1376728110599078,351,314,196273.4166666667,18.84345398105479,14.10833333333333,29.76,0,prcp_gsod_aero,25.9,tmax_obs,12.8,17.6,0,0,0,0,,,0,,,,,,,9.251098364448351,12.187263949121,8.892473968347087,9.251194365984448,.2976190476190476,8.039157390473237,8.745602852402946,,1,0,0,0
2023-11-14,2023,11,2,0,0,0,0,0,0,976,1,11850,8216,3545,7205,1053,47,425,2190,0,352,.1414345991561181,352,423,237083.5,20.00704641350211,14.65833333333333,33.66477272727273,0,prcp_gsod_aero,22,tmax_gsod_aero,11.6,18.9,0,0,0,0,,,0,,,,,,,9.380083146563278,12.37616767874202,9.013838751608395,9.380167531188448,.2991561181434599,8.173293438966228,8.882530508433623,,1,0,0,0
2023-11-15,2023,11,3,0,0,0,0,0,0,977,1,10321,7336,3165,6188,921,47,515,1434,0,350,.1259567871330297,351,317,192391.7833333333,18.6408083842005,13.91666666666667,29.48857142857143,0,prcp_gsod_aero,25,tmax_gsod_aero,17,22.3,0,0,0,0,,,0,,,,,,,9.241935933565934,12.1672891101341,8.900549013936301,9.242032818708672,.3066563317507993,8.059908334578276,8.730367211692958,,1,0,0,0
2023-11-16,2023,11,4,0,0,0,0,0,0,978,1,11411,7943,3427,6953,983,48,474,2196,0,349,.1466129173604417,351,338,220602.1666666667,19.33241316858003,14.83333333333333,32.69627507163324,11.9,prcp_obs,27.5,tmax_obs,16,21.1,0,1,1,0,,,0,,,,,,,9.342333081434679,12.3041162074517,8.980046316633132,9.342420712333391,.3003242485321181,8.139440521874608,8.846928500099018,,1,0,0,0
2023-11-17,2023,11,5,0,0,0,0,0,0,979,1,9703,6968,2873,5956,834,40,695,1556,0,351,.1363495826033186,352,305,189298.2166666667,19.50924628121886,14.25,27.64387464387464,0,prcp_obs,27,tmax_gsod_aero,15.3,21.5,0,0,0,0,,,0,,,,,,,9.180190395025299,12.15107891648039,8.849083518532339,9.180293450623886,.2960939915490055,7.96311205897929,8.6921543938039,,1,0,0,0
2023-11-18,2023,11,6,1,0,0,0,0,1,980,1,4283,2986,1492,2422,362,7,322,891,0,345,.4001867849638104,351,402,142228.85,33.20776325005837,24.38333333333333,12.41449275362319,3,prcp_obs,27.9,tmax_obs,17.1,19.6,0,1,0,0,,,0,,,,,,,8.36240897761537,11.86519265903626,8.001689978099135,8.36264243156764,.3483539575064207,7.307872780763706,7.792348924113037,,1,0,0,0
2023-11-19,2023,11,7,1,0,0,0,0,1,981,1,7375,5104,2636,4012,691,36,430,1174,0,350,.3412881355932204,350,790,227687.9,30.87293559322034,22.8,21.07142857142857,0,prcp_obs,28,tmax_gsod_aero,15.2,21.4,0,0,0,0,,,0,,,,,,,8.905851181208021,12.33573111054323,8.537779825024625,8.905986765236429,.3574237288135593,7.877017895622398,8.297045149081827,,1,0,0,0
2023-11-20,2023,11,1,0,1,0,0,1,0,982,1,6537,4525,2383,3572,561,21,556,1585,0,346,.3812146244454643,351,858,224084.4333333333,34.27939931671001,24.03333333333334,18.89306358381503,0,prcp_gsod_aero,29,tmax_gsod_aero,16.7,24.2,0,0,0,0,,,0,,,,,,,8.785233623612729,12.31977819433902,8.417372856134026,8.785386587284156,.3645403090102494,7.776115477098742,8.18088094199639,,1,0,0,0
2023-11-21,2023,11,2,0,0,0,0,0,0,983,1,9011,6420,2715,5500,761,35,544,1672,0,351,.1363888580623682,351,304,169624.75,18.82418710464987,13.83333333333333,25.67236467236467,0,prcp_gsod_aero,31.2,tmax_obs,19,24.8,0,0,0,0,,,0,,,,,,,9.106201332235038,12.04134392329673,8.767173396684006,9.106312301552135,.3012984130507158,7.906547232368036,8.612503371220562,,1,0,0,0
2023-11-22,2023,11,3,0,0,0,0,0,0,984,1,12823,8888,3863,7778,1132,50,695,2589,0,351,.1470794665834828,352,489,260681.15,20.32918583794744,14.96666666666667,36.53276353276353,2,prcp_obs,29.2,tmax_obs,16.8,21.3,0,1,0,0,,,0,,,,,,,9.458995712459116,12.47105329197564,9.092457331319466,9.459073694289389,.3012555564220541,8.259199362666282,8.959054514715692,,1,0,0,0
2023-11-23,2023,11,4,0,0,0,0,0,0,985,1,12107,8403,3584,7357,1119,47,669,2564,0,350,.15156521020897,350,469,241069.45,19.9115759477988,15.08333333333333,34.59142857142857,0,prcp_obs,30.22222222222223,tmax_gsod_aero,19.1,24.3,0,0,0,0,,,0,,,,,,,9.40153907670774,12.39284034523242,9.036344063928219,9.401621670141608,.2960270917650946,8.18423477409482,8.903407519932264,,1,0,0,0
2023-11-24,2023,11,5,0,0,0,0,0,0,986,1,11808,8187,3513,7190,1069,36,662,2334,0,350,.1689532520325203,350,566,244225.3166666667,20.68303833559169,15.33333333333333,33.73714285714286,0,prcp_gsod_aero,30.7,tmax_obs,16.4,21.2,0,0,0,0,,,0,,,,,,,9.376532546840254,12.40584650713886,9.010302809376448,9.376617231601282,.297510162601626,8.164225652265827,8.880446450715093,,1,0,0,0
2023-11-25,2023,11,6,1,0,0,0,0,0,987,1,5764,3901,1899,3317,537,11,453,1262,0,342,.4458709229701596,344,858,208149.55,36.11199687716863,27.175,16.85380116959064,0,prcp_gsod_aero,24,tmax_gsod_aero,17.4,22,0,0,0,0,,,0,,,,,,,8.659386957119413,12.24601209071831,8.268988209506656,8.659560432703159,.3294587092297016,7.549082710812286,8.106816038947052,,1,0,0,0
2023-11-26,2023,11,7,1,0,0,0,0,0,988,1,5568,3920,1970,2993,592,13,684,1522,0,342,.4673132183908046,349,817,214656.25,38.55176903735632,28.45,16.28070175438597,0,prcp_gsod_aero,27,tmax_gsod_aero,19.9,24.3,0,0,0,0,,,0,,,,,,,8.624791202014256,12.27679319039629,8.273846932784508,8.624970783589669,.3538074712643678,7.585788821732034,8.0040315078527,,1,0,0,0
2023-11-27,2023,11,1,0,0,0,0,0,0,989,1,11127,7812,3436,6609,1028,54,744,2546,0,351,.1647344297654354,351,525,232198.3666666667,20.86801174320721,15.1,31.7008547008547,0,prcp_gsod_aero,29,tmax_gsod_aero,21.1,26.1,0,0,0,0,,,0,,,,,,,9.3171298661577,12.35534731405524,8.96341629199657,9.317219733603279,.3087984182618855,8.142063283104147,8.796187635470453,,1,0,0,0
2023-11-28,2023,11,2,0,0,0,0,0,0,990,1,11443,8035,3501,6905,991,46,572,2469,0,352,.1506597920125841,353,382,229513.3333333333,20.05709458475342,14.81666666666667,32.50852272727273,0,prcp_gsod_aero,31,tmax_obs,22,25.8,0,0,0,0,,,0,,,,,,,9.345133468317714,12.34371640410815,8.991562278171614,9.345220854170002,.3059512365638382,8.160803920954665,8.840001065843392,,1,0,0,0
2023-11-29,2023,11,3,0,0,0,0,0,0,991,1,9915,7149,3020,6063,801,31,603,2309,0,353,.1340393343419062,353,272,190627.4166666667,19.22616406118675,14.55,28.08781869688385,1,prcp_obs,30.8,tmax_obs,19.6,24.5,0,1,0,0,,,0,,,,,,,9.201804040953896,12.15807610385908,8.874727765766853,9.201904893155081,.3045890065557236,8.013012110368916,8.70996000607173,,1,0,0,0
2023-11-30,2023,11,4,0,0,0,0,0,0,992,1,11375,7969,3491,6888,954,42,626,2408,0,350,.1429450549450549,352,343,236351.0833333333,20.77811721611722,14.75,32.5,1,prcp_obs,27,tmax_gsod_aero,17.9,24.3,0,1,0,0,,,0,,,,,,,9.33917324381915,12.37307361980865,8.983314293397749,9.339261152043022,.3069010989010989,8.157943507105037,8.837536046107568,,1,0,0,0
2023-12-01,2023,12,5,0,0,0,0,0,0,993,1,5832,4437,1629,3755,429,19,729,2024,0,349,.1359739368998628,352,148,110845.3833333333,19.00641003657979,13.70833333333333,16.71060171919771,0,prcp_obs,30.3,tmax_obs,21,24.3,0,0,0,0,,,0,,,,,,,8.671115273688494,11.61589156630466,8.39773375137891,8.671286726753637,.279320987654321,7.395721608602045,8.230843564198235,,1,0,0,0
2023-12-02,2023,12,6,1,0,0,0,0,0,994,1,4503,3118,1461,2567,456,19,458,1221,0,339,.398623140128803,346,529,143780.1833333333,31.92986527500185,24.55,13.28318584070797,34,prcp_obs,28,tmax_gsod_aero,17.7,23.4,0,1,1,0,,,0,,,,,,,8.412499120301572,11.87604090763326,8.044947049617722,8.412721169819527,.3244503664223851,7.2868764117507,7.850493180871141,,1,0,0,0
2023-12-03,2023,12,7,1,0,0,0,0,0,995,1,2720,2009,811,1685,216,8,577,1012,0,328,.3797794117647059,338,339,88059.71666666666,32.37489583333333,23.375,8.292682926829269,2,prcp_obs,30.4,tmax_obs,14,17.8,0,1,0,0,,,0,,,,,,,7.908387159290043,11.38577046180135,7.605392364814935,7.908754738783246,.2981617647058824,6.698268054115413,7.429520842786462,,1,0,0,0
2023-12-04,2023,12,1,0,0,0,0,0,0,996,1,10196,7180,3145,6162,836,53,506,1937,0,351,.1305413887799137,351,324,190616.0166666667,18.69517621289394,14.31666666666667,29.04843304843305,.8,prcp_obs,21,tmax_gsod_aero,13.3,17.9,0,0,0,0,,,0,,,,,,,9.229750765496005,12.1580162995503,8.87905466204227,9.229848838364227,.3084542958022754,8.053569169134541,8.726156679156613,,1,0,0,0
2023-12-05,2023,12,2,0,0,0,0,0,0,997,1,7099,5252,2037,4402,630,30,457,877,0,352,.1166361459360473,352,189,134378.5,18.92921538244823,13.3,20.16761363636364,0,prcp_obs,23,tmax_gsod_aero,16.3,19.5,0,0,0,0,,,0,,,,,,,8.867709208039386,11.80841572403649,8.566364235422688,8.867850063029406,.2869418227919425,7.619233416226805,8.389814262086407,,1,0,0,0
2023-12-06,2023,12,3,0,0,0,0,0,0,998,1,5897,4365,1704,3686,476,31,259,1254,0,349,.1226047142614889,351,127,118177.2333333333,20.04022949522356,13.48333333333333,16.89684813753582,19.1,prcp_obs,24.2,tmax_obs,19.4,21.2,0,1,1,0,,,0,,,,,,,8.682199026000504,11.67994075400906,8.381373468273702,8.682368589375221,.288960488383924,7.440733707389261,8.212297138229769,,1,0,0,0
2023-12-07,2023,12,4,0,0,0,0,0,0,999,1,10190,7163,2945,6287,921,37,484,2107,0,350,.1378802747791953,352,324,201072.5333333333,19.73233889434086,14.75,29.11428571428571,14,prcp_obs,24,tmax_gsod_aero,16.5,20.4,0,1,1,0,,,0,,,,,,,9.229162126216771,12.21142098430095,8.876684166614451,9.229260256828693,.28900883218842,7.987864096085687,8.746239288383061,,1,0,0,0
2023-12-08,2023,12,5,0,1,0,0,1,0,1000,1,4974,3504,1678,2774,506,16,536,1295,0,342,.4093285082428629,350,604,164564.1833333333,33.08487803243533,24.83333333333333,14.54385964912281,0,prcp_obs,25.5,tmax_obs,16.2,21.2,0,0,0,0,,,0,,,,,,,8.511979624363351,12.01105594532928,8.161660452056282,8.512180649592693,.3373542420587053,7.425357887027151,7.928045600874777,,1,0,0,0
2023-12-09,2023,12,6,1,0,0,0,0,1,1001,1,4460,3076,1484,2532,427,17,488,1116,0,343,.392152466367713,349,511,139350.6333333333,31.24453662182362,24.16666666666667,13.00291545189504,0,prcp_gsod_aero,23.5,tmax_aero,17.5,21.2,0,0,0,0,,,0,,,,,,,8.402904045014109,11.84474857781066,8.031385330625534,8.403128235128264,.3327354260089686,7.302496423727326,7.836764783264067,,1,0,0,0
2023-12-10,2023,12,7,1,0,0,0,0,1,1002,1,4833,3359,1648,2657,502,26,484,1323,0,343,.4558245396234223,346,648,171965.75,35.58157459135113,27.81666666666667,14.09037900874636,0,prcp_obs,26,tmax_gsod_aero,18.4,23.4,0,0,0,0,,,0,,,,,,,8.483222671845084,12.05505060806002,8.119398589612294,8.483429561263428,.3409890337264639,7.407317710469417,7.884952945759814,,1,0,0,0
2023-12-11,2023,12,1,0,0,0,0,0,0,1003,1,10927,7488,3259,6663,958,47,514,2378,0,351,.1459687013818981,352,307,217364.0833333333,19.89238430798328,14.7,31.13105413105413,0,prcp_gsod_aero,28,tmax_gsod_aero,20.8,25.2,0,0,0,0,,,0,,,,,,,9.298992069570746,12.2893290299623,8.921057018157429,9.299083581810571,.2982520362405052,8.089175678837561,8.804325112562538,,1,0,0,0
2023-12-12,2023,12,2,0,0,0,0,0,0,1004,1,10179,7082,2994,6233,917,35,592,2356,0,350,.1502112191767364,351,284,202090.4,19.85365949503881,14.65,29.08285714285714,0,prcp_gsod_aero,31,tmax_gsod_aero,22.3,27.7,0,0,0,0,,,0,,,,,,,9.22808205345234,12.21647040102648,8.865311632671849,9.228180290104513,.2941349837901562,8.004365564979574,8.737613036808851,,1,0,0,0
2023-12-13,2023,12,3,0,0,0,0,0,0,1005,1,9078,6438,2642,5569,833,34,553,2193,0,353,.144965851509143,353,239,171082.85,18.84587464199163,14.78333333333333,25.71671388101983,3,prcp_obs,33.3,tmax_obs,22.8,27.6,0,1,0,0,,,0,,,,,,,9.113609183016411,12.04990322107513,8.769973211858753,9.113719333371757,.2910332672394801,7.879291485082271,8.624970783589669,,1,0,0,0
2023-12-14,2023,12,4,0,0,0,0,0,0,1006,1,10336,7173,3046,6337,917,36,616,2258,0,351,.1347716718266254,353,262,193521.1333333333,18.72301986584107,14.3,29.44729344729345,0,prcp_obs,32.1,tmax_obs,21.4,25.1,0,0,0,0,,,0,,,,,,,9.243388226022383,12.17314200168126,8.878079256126435,9.243484970568485,.2946981424148607,8.021584533455107,8.754160749323518,,1,0,0,0
2023-12-15,2023,12,5,0,0,0,0,0,0,1007,1,9578,6712,2809,5845,882,42,659,2246,0,347,.1456462727082898,353,282,187665.6166666667,19.5934032853066,14.74166666666667,27.60230547550432,0,prcp_gsod_aero,28,tmax_gsod_aero,24.2,27.1,0,0,0,0,,,0,,,,,,,9.167224080902555,12.14241702341142,8.811652248147043,9.167328481382892,.2932762580914596,7.940583827104244,8.673341873906169,,1,0,0,0
2023-12-16,2023,12,6,1,0,0,0,0,0,1008,1,3616,2578,1119,2115,374,8,573,1238,0,342,.3586836283185841,349,320,110131.2666666667,30.45665560471976,21.81666666666667,10.57309941520468,0,prcp_gsod_aero,30,tmax_gsod_aero,24.4,27.7,0,0,0,0,,,0,,,,,,,8.193123721512068,11.60942826665161,7.854769183499132,8.193400231952097,.3094579646017699,7.020190708311925,7.656810091480378,,1,0,0,0
2023-12-17,2023,12,7,1,0,0,0,0,0,1009,1,1792,1391,540,1111,135,6,429,917,0,325,.3766741071428572,339,142,59301.31666666667,33.09225260416667,23.28333333333334,5.513846153846154,38.1,prcp_obs,31.5,tmax_obs,19,23.4,0,1,1,0,,,0,,,,,,,7.491087593534876,10.99038678822443,7.237778191923443,7.491645473605133,.3013392857142857,6.29156913955832,7.01301578963963,,1,0,0,0
2023-12-18,2023,12,1,0,0,0,0,0,0,1010,1,5551,4163,1541,3547,441,22,498,1698,0,346,.1388938929922537,348,108,107230.55,19.31733921815889,14.23333333333333,16.04335260115607,11.9,prcp_obs,23.2,tmax_obs,17,19.5,0,1,1,0,,,0,,,,,,,8.621733370690162,11.58273646836265,8.333991247194975,8.62191350218664,.277607638263376,7.340186835320115,8.173857454773621,,1,0,0,0
2023-12-19,2023,12,2,0,0,0,0,0,0,1011,1,9281,6565,2694,5703,842,42,437,1826,0,344,.1564486585497253,351,245,200772.0166666667,21.63258449161369,14.71666666666667,26.9796511627907,13,prcp_obs,21.4,tmax_obs,12.1,17.2,0,1,1,0,,,0,,,,,,,9.135724578595394,12.20992529785857,8.789507786736897,9.135832319801121,.2902704449951514,7.898782356970309,8.648747631156539,,1,0,0,0
2023-12-20,2023,12,3,0,0,0,0,0,0,1012,1,9445,6612,2835,5744,825,41,549,2038,0,346,.152779248279513,349,283,189594.05,20.07348332451032,15.43333333333333,27.29768786127168,0,prcp_obs,23,tmax_gsod_aero,15.8,20.4,0,0,0,0,,,0,,,,,,,9.15324077993561,12.1526404864541,8.796641458940915,9.153346650456063,.3001588141874008,7.949797216161852,8.655911110728059,,1,0,0,0
2023-12-21,2023,12,4,0,0,0,0,0,0,1013,1,9987,6929,2939,6139,874,35,762,2328,0,353,.1612095724441774,355,306,206167.0666666667,20.64354327292147,15.23333333333333,28.29178470254957,0,prcp_obs,26,tmax_gsod_aero,18.3,23.8,0,0,0,0,,,0,,,,,,,9.209039526243135,12.23644212232254,8.843470781627381,9.209139651399664,.2942825673375388,7.985824666418917,8.722417141427496,,1,0,0,0
2023-12-22,2023,12,5,0,0,0,0,0,0,1014,1,8896,6208,2624,5454,765,53,782,2141,0,350,.1517535971223022,353,230,176131.7666666667,19.79898456235012,14.9,25.41714285714286,0,prcp_gsod_aero,29.5,tmax_obs,18.6,23.9,0,0,0,0,,,0,,,,,,,9.093357016490364,12.07898766814595,8.733594061863055,9.093469420244768,.2949640287769784,7.872455150063979,8.604104563405533,,1,0,0,0
2023-12-23,2023,12,6,1,0,0,0,0,1,1015,1,3149,2177,992,1849,296,12,425,998,0,342,.3550333439187043,346,214,100966.9833333333,32.0631893722875,21.8,9.207602339181287,0,prcp_gsod_aero,29,tmax_gsod_aero,20.6,26.2,0,0,0,0,,,0,,,,,,,8.054840221101024,11.52254884469093,7.685703061234547,8.055157731819678,.3150206414734836,6.899723107284872,7.522400231387125,,1,0,0,0
2023-12-24,2023,12,7,1,0,0,0,0,1,1016,1,2020,1486,563,1166,284,7,391,630,0,320,.3252475247524753,338,150,59892.71666666667,29.6498597359736,20.71666666666667,6.3125,1.016,prcp_gsod_obs,31.8,tmax_obs,21,24.4,0,1,0,0,,,0,,,,,,,7.61085279039525,11.00031018516923,7.303843225277705,7.611347717403621,.2787128712871287,6.333279628139691,7.061334366910438,,1,0,0,0
2023-12-25,2023,12,1,0,1,0,0,1,0,1017,1,3838,2650,1241,1875,708,14,275,1022,0,339,.5080771235018239,346,654,152822.75,39.81832985930172,30.44166666666667,11.32153392330384,8.9,prcp_obs,26.8,tmax_obs,18.8,23.1,0,1,0,0,,,0,,,,,,,8.252706676567645,11.93703403206648,7.882314918980268,8.252967195000798,.3233454924439813,7.123672785204607,7.536363938404511,,1,0,0,0
2023-12-26,2023,12,2,0,0,0,0,0,0,1018,1,9349,6384,2914,5489,909,37,319,2002,0,351,.1806610332655899,353,383,201402.95,21.54272649481228,16.03333333333334,26.63532763532763,0,prcp_obs,26.7,tmax_aero,12,21,0,0,0,0,,,0,,,,,,,9.143024664691316,12.21306290662705,8.761550139129644,9.143131622282732,.311691089956145,7.97728198675515,8.610501368549889,,1,0,0,0
2023-12-27,2023,12,3,0,0,0,0,0,0,1019,1,9653,6589,2956,5670,992,35,618,2264,0,352,.1799440588418108,353,355,204578.95,21.19330260022791,15.93333333333333,27.42329545454545,0,prcp_gsod_aero,28.27777777777778,tmax_gsod_aero,18.1,24.3,0,0,0,0,,,0,,,,,,,9.175024026848615,12.22870924353131,8.793156870913819,9.175127616220438,.3062260437169792,7.991592282068092,8.642944396721799,,1,0,0,0
2023-12-28,2023,12,4,0,0,0,0,0,0,1020,1,8842,6079,2617,5310,876,39,477,1886,0,352,.1602578602126216,354,330,178477.65,20.18521262157883,15.50833333333333,25.11931818181818,6.1,prcp_obs,31,tmax_gsod_aero,20,26.5,0,1,0,0,,,0,,,,,,,9.087268374386188,12.09221866227836,8.712595487748722,9.087381464575735,.2959737615923999,7.869783902530146,8.577347114235984,,1,0,0,0
2023-12-29,2023,12,5,0,0,0,0,0,0,1021,1,8470,5813,2541,4990,901,38,660,1893,0,351,.1748524203069658,352,338,180156.25,21.26992325855962,16.01666666666667,24.13105413105413,0,prcp_obs,31.5,tmax_obs,19.9,24.8,0,0,0,0,,,0,,,,,,,9.0442857876461,12.10157980888557,8.66785206770135,9.044403844431551,.3,7.840312983320164,8.515191188745565,,1,0,0,0
2023-12-30,2023,12,6,1,0,0,0,0,0,1022,1,3709,2568,1141,1988,558,22,320,961,0,346,.4001078457805338,351,373,121293.4833333333,32.70247595937808,24.5,10.71965317919075,0,prcp_gsod_aero,27,tmax_obs,12.5,20.7,0,0,0,0,,,0,,,,,,,8.218517577489591,11.70596836993856,7.850882664809852,8.218787155601481,.3076300889727689,7.039660349862076,7.59488438721652,,1,0,0,0
2023-12-31,2023,12,7,1,0,0,0,0,0,1023,1,2874,2055,809,1499,559,7,365,716,0,334,.4213639526791927,343,355,99577.45,34.64768615170495,25.16666666666667,8.604790419161677,0,prcp_gsod_aero,26,tmax_gsod_aero,19.9,23.8,0,0,0,0,,,0,,,,,,,7.96346006663897,11.50869101231658,7.628031126930335,7.963807953231451,.2814892136395268,6.695798917058491,7.312553498102598,,1,0,0,0
